ID_Venda,Data_Venda,Mes,Dia_da_Semana,Regiao,Estado,Cidade,Categoria_Produto,Produto,Quantidade,Preco_Unitario,Desconto_Percentual,Valor_Bruto,Valor_Desconto,Valor_Total,Custo_Produto,Lucro,Margem_Lucro,Vendedor,Canal_Venda,Forma_Pagamento,Status_Venda,Avaliacao_Cliente
VND-000001,2024-01-01,Janeiro,Segunda-feira,Nordeste,Pernambuco,Caruaru,Esportes,Tênis de Corrida,2,326.25,0.1054,652.5,68.77,583.73,342.2,241.53,0.4138,Beatriz Santos,Aplicativo,PIX,Concluída,2
VND-000002,2024-01-01,Janeiro,Segunda-feira,Sudeste,Rio de Janeiro,Rio de Janeiro,Escritório,Kit Canetas Executivas,1,94.72,0.1266,94.72,11.99,82.73,32,50.73,0.6132,Juliana Rocha,Marketplace,Boleto,Concluída,4
VND-000003,2024-01-01,Janeiro,Segunda-feira,Centro-Oeste,Mato Grosso,Várzea Grande,Esportes,Garrafa Térmica Esportiva,3,72.91,0.1109,218.73,24.26,194.47,80.19,114.28,0.5876,Ana Souza,Site,PIX,Concluída,5
VND-000004,2024-01-02,Janeiro,Terça-feira,Centro-Oeste,Goiás,Goiânia,Acessórios,Relógio Analógico,2,376.03,0.0267,752.06,20.08,731.98,312.72,419.26,0.5728,Beatriz Santos,Site,PIX,Cancelada,
VND-000005,2024-01-02,Janeiro,Terça-feira,Sudeste,Rio de Janeiro,Niterói,Vestuário,Calça Jeans,3,132.38,0.0699,397.14,27.76,369.38,173.04,196.34,0.5315,Carlos Pereira,Marketplace,Cartão de Crédito,Concluída,5
VND-000006,2024-01-03,Janeiro,Quarta-feira,Centro-Oeste,Mato Grosso,Cuiabá,Vestuário,Vestido Casual,3,146.18,0.0539,438.54,23.64,414.9,165.48,249.42,0.6012,Camila Ferreira,Site,PIX,Devolvida,3
VND-000007,2024-01-03,Janeiro,Quarta-feira,Centro-Oeste,Mato Grosso do Sul,Dourados,Eletrônicos,Caixa de Som Portátil,2,220.35,0.1685,440.7,74.26,366.44,245.34,121.1,0.3305,Camila Ferreira,Marketplace,Cartão de Crédito,Concluída,3
VND-000008,2024-01-03,Janeiro,Quarta-feira,Sudeste,Espírito Santo,Vila Velha,Casa,Liquidificador,2,181.92,0.0404,363.84,14.7,349.14,176.94,172.2,0.4932,Fernanda Lima,Aplicativo,PIX,Concluída,4
VND-000009,2024-01-04,Janeiro,Quinta-feira,Nordeste,Pernambuco,Caruaru,Casa,Aspirador de Pó,5,396.19,0.1726,1980.95,341.91,1639.04,1112.45,526.59,0.3213,Lucas Martins,Loja Física,Cartão de Crédito,Concluída,3
VND-000010,2024-01-04,Janeiro,Quinta-feira,Norte,Amazonas,Parintins,Casa,Panela Elétrica de Arroz,4,223.31,0.0947,893.24,84.59,808.65,485,323.65,0.4002,Camila Ferreira,Loja Física,PIX,Concluída,4
VND-000011,2024-01-04,Janeiro,Quinta-feira,Sul,Santa Catarina,Joinville,Eletrônicos,Smartwatch,2,419.17,0.0537,838.34,45.02,793.32,514.14,279.18,0.3519,Rafael Costa,Site,PIX,Concluída,4
VND-000012,2024-01-04,Janeiro,Quinta-feira,Sul,Rio Grande do Sul,Caxias do Sul,Escritório,Papel A4 (pacote),6,25.3,0.0911,151.8,13.83,137.97,91.86,46.11,0.3342,Bruno Alves,Aplicativo,Cartão de Crédito,Concluída,4
VND-000013,2024-01-05,Janeiro,Sexta-feira,Sudeste,Rio de Janeiro,Rio de Janeiro,Eletrônicos,Smartphone X200,1,1774.1,0.021,1774.1,37.26,1736.84,1191.08,545.76,0.3142,Juliana Rocha,Site,Boleto,Concluída,5
VND-000014,2024-01-05,Janeiro,Sexta-feira,Sudeste,Minas Gerais,Contagem,Acessórios,Mochila Executiva,3,217.5,0.0438,652.5,28.58,623.92,264.18,359.74,0.5766,Ana Souza,Aplicativo,Cartão de Débito,Concluída,4
VND-000015,2024-01-05,Janeiro,Sexta-feira,Nordeste,Pernambuco,Caruaru,Informática,HD Externo 1TB,2,303.99,0.0821,607.98,49.92,558.06,392.66,165.4,0.2964,Diego Ribeiro,Marketplace,Cartão de Crédito,Concluída,3
VND-000016,2024-01-05,Janeiro,Sexta-feira,Sul,Rio Grande do Sul,Caxias do Sul,Acessórios,Relógio Analógico,1,352.73,0.0601,352.73,21.2,331.53,149.24,182.29,0.5498,Juliana Rocha,Loja Física,Cartão de Crédito,Concluída,4
VND-000017,2024-01-06,Janeiro,Sábado,Sudeste,Rio de Janeiro,Rio de Janeiro,Vestuário,Jaqueta Corta-Vento,1,222.43,0.0914,222.43,20.33,202.1,102.64,99.46,0.4921,Rafael Costa,Aplicativo,Cartão de Crédito,Concluída,5
VND-000018,2024-01-06,Janeiro,Sábado,Sul,Santa Catarina,Florianópolis,Vestuário,Camiseta Básica,8,53.25,0.0956,426,40.73,385.27,137.52,247.75,0.6431,Bruno Alves,Aplicativo,Cartão de Crédito,Concluída,5
VND-000019,2024-01-06,Janeiro,Sábado,Sudeste,São Paulo,Santos,Eletrônicos,Smart TV 50,1,2235.42,0.0549,2235.42,122.72,2112.7,1669.02,443.68,0.21,Juliana Rocha,Loja Física,Dinheiro,Concluída,5
VND-000020,2024-01-06,Janeiro,Sábado,Sudeste,Minas Gerais,Uberlândia,Escritório,Kit Canetas Executivas,2,91.06,0.0342,182.12,6.23,175.89,62.58,113.31,0.6442,Lucas Martins,Site,Cartão de Crédito,Concluída,4
VND-000021,2024-01-07,Janeiro,Domingo,Sudeste,Minas Gerais,Contagem,Eletrônicos,Caixa de Som Portátil,1,220.99,0.0497,220.99,10.98,210.01,131.85,78.16,0.3722,Ana Souza,Loja Física,PIX,Concluída,4
VND-000022,2024-01-08,Janeiro,Segunda-feira,Sul,Santa Catarina,Florianópolis,Casa,Jogo de Cama Queen,2,155.74,0.0831,311.48,25.88,285.6,126.14,159.46,0.5583,Lucas Martins,Aplicativo,PIX,Concluída,4
VND-000023,2024-01-08,Janeiro,Segunda-feira,Norte,Rondônia,Ji-Paraná,Eletrônicos,Fone Bluetooth,2,152.41,0.1222,304.82,37.25,267.57,167.58,99.99,0.3737,Camila Ferreira,Marketplace,PIX,Concluída,3
VND-000024,2024-01-08,Janeiro,Segunda-feira,Sul,Paraná,Londrina,Esportes,Garrafa Térmica Esportiva,1,71.05,0.1205,71.05,8.56,62.49,26.56,35.93,0.575,Ana Souza,Site,PIX,Concluída,3
VND-000025,2024-01-09,Janeiro,Terça-feira,Sudeste,Minas Gerais,Uberlândia,Casa,Air Fryer,2,359.42,0.0483,718.84,34.72,684.12,416.1,268.02,0.3918,Diego Ribeiro,Loja Física,Cartão de Crédito,Concluída,3
VND-000026,2024-01-09,Janeiro,Terça-feira,Sudeste,São Paulo,São Paulo,Casa,Air Fryer,3,363.33,0.0759,1089.99,82.73,1007.26,593.31,413.95,0.411,Ana Souza,Site,PIX,Concluída,3
VND-000027,2024-01-10,Janeiro,Quarta-feira,Norte,Amazonas,Parintins,Esportes,Tênis de Corrida,3,304.76,0.1286,914.28,117.58,796.7,462.3,334.4,0.4197,Marcos Oliveira,Site,PIX,Concluída,2
VND-000028,2024-01-10,Janeiro,Quarta-feira,Centro-Oeste,Mato Grosso do Sul,Campo Grande,Casa,Air Fryer,1,360.69,0.0079,360.69,2.85,357.84,202.71,155.13,0.4335,Ana Souza,Aplicativo,Cartão de Débito,Concluída,4
VND-000029,2024-01-10,Janeiro,Quarta-feira,Sudeste,São Paulo,Santos,Acessórios,Mochila Executiva,3,220.75,0.0629,662.25,41.66,620.59,248.13,372.46,0.6002,Diego Ribeiro,Loja Física,Cartão de Crédito,Concluída,4
VND-000030,2024-01-10,Janeiro,Quarta-feira,Norte,Amazonas,Manaus,Acessórios,Cinto de Couro,2,96.09,0.0143,192.18,2.75,189.43,68.24,121.19,0.6398,Ana Souza,Loja Física,Cartão de Crédito,Concluída,5
VND-000031,2024-01-11,Janeiro,Quinta-feira,Centro-Oeste,Goiás,Anápolis,Informática,Monitor 24,1,772.56,0.089,772.56,68.76,703.8,489.52,214.28,0.3045,Marcos Oliveira,Aplicativo,Cartão de Crédito,Concluída,4
VND-000032,2024-01-11,Janeiro,Quinta-feira,Centro-Oeste,Mato Grosso do Sul,Campo Grande,Informática,Monitor 24,3,715.68,0.068,2147.04,146,2001.04,1393.86,607.18,0.3034,Bruno Alves,Loja Física,Cartão de Crédito,Concluída,4
VND-000033,2024-01-12,Janeiro,Sexta-feira,Nordeste,Ceará,Fortaleza,Casa,Air Fryer,2,341.22,0.0352,682.44,24.02,658.42,369.98,288.44,0.4381,Fernanda Lima,Loja Física,Cartão de Crédito,Concluída,4
VND-000034,2024-01-13,Janeiro,Sábado,Sul,Paraná,Londrina,Informática,Pen Drive 64GB,5,38.59,0.1091,192.95,21.05,171.9,98.85,73.05,0.425,Marcos Oliveira,Site,Cartão de Crédito,Concluída,3
VND-000035,2024-01-13,Janeiro,Sábado,Norte,Amazonas,Parintins,Informática,HD Externo 1TB,5,321.68,0.0965,1608.4,155.21,1453.19,979.75,473.44,0.3258,Camila Ferreira,Loja Física,Cartão de Débito,Concluída,4
VND-000036,2024-01-13,Janeiro,Sábado,Centro-Oeste,Mato Grosso do Sul,Campo Grande,Esportes,Bola de Futebol,2,88.8,0.0196,177.6,3.48,174.12,66.2,107.92,0.6198,Rafael Costa,Site,Cartão de Crédito,Concluída,3
VND-000037,2024-01-13,Janeiro,Sábado,Sudeste,Rio de Janeiro,Niterói,Vestuário,Calça Jeans,1,130.25,0.0385,130.25,5.01,125.24,52.18,73.06,0.5834,Rafael Costa,Aplicativo,PIX,Concluída,5
VND-000038,2024-01-13,Janeiro,Sábado,Sul,Rio Grande do Sul,Porto Alegre,Informática,Monitor 24,1,734.9,0.1062,734.9,78.05,656.85,458.75,198.1,0.3016,Juliana Rocha,Marketplace,Boleto,Concluída,5
VND-000039,2024-01-14,Janeiro,Domingo,Centro-Oeste,Distrito Federal,Brasília,Informática,Mouse Sem Fi,2,60.17,0.0272,120.34,3.27,117.07,54.82,62.25,0.5317,Patrícia Gomes,Loja Física,Cartão de Crédito,Concluída,4
VND-000040,2024-01-14,Janeiro,Domingo,Sul,Santa Catarina,Blumenau,Informática,Monitor 24,1,734.25,0.0096,734.25,7.05,727.2,478.34,248.86,0.3422,Ana Souza,Loja Física,Dinheiro,Concluída,3
VND-000041,2024-01-14,Janeiro,Domingo,Sul,Santa Catarina,Joinville,Esportes,Garrafa Térmica Esportiva,1,69.24,0.0881,69.24,6.1,63.14,27.67,35.47,0.5618,Patrícia Gomes,Marketplace,PIX,Concluída,5
VND-000042,2024-01-14,Janeiro,Domingo,Norte,Amazonas,Manaus,Informática,Pen Drive 64GB,1,40.25,0.0387,40.25,1.56,38.69,19.91,18.78,0.4854,Ana Souza,Aplicativo,Cartão de Crédito,Concluída,3
VND-000043,2024-01-15,Janeiro,Segunda-feira,Nordeste,Bahia,Salvador,Vestuário,Camiseta Básica,2,55.4,0.0446,110.8,4.94,105.86,40.56,65.3,0.6169,Beatriz Santos,Site,PIX,Concluída,4
VND-000044,2024-01-16,Janeiro,Terça-feira,Sudeste,São Paulo,Santos,Casa,Liquidificador,1,185.74,0.0499,185.74,9.27,176.47,97.74,78.73,0.4461,Patrícia Gomes,Aplicativo,PIX,Concluída,4
VND-000045,2024-01-16,Janeiro,Terça-feira,Sudeste,São Paulo,São Paulo,Informática,HD Externo 1TB,4,301.97,0.046,1207.88,55.56,1152.32,751.24,401.08,0.3481,Fernanda Lima,Aplicativo,PIX,Concluída,4
VND-000046,2024-01-16,Janeiro,Terça-feira,Centro-Oeste,Distrito Federal,Brasília,Casa,Jogo de Cama Queen,1,158,0.1047,158,16.54,141.46,63.79,77.67,0.5491,Juliana Rocha,Site,PIX,Concluída,4
VND-000047,2024-01-16,Janeiro,Terça-feira,Sudeste,Rio de Janeiro,Duque de Caxias,Casa,Jogo de Cama Queen,5,160.89,0.066,804.45,53.09,751.36,328.8,422.56,0.5624,Beatriz Santos,Loja Física,PIX,Concluída,5
VND-000048,2024-01-17,Janeiro,Quarta-feira,Sudeste,Espírito Santo,Vitória,Casa,Air Fryer,1,353.7,0.0375,353.7,13.26,340.44,201.86,138.58,0.4071,Patrícia Gomes,Loja Física,Cartão de Crédito,Concluída,4
VND-000049,2024-01-17,Janeiro,Quarta-feira,Sul,Santa Catarina,Joinville,Vestuário,Jaqueta Corta-Vento,4,219.95,0.0695,879.8,61.15,818.65,425.84,392.81,0.4798,Bruno Alves,Loja Física,Cartão de Crédito,Concluída,2
VND-000050,2024-01-18,Janeiro,Quinta-feira,Nordeste,Pernambuco,Olinda,Eletrônicos,Smartwatch,1,455.95,0.0844,455.95,38.48,417.47,280.69,136.78,0.3276,Carlos Pereira,Marketplace,Cartão de Crédito,Em processamento,
VND-000051,2024-01-18,Janeiro,Quinta-feira,Nordeste,Pernambuco,Olinda,Escritório,Organizador de Mesa,1,43.48,0.0969,43.48,4.21,39.27,17.69,21.58,0.5495,Marcos Oliveira,Site,Cartão de Débito,Concluída,4
VND-000052,2024-01-18,Janeiro,Quinta-feira,Nordeste,Ceará,Sobral,Escritório,Organizador de Mesa,5,44.74,0.0812,223.7,18.16,205.54,83.45,122.09,0.594,Bruno Alves,Marketplace,Cartão de Crédito,Concluída,4
VND-000053,2024-01-18,Janeiro,Quinta-feira,Norte,Rondônia,Porto Velho,Vestuário,Calça Jeans,6,126.85,0.0625,761.1,47.57,713.53,300.84,412.69,0.5784,Juliana Rocha,Loja Física,PIX,Concluída,4
VND-000054,2024-01-18,Janeiro,Quinta-feira,Nordeste,Paraíba,João Pessoa,Eletrônicos,Fone Bluetooth,1,144.42,0.0656,144.42,9.47,134.95,78.87,56.08,0.4156,Diego Ribeiro,Marketplace,Cartão de Crédito,Concluída,3
VND-000055,2024-01-19,Janeiro,Sexta-feira,Sul,Paraná,Londrina,Informática,Pen Drive 64GB,1,38.8,0.1242,38.8,4.82,33.98,19.81,14.17,0.417,Carlos Pereira,Loja Física,Cartão de Débito,Concluída,4
VND-000056,2024-01-20,Janeiro,Sábado,Sudeste,Minas Gerais,Contagem,Escritório,Organizador de Mesa,13,46.24,0.0519,601.12,31.2,569.92,245.7,324.22,0.5689,Carlos Pereira,Site,Cartão de Crédito,Devolvida,2
VND-000057,2024-01-20,Janeiro,Sábado,Nordeste,Ceará,Fortaleza,Informática,Monitor 24,3,765.41,0.0662,2296.23,152.01,2144.22,1438.11,706.11,0.3293,Marcos Oliveira,Site,PIX,Concluída,2
VND-000058,2024-01-21,Janeiro,Domingo,Sul,Rio Grande do Sul,Porto Alegre,Esportes,Tênis de Corrida,2,303.04,0.0348,606.08,21.09,584.99,318.34,266.65,0.4558,Rafael Costa,Marketplace,PIX,Concluída,4
VND-000059,2024-01-21,Janeiro,Domingo,Nordeste,Bahia,Salvador,Esportes,Bola de Futebol,2,87.67,0.0605,175.34,10.61,164.73,72.16,92.57,0.5619,Ana Souza,Site,Cartão de Crédito,Concluída,5
VND-000060,2024-01-21,Janeiro,Domingo,Sudeste,São Paulo,Campinas,Informática,Mouse Sem Fio,4,59.79,0.0658,239.16,15.74,223.42,112.4,111.02,0.4969,Bruno Alves,Loja Física,Dinheiro,Devolvida,1
VND-000061,2024-01-21,Janeiro,Domingo,Sul,Rio Grande do Sul,Pelotas,Casa,Liquidificador,2,182.42,0.0638,364.84,23.28,341.56,182.06,159.5,0.467,Rafael Costa,Site,Cartão de Crédito,Concluída,4
VND-000062,2024-01-22,Janeiro,Segunda-feira,Nordeste,Paraíba,Campina Grande,Acessórios,Cinto de Couro,2,89.45,0.0155,178.9,2.77,176.13,60.26,115.87,0.6579,Patrícia Gomes,Telefone,Cartão de Crédito,Concluída,4
VND-000063,2024-01-22,Janeiro,Segunda-feira,Sudeste,Minas Gerais,Uberlândia,Casa,Liquidificador,7,178.51,0.0963,1249.57,120.33,1129.24,615.72,513.52,0.4547,Rafael Costa,Loja Física,Dinheiro,Concluída,4
VND-000064,2024-01-23,Janeiro,Terça-feira,Nordeste,Paraíba,Campina Grande,Vestuário,Vestido Casual,4,148.72,0.1224,594.88,72.81,522.07,239.12,282.95,0.542,Diego Ribeiro,Aplicativo,PIX,Concluída,5
VND-000065,2024-01-23,Janeiro,Terça-feira,Centro-Oeste,Goiás,Goiânia,Escritório,Kit Canetas Executivas,2,87.47,0.0687,174.94,12.02,162.92,60.88,102.04,0.6263,Marcos Oliveira,Loja Física,Dinheiro,Concluída,4
VND-000066,2024-01-24,Janeiro,Quarta-feira,Sudeste,Espírito Santo,Vitória,Informática,Pen Drive 64GB,2,39.99,0.0376,79.98,3.01,76.97,39.7,37.27,0.4842,Lucas Martins,Aplicativo,Cartão de Débito,Concluída,5
VND-000067,2024-01-24,Janeiro,Quarta-feira,Nordeste,Pernambuco,Recife,Vestuário,Blusa de Frio,3,117.15,0.0856,351.45,30.08,321.37,136.65,184.72,0.5748,Fernanda Lima,Marketplace,PIX,Concluída,4
VND-000068,2024-01-24,Janeiro,Quarta-feira,Sul,Rio Grande do Sul,Pelotas,Esportes,Garrafa Térmica Esportiva,8,71.15,0.034,569.2,19.35,549.85,200.48,349.37,0.6354,Ana Souza,Aplicativo,PIX,Cancelada,
VND-000069,2024-01-24,Janeiro,Quarta-feira,Sul,Santa Catarina,Blumenau,Esportes,Kit Halteres 10kg,2,178.8,0.0767,357.6,27.43,330.17,200.4,129.77,0.393,Camila Ferreira,Loja Física,Cartão de Crédito,Concluída,5
VND-000070,2024-01-24,Janeiro,Quarta-feira,Sudeste,Minas Gerais,Contagem,Vestuário,Vestido Casual,1,154.38,0.0098,154.38,1.51,152.87,58.7,94.17,0.616,Ana Souza,Loja Física,Cartão de Débito,Concluída,4
VND-000071,2024-01-24,Janeiro,Quarta-feira,Norte,Amazonas,Parintins,Escritório,Organizador de Mesa,3,45.49,0.0717,136.47,9.78,126.69,54.27,72.42,0.5716,Carlos Pereira,Aplicativo,PIX,Concluída,5
VND-000072,2024-01-25,Janeiro,Quinta-feira,Nordeste,Bahia,Feira de Santana,Escritório,Organizador de Mesa,5,43.24,0.0903,216.2,19.52,196.68,82.3,114.38,0.5816,Fernanda Lima,Loja Física,Cartão de Débito,Devolvida,2
VND-000073,2024-01-26,Janeiro,Sexta-feira,Sudeste,Minas Gerais,Uberlândia,  Eletrônicos  ,Smartwatch,2,462.56,0.0919,925.12,85.02,840.1,563.9,276.2,0.3288,Marcos Oliveira,Loja Física,Cartão de Crédito,Concluída,4
VND-000074,2024-01-26,Janeiro,Sexta-feira,Sul,Santa Catarina,Blumenau,Eletrônicos,Smartphone X200,1,1787.57,1.2,1787.57,243.29,1544.28,1295.66,248.62,0.161,Fernanda Lima,Site,Cartão de Crédito,Concluída,3
VND-000075,2024-01-26,Janeiro,Sexta-feira,Norte,Pará,Ananindeua,Informática,Pen Drive 64GB,3,39.12,0.0191,117.36,2.24,115.12,59.28,55.84,0.4851,Diego Ribeiro,Site,PIX,Concluída,4
VND-000076,2024-01-26,Janeiro,Sexta-feira,Sul,Santa Catarina,Florianópolis,Vestuário,Camiseta Básica,8,54.03,0.0889,432.24,38.43,393.81,152.08,241.73,0.6138,Marcos Oliveira,Loja Física,Cartão de Crédito,Devolvida,1
VND-000077,2024-01-26,Janeiro,Sexta-feira,Sudeste,Minas Gerais,Uberlândia,Informática,Mouse Sem Fio,7,57.98,0.0922,405.86,37.42,368.44,186.55,181.89,0.4937,Juliana Rocha,Aplicativo,Cartão de Débito,Concluída,3
VND-000078,2024-01-27,Janeiro,Sábado,Sudeste,Rio de Janeiro,Niterói,Acessórios,Óculos de Sol,1,186.5,0.0169,186.5,3.15,183.35,69.26,114.09,0.6223,Bruno Alves,Site,Cartão de Débito,Concluída,4
VND-000079,2024-01-27,Janeiro,Sábado,Sudeste,São Paulo,Santos,Casa,Jogo de Cama Queen,4,160.21,0.0565,640.84,36.21,604.63,286.72,317.91,0.5258,Bruno Alves,Loja Física,Cartão de Crédito,Concluída,4
VND-000080,2024-01-27,Janeiro,Sábado,Sul,Rio Grande do Sul,Pelotas,Vestuário,Vestido Casual,3,144.83,0.1053,434.49,45.75,388.74,176.4,212.34,0.5462,Camila Ferreira,Site,Boleto,Concluída,4
VND-000081,2024-01-27,Janeiro,Sábado,Sul,Santa Catarina,Blumenau,Vestuário,Camiseta Básica,4,55.98,0.0579,223.92,12.96,210.96,77.16,133.8,0.6342,Rafael Costa,Loja Física,Dinheiro,Concluída,4
VND-000082,2024-01-27,Janeiro,Sábado,Sul,Rio Grande do Sul,Caxias do Sul,Esportes,Tênis de Corrida,3,330.71,0.1375,992.13,136.42,855.71,473.43,382.28,0.4467,Carlos Pereira,Marketplace,Cartão de Crédito,Concluída,4
VND-000083,2024-01-27,Janeiro,Sábado,Sul,Paraná,Curitiba,Vestuário,Vestido Casual,1,145.53,0.0681,145.53,9.91,135.62,56.81,78.81,0.5811,Fernanda Lima,Aplicativo,PIX,Concluída,4
VND-000084,2024-01-27,Janeiro,Sábado,Centro-Oeste,Mato Grosso do Sul,Dourados,Eletrônicos,Smartphone X200,1,1921.29,0.1112,1921.29,213.65,1707.64,1342.48,365.16,0.2138,Carlos Pereira,Aplicativo,Cartão de Débito,Concluída,4
VND-000085,2024-01-28,Janeiro,Domingo,Sudeste,Espírito Santo,Vitória,Casa,Jogo de Cama Queen,2,154.37,0.091,308.74,28.1,280.64,125.8,154.84,0.5517,Ana Souza,Site,Boleto,Concluída,4
VND-000086,2024-01-28,Janeiro,Domingo,Norte,Pará,Belém,Casa,Liquidificador,8,178.33,0.0666,1426.64,95.01,1331.63,719.76,611.87,0.4595,Juliana Rocha,Site,Cartão de Crédito,Concluída,4
VND-000087,2024-01-28,Janeiro,Domingo,Centro-Oeste,Distrito Federal,Brasília,Esportes,Tênis de Corrida,1,336.23,0.0225,336.23,7.57,328.66,166.19,162.47,0.4943,Camila Ferreira,Site,PIX,Concluída,3
VND-000088,2024-01-28,Janeiro,Domingo,Sudeste,Minas Gerais,Uberlândia,Escritório,Papel A4 (pacote),1,24.01,0.0649,24.01,1.56,22.45,15.12,7.33,0.3265,Bruno Alves,Site,Cartão de Débito,Concluída,3
VND-000089,2024-01-28,Janeiro,Domingo,Sudeste,Rio de Janeiro,Rio de Janeiro,Eletrônicos,Smartwatch,4,443.74,0.0678,1774.96,120.34,1654.62,1102.44,552.18,0.3337,Beatriz Santos,Site,Cartão de Crédito,Concluída,4
VND-000090,2024-01-29,Janeiro,Segunda-feira,Nordeste,Bahia,Feira de Santana,Eletrônicos,Smartwatch,3,464.96,0.0474,1394.88,66.12,1328.76,802.2,526.56,0.3963,Ana Souza,Telefone,Boleto,Concluída,5
VND-000091,2024-01-29,Janeiro,Segunda-feira,Sudeste,Rio de Janeiro,Niterói,Escritório,Kit Canetas Executivas,1,86.39,0.099,86.39,8.55,77.84,29.82,48.02,0.6169,Patrícia Gomes,Loja Física,Cartão de Crédito,Concluída,5
VND-000092,2024-01-29,Janeiro,Segunda-feira,Norte,Amazonas,Parintins,Informática,Mouse Sem Fio,2,61.69,0.0641,123.38,7.91,115.47,56.62,58.85,0.5097,Fernanda Lima,Marketplace,Boleto,Concluída,5
VND-000093,2024-01-29,Janeiro,Segunda-feira,Sul,Paraná,Londrina,Casa,Aspirador de Pó,4,391.27,0.0104,1565.08,16.28,1548.8,897.68,651.12,0.4204,Bruno Alves,Loja Física,Cartão de Débito,Concluída,3
VND-000094,2024-01-29,Janeiro,Segunda-feira,Sudeste,Rio de Janeiro,Duque de Caxias,Vestuário,Vestido Casual,1,150.21,0.0409,150.21,6.14,144.07,56.62,87.45,0.607,Ana Souza,Loja Física,Dinheiro,Concluída,4
VND-000095,2024-01-30,Janeiro,Terça-feira,Sudeste,São Paulo,Santos,Escritório,Organizador de Mesa,3,45.69,0.0063,137.07,0.86,136.21,52.53,83.68,0.6143,Ana Souza,Marketplace,Cartão de Crédito,Em processamento,
VND-000096,2024-01-30,Janeiro,Terça-feira,Sudeste,Minas Gerais,Contagem,Esportes,Bola de Futebol,5,89.42,0.0539,447.1,24.1,423,169.05,253.95,0.6004,Fernanda Lima,Loja Física,Dinheiro,Concluída,3
VND-000097,2024-01-30,Janeiro,Terça-feira,Norte,Rondônia,Ji-Paraná,Vestuário,Blusa de Frio,1,120.67,0.0709,120.67,8.56,112.11,46.16,65.95,0.5883,Ana Souza,Site,PIX,Concluída,4
VND-000098,2024-01-30,Janeiro,Terça-feira,Sudeste,Espírito Santo,Vitória,Escritório,Organizador de Mesa,3,46.33,0.1451,138.99,20.17,118.82,52.38,66.44,0.5592,Bruno Alves,Aplicativo,PIX,Concluída,5
VND-000099,2024-01-30,Janeiro,Terça-feira,Nordeste,Bahia,Salvador,Vestuário,Blusa de Frio,5,123.46,0.0343,617.3,21.17,596.13,230.75,365.38,0.6129,Camila Ferreira,Loja Física,Cartão de Crédito,Concluída,1
VND-000100,2024-01-30,Janeiro,Terça-feira,Nordeste,Paraíba,João Pessoa,Esportes,Garrafa Térmica Esportiva,4,69.24,0.0569,276.96,15.76,261.2,102.4,158.8,0.608,Bruno Alves,Aplicativo,Cartão de Crédito,Concluída,5
VND-000101,2024-01-31,Janeiro,Quarta-feira,Norte,Pará,Ananindeua,Vestuário,Camiseta Básica,5,55.98,0.1122,279.9,31.4,248.5,102.6,145.9,0.5871,Patrícia Gomes,Marketplace,Cartão de Crédito,Devolvida,2
VND-000102,2024-01-31,Janeiro,Quarta-feira,Sul,Rio Grande do Sul,Caxias do Sul,Escritório,Cadeira de Escritório,1,535.18,0.0456,535.18,24.4,510.78,319.72,191.06,0.3741,Ana Souza,Telefone,Boleto,Devolvida,3
VND-000103,2024-01-31,Janeiro,Quarta-feira,Sudeste,Espírito Santo,Vila Velha,Casa,Jogo de Cama Queen,1,161.48,0.0789,161.48,12.74,148.74,66.69,82.05,0.5516,Beatriz Santos,Loja Física,PIX,Concluída,4
VND-000104,2024-02-01,Fevereiro,Quinta-feira,Norte,Pará,Belém,Vestuário,Vestido Casual,8,144.78,0.0642,1158.24,74.36,1083.88,480.16,603.72,0.557,Marcos Oliveira,Aplicativo,PIX,Concluída,5
VND-000105,2024-02-01,Fevereiro,Quinta-feira,Nordeste,Paraíba,João Pessoa,Acessórios,Mochila Executiva,2,221.94,0.0947,443.88,42.04,401.84,166.5,235.34,0.5857,Camila Ferreira,Site,PIX,Concluída,4
VND-000106,2024-02-01,Fevereiro,Quinta-feira,Sul,Paraná,Maringá,Casa,Jogo de Cama Queen,5,164.73,0.1059,823.65,87.22,736.43,364.35,372.08,0.5052,Diego Ribeiro,Site,PIX,Em processamento,
VND-000107,2024-02-02,Fevereiro,Sexta-feira,Nordeste,Pernambuco,Caruaru,Acessórios,Carteira de Couro,1,138.05,0.0325,138.05,4.49,133.56,49.28,84.28,0.631,Fernanda Lima,Site,Cartão de Crédito,Concluída,4
VND-000108,2024-02-02,Fevereiro,Sexta-feira,Sudeste,Rio de Janeiro,Rio de Janeiro,Vestuário,Calça Jeans,6,134.79,0.1352,808.74,109.34,699.4,348.06,351.34,0.5023,Juliana Rocha,Site,PIX,Concluída,3
VND-000109,2024-02-03,Fevereiro,Sábado,Nordeste,Bahia,Feira de Santana,Informática,Mouse Sem Fio,1,60.21,0.0604,60.21,3.64,56.57,25.98,30.59,0.5407,Bruno Alves,Marketplace,PIX,Concluída,4
VND-000110,2024-02-04,Fevereiro,Domingo,Sudeste,Rio de Janeiro,Rio de Janeiro,Acessorios,Carteira de Couro,1,141.71,0.0899,141.71,12.74,128.97,54.5,74.47,0.5774,Ana Souza,Telefone,Cartão de Crédito,Concluída,4
VND-000111,2024-02-04,Fevereiro,Domingo,Nordeste,Ceará,Sobral,Esportes,Bicicleta Aro 29,2,1207.92,0.0526,2415.84,127.07,2288.77,1614.36,674.41,0.2947,Rafael Costa,Site,Boleto,Concluída,4
VND-000112,2024-02-04,Fevereiro,Domingo,Sul,Paraná,Londrina,Informática,Pen Drive 64GB,1,37.89,0.0441,37.89,1.67,36.22,18.07,18.15,0.5011,Carlos Pereira,Site,Cartão de Crédito,Cancelada,
VND-000113,2024-02-04,Fevereiro,Domingo,Nordeste,Bahia,Salvador,Eletrônicos,Fone Bluetooth,1,145.37,0.0136,145.37,1.98,143.39,78.67,64.72,0.4514,Camila Ferreira,Site,PIX,Cancelada,
VND-000114,2024-02-05,Fevereiro,Segunda-feira,Sul,Santa Catarina,Blumenau,Vestuário,Calça Jeans,2,135.25,0.0771,270.5,20.86,249.64,114.92,134.72,0.5397,Diego Ribeiro,Marketplace,PIX,Concluída,4
VND-000115,2024-02-05,Fevereiro,Segunda-feira,Sudeste,Rio de Janeiro,Rio de Janeiro,Eletrônicos,Smartphone X200,1,1842.26,0.0842,1842.26,155.12,1687.14,1299.6,387.54,0.2297,Juliana Rocha,Loja Física,Cartão de Crédito,Concluída,4
VND-000116,2024-02-05,Fevereiro,Segunda-feira,Sul,Rio Grande do Sul,Caxias do Sul,Informática,Mouse Sem Fio,1,58.64,0.0808,58.64,4.74,53.9,25.92,27.98,0.5191,Ana Souza,Site,Cartão de Crédito,Concluída,4
VND-000117,2024-02-05,Fevereiro,Segunda-feira,Sul,Rio Grande do Sul,Pelotas,Eletrônicos,Smartwatch,2,465.46,0.0467,930.92,43.47,887.45,550.88,336.57,0.3793,Camila Ferreira,Loja Física,Cartão de Crédito,Cancelada,
VND-000118,2024-02-06,Fevereiro,Terça-feira,Nordeste,Paraíba,João Pessoa,Casa,Liquidificador,2,181.07,0.0498,362.14,18.03,344.11,177.26,166.85,0.4849,Camila Ferreira,Aplicativo,Cartão de Crédito,Concluída,4
VND-000119,2024-02-06,Fevereiro,Terça-feira,Sul,Rio Grande do Sul,Caxias do Sul,Escritório,Cadeira de Escritório,2,526.74,0.0663,1053.48,69.85,983.63,662.26,321.37,0.3267,Bruno Alves,Site,PIX,Concluída,4
VND-000120,2024-02-07,Fevereiro,Quarta-feira,Sul,Paraná,Maringá,Vestuário,Calça Jeans,3,131.14,0.0563,393.42,22.15,371.27,155.64,215.63,0.5808,Bruno Alves,Marketplace,Cartão de Crédito,Concluída,4
VND-000121,2024-02-07,Fevereiro,Quarta-feira,Sudeste,Rio de Janeiro,Niterói,Escritório,Kit Canetas Executivas,7,93.05,0.0692,651.35,45.07,606.28,220.36,385.92,0.6365,Juliana Rocha,Site,Boleto,Devolvida,2
VND-000122,2024-02-08,Fevereiro,Quinta-feira,Sul,Paraná,Maringá,Vestuário,Calça Jeans,6,129.89,0.0122,779.34,9.51,769.83,327.6,442.23,0.5745,Marcos Oliveira,Aplicativo,PIX,Concluída,3
VND-000123,2024-02-08,Fevereiro,Quinta-feira,Nordeste,Pernambuco,Recife,Escritório,Organizador de Mesa,7,45.68,0.1477,319.76,47.23,272.53,134.33,138.2,0.5071,Fernanda Lima,Aplicativo,PIX,Concluída,5
VND-000124,2024-02-09,Fevereiro,Sexta-feira,Sudeste,Rio de Janeiro,Duque de Caxias,Vestuário,Blusa de Frio,4,121.41,0.0976,485.64,47.4,438.24,191.32,246.92,0.5634,Juliana Rocha,Marketplace,Cartão de Crédito,Concluída,4
VND-000125,2024-02-10,Fevereiro,Sábado,Centro-Oeste,Distrito Federal,Brasília,Esportes,Kit Halteres 10kg,1,180.4,0.0325,180.4,5.86,174.54,98.33,76.21,0.4366,Fernanda Lima,Aplicativo,PIX,Cancelada,
VND-000126,2024-02-10,Fevereiro,Sábado,Sudeste,Rio de Janeiro,Duque de Caxias,Escritório,Papel A4 (pacote),2,25.18,0.0148,50.36,0.75,49.61,28.86,20.75,0.4183,Beatriz Santos,Site,Cartão de Crédito,Em processamento,
VND-000127,2024-02-10,Fevereiro,Sábado,Norte,Amazonas,Manaus,Escritório,Cadeira de Escritório,1,553.09,0.1318,553.09,72.9,480.19,345.52,134.67,0.2805,Diego Ribeiro,Site,Cartão de Crédito,Cancelada,
VND-000128,2024-02-11,Fevereiro,Domingo,Centro-Oeste,Mato Grosso do Sul,Campo Grande,Esportes,Bicicleta Aro 29,2,1249.49,0.1111,2498.98,277.64,2221.34,1741.38,479.96,0.2161,Diego Ribeiro,Site,PIX,Em processamento,
VND-000129,2024-02-11,Fevereiro,Domingo,Sudeste,Espírito Santo,Vitória,Acessórios,Cinto de Couro,4,93.38,0.0041,373.52,1.53,371.99,132.44,239.55,0.644,Bruno Alves,Site,PIX,Concluída,5
VND-000130,2024-02-11,Fevereiro,Domingo,Sudeste,Espírito Santo,Vila Velha,Eletrônicos,Fone Bluetooth,3,149.19,0.0518,447.57,23.18,424.39,258.63,165.76,0.3906,Rafael Costa,Aplicativo,PIX,Devolvida,3
VND-000131,2024-02-11,Fevereiro,Domingo,Sudeste,Minas Gerais,Contagem,Eletrônicos,Fone Bluetooth,4,145.86,0.0282,583.44,16.45,566.99,313.48,253.51,0.4471,Marcos Oliveira,Aplicativo,Cartão de Crédito,Devolvida,2
VND-000132,2024-02-11,Fevereiro,Domingo,Sudeste,São Paulo,São Paulo,Escritório,Organizador de Mesa,6,44.73,0.126,268.38,33.82,234.56,112.86,121.7,0.5188,Rafael Costa,Marketplace,Cartão de Crédito,Concluída,2
VND-000133,2024-02-12,Fevereiro,Segunda-feira,Nordeste,Ceará,Fortaleza,Informática,HD Externo 1TB,2,314.45,0.0358,628.9,22.51,606.39,407.78,198.61,0.3275,Diego Ribeiro,Aplicativo,Cartão de Crédito,Concluída,4
VND-000134,2024-02-13,Fevereiro,Terça-feira,Sudeste,São Paulo,São Paulo,Escritório,Kit Canetas Executivas,5,86.68,0.0753,433.4,32.64,400.76,139.2,261.56,0.6527,Patrícia Gomes,Loja Física,Cartão de Crédito,Concluída,2
VND-000135,2024-02-13,Fevereiro,Terça-feira,Sudeste,São Paulo,São Paulo,Casa,Air Fryer,2,348.08,0.08,696.16,55.69,640.47,385.6,254.87,0.3979,Lucas Martins,Aplicativo,PIX,Concluída,4
VND-000136,2024-02-13,Fevereiro,Terça-feira,Sudeste,Rio de Janeiro,Rio de Janeiro,Eletrônicos,Fone Bluetooth,3,154.19,0.1409,462.57,65.18,397.39,262.14,135.25,0.3403,Ana Souza,Aplicativo,Cartão de Débito,Concluída,5
VND-000137,2024-02-13,Fevereiro,Terça-feira,Sudeste,Espírito Santo,Vila Velha,Esportes,Bola de Futebol,2,93.69,0.0883,187.38,16.55,170.83,77.14,93.69,0.5484,Juliana Rocha,Site,PIX,Concluída,4
VND-000138,2024-02-14,Fevereiro,Quarta-feira,Sudeste,Minas Gerais,Contagem,Esportes,Garrafa Térmica Esportiva,1,69.27,0.029,69.27,2.01,67.26,25.79,41.47,0.6166,Beatriz Santos,Site,Cartão de Crédito,Devolvida,3
VND-000139,2024-02-14,Fevereiro,Quarta-feira,Sudeste,Minas Gerais,Uberlândia,Eletrônicos,Caixa de Som Portátil,2,208.47,0.0709,416.94,29.56,387.38,246.18,141.2,0.3645,Beatriz Santos,Site,Cartão de Crédito,Devolvida,2
VND-000140,2024-02-15,Fevereiro,Quinta-feira,Sudeste,Espírito Santo,Vitória,Vestuário,Vestido Casual,5,148.57,0.0527,742.85,39.15,703.7,310.1,393.6,0.5593,Ana Souza,Loja Física,Cartão de Crédito,Concluída,5
VND-000141,2024-02-15,Fevereiro,Quinta-feira,Sul,Rio Grande do Sul,Porto Alegre,Casa,Liquidificador,1,185.42,0.1125,185.42,20.86,164.56,90.24,74.32,0.4516,Bruno Alves,Site,Boleto,Concluída,5
VND-000142,2024-02-15,Fevereiro,Quinta-feira,Sudeste,Espírito Santo,Vila Velha,Vestuário,Camiseta Básica,3,54.74,0.1296,164.22,21.28,142.94,56.79,86.15,0.6027,Beatriz Santos,Marketplace,PIX,Concluída,5
VND-000143,2024-02-16,Fevereiro,Sexta-feira,Sudeste,São Paulo,Santos,Acessórios,Carteira de Couro,5,134.39,0.0141,671.95,9.47,662.48,242.85,419.63,0.6334,Marcos Oliveira,Telefone,Dinheiro,Concluída,3
VND-000144,2024-02-16,Fevereiro,Sexta-feira,Centro-Oeste,Mato Grosso,Várzea Grande,Eletrônicos,Smartwatch,4,432.98,0.0502,1731.92,86.94,1644.98,1013.16,631.82,0.3841,Ana Souza,Site,Boleto,Concluída,4
VND-000145,2024-02-16,Fevereiro,Sexta-feira,Sul,Santa Catarina,Blumenau,Informática,Pen Drive 64GB,8,38.36,0.0969,306.88,29.74,277.14,161.2,115.94,0.4183,Ana Souza,Loja Física,Dinheiro,Concluída,4
VND-000146,2024-02-16,Fevereiro,Sexta-feira,Norte,Rondônia,Porto Velho,Acessórios,Óculos de Sol,5,173.28,0.108,866.4,93.57,772.83,306.9,465.93,0.6029,Marcos Oliveira,Marketplace,PIX,Concluída,4
VND-000147,2024-02-16,Fevereiro,Sexta-feira,Centro-Oeste,Distrito Federal,Brasília,Informática,Mouse Sem Fio,1,60.55,0.0802,60.55,4.86,55.69,28.87,26.82,0.4816,Beatriz Santos,Site,PIX,Devolvida,2
VND-000148,2024-02-17,Fevereiro,Sábado,Sudeste,São Paulo,Sorocaba,Informática,HD Externo 1TB,2,317.31,0.1198,634.62,76.03,558.59,386.64,171.95,0.3078,Juliana Rocha,Telefone,Boleto,Concluída,5
VND-000149,2024-02-17,Fevereiro,Sábado,Sudeste,Minas Gerais,Contagem,Informática,Mouse Sem Fio,4,61.58,0.0738,246.32,18.18,228.14,116.6,111.54,0.4889,Ana Souza,Loja Física,Cartão de Crédito,Concluída,4
VND-000150,2024-02-17,Fevereiro,Sábado,Sudeste,Rio de Janeiro,Duque de Caxias,Acessórios,Carteira de Couro,5,146.63,0.1074,733.15,78.74,654.41,285.15,369.26,0.5643,Fernanda Lima,Marketplace,PIX,Concluída,4
VND-000151,2024-02-17,Fevereiro,Sábado,Sudeste,Rio de Janeiro,Niterói,Acessórios,Cinto de Couro,5,88.16,0.1196,440.8,52.72,388.08,167.4,220.68,0.5686,Juliana Rocha,Site,PIX,Devolvida,2
VND-000152,2024-02-18,Fevereiro,Domingo,Nordeste,Pernambuco,Olinda,Casa,Jogo de Cama Queen,1,159.17,0.0613,159.17,9.76,149.41,63.41,86,0.5756,Ana Souza,Loja Física,Cartão de Débito,Concluída,5
VND-000153,2024-02-18,Fevereiro,Domingo,Norte,Rondônia,Porto Velho,Escritório,Organizador de Mesa,4,45.53,0.1441,182.12,26.24,155.88,72.2,83.68,0.5368,Camila Ferreira,Marketplace,PIX,Em processamento,
VND-000154,2024-02-19,Fevereiro,Segunda-feira,Sul,Santa Catarina,Joinville,Escritório,Papel A4 (pacote),11,25.13,0.1098,276.43,30.35,246.08,173.8,72.28,0.2937,Carlos Pereira,Aplicativo,PIX,Concluída,4
VND-000155,2024-02-19,Fevereiro,Segunda-feira,Norte,Pará,Belém,Vestuário,Camiseta Básica,6,57.89,0.0486,347.34,16.88,330.46,123.48,206.98,0.6263,Bruno Alves,Site,PIX,Concluída,3
VND-000156,2024-02-19,Fevereiro,Segunda-feira,Sul,Paraná,Curitiba,Escritório,Organizador de Mesa,15,46.73,0.0914,700.95,64.07,636.88,266.55,370.33,0.5815,Rafael Costa,Site,Cartão de Crédito,Concluída,3
VND-000157,2024-02-19,Fevereiro,Segunda-feira,Sul,Santa Catarina,Blumenau,Esportes,Tênis de Corrid,1,330.23,0.0371,330.23,12.25,317.98,168.08,149.9,0.4714,Marcos Oliveira,Site,Boleto,Concluída,4
VND-000158,2024-02-20,Fevereiro,Terça-feira,Sul,Santa Catarina,Blumenau,Casa,Panela Elétrica de Arroz,3,209.6,0.0245,628.8,15.41,613.39,317.34,296.05,0.4826,Rafael Costa,Aplicativo,PIX,Concluída,3
VND-000159,2024-02-20,Fevereiro,Terça-feira,Centro-Oeste,Mato Grosso,Várzea Grande,Acessórios,Cinto de Couro,1,88.19,0.08,88.19,7.06,81.13,31.39,49.74,0.6131,Juliana Rocha,Loja Física,Dinheiro,Concluída,3
VND-000160,2024-02-20,Fevereiro,Terça-feira,Sudeste,São Paulo,Santos,Eletrônicos,Fone Bluetooth,1,152.57,0.0338,152.57,5.16,147.41,85.63,61.78,0.4191,Carlos Pereira,Loja Física,Dinheiro,Concluída,
VND-000161,2024-02-21,Fevereiro,Quarta-feira,Sul,Paraná,Curitiba,Vestuário,Vestido Casual,5,146.2,0.1243,731,90.86,640.14,302.4,337.74,0.5276,Bruno Alves,Loja Física,Cartão de Crédito,Concluída,3
VND-000162,2024-02-21,Fevereiro,Quarta-feira,Sul,Paraná,Londrina,Informática,Monitor 24,2,740.52,0.0258,1481.04,38.21,1442.83,965.14,477.69,0.3311,Rafael Costa,Aplicativo,Cartão de Débito,Concluída,4
VND-000163,2024-02-21,Fevereiro,Quarta-feira,Sudeste,Minas Gerais,Uberlândia,Informática,Notebook Pro 15,1,3054.53,0.0491,3054.53,149.98,2904.55,2231.52,673.03,0.2317,Beatriz Santos,Site,Cartão de Crédito,Concluída,5
VND-000164,2024-02-21,Fevereiro,Quarta-feira,Centro-Oeste,Mato Grosso do Sul,Campo Grande,Casa,Air Fryer,2,359.82,0.0351,719.64,25.26,694.38,396.76,297.62,0.4286,Rafael Costa,Loja Física,Cartão de Débito,Concluída,4
VND-000165,2024-02-21,Fevereiro,Quarta-feira,Norte,Pará,Belém,Eletrônicos,Smartwatch,4,444.39,0.0554,1777.56,98.48,1679.08,1028.96,650.12,0.3872,Lucas Martins,Marketplace,Cartão de Crédito,Concluída,3
VND-000166,2024-02-22,Fevereiro,Quinta-feira,Sul,Paraná,Maringá,Eletrônicos,Fone Bluetooth,1,154.47,0.1331,154.47,20.56,133.91,87.96,45.95,0.3431,Fernanda Lima,Aplicativo,Cartão de Crédito,Concluída,4
VND-000167,2024-02-22,Fevereiro,Quinta-feira,Sudeste,Rio de Janeiro,Niterói,Escritório,Kit Canetas Executivas,6,92.12,0.0181,552.72,10,542.72,209.58,333.14,0.6138,Lucas Martins,Loja Física,Dinheiro,Concluída,2
VND-000168,2024-02-22,Fevereiro,Quinta-feira,Norte,Rondônia,Porto Velho,Eletrônicos,Fone Bluetooth,1,144.4,0.0643,144.4,9.28,135.12,79.3,55.82,0.4131,Beatriz Santos,Site,Cartão de Crédito,Concluída,4
VND-000169,2024-02-22,Fevereiro,Quinta-feira,Sul,Paraná,Curitiba,Escritório,Organizador de Mesa,3,44.69,0.0617,134.07,8.27,125.8,52.17,73.63,0.5853,Ana Souza,Site,Boleto,Concluída,4
VND-000170,2024-02-22,Fevereiro,Quinta-feira,Centro-Oeste,Mato Grosso do Sul,Campo Grande,Informática,Mouse Sem Fio,3,58.5,0.0451,175.5,7.92,167.58,81.09,86.49,0.5161,Marcos Oliveira,Loja Física,Cartão de Débito,Concluída,4
VND-000171,2024-02-22,Fevereiro,Quinta-feira,Sudeste,Rio de Janeiro,Rio de Janeiro,Acessórios,Óculos de Sol,1,184.18,0.0865,184.18,15.93,168.25,60.42,107.83,0.6409,Ana Souza,Loja Física,Dinheiro,Em processamento,
VND-000172,2024-02-23,Fevereiro,Sexta-feira,Sudeste,São Paulo,Sorocaba,Informática,Mouse Sem Fio,4,62.57,0.1102,250.28,27.58,222.7,107.52,115.18,0.5172,Camila Ferreira,Marketplace,PIX,Concluída,5
VND-000173,2024-02-23,Fevereiro,Sexta-feira,Norte,Amazonas,Manaus,Eletrônicos,Fone Bluetooth,1,152.26,0.0934,152.26,14.22,138.04,87.11,50.93,0.369,Juliana Rocha,Aplicativo,Cartão de Débito,Concluída,3
VND-000174,2024-02-24,Fevereiro,Sábado,Centro-Oeste,Distrito Federal,Brasília,Vestuário,Camiseta Básica,2,53.04,0.0452,106.08,4.79,101.29,34.68,66.61,0.6576,Rafael Costa,Aplicativo,Cartão de Crédito,Concluída,5
VND-000175,2024-02-24,Fevereiro,Sábado,Sul,Rio Grande do Sul,Pelotas,Acessórios,Mochila Executiva,1,221.72,0.057,221.72,12.64,209.08,91.79,117.29,0.561,Beatriz Santos,Loja Física,Cartão de Crédito,Concluída,4
VND-000176,2024-02-24,Fevereiro,Sábado,Sul,Rio Grande do Sul,Caxias do Sul,Vestuário,Jaqueta Corta-Vento,1,227.25,0.0739,227.25,16.79,210.46,114.9,95.56,0.4541,Lucas Martins,Site,PIX,Concluída,5
VND-000177,2024-02-24,Fevereiro,Sábado,Sudeste,Espírito Santo,Vitória,Casa,Aspirador de Pó,1,411.12,0.0181,411.12,7.44,403.68,231.41,172.27,0.4267,Juliana Rocha,Aplicativo,PIX,Concluída,5
VND-000178,2024-02-26,Fevereiro,Segunda-feira,Sul,Santa Catarina,Joinville,Informática,HD Externo 1TB,1,319.57,0.0014,319.57,0.45,319.12,190.92,128.2,0.4017,Rafael Costa,Marketplace,PIX,Concluída,4
VND-000179,2024-02-26,Fevereiro,Segunda-feira,Nordeste,Ceará,Sobral,Informática,Pen Drive 64GB,1,39.46,0.0101,39.46,0.4,39.06,20.53,18.53,0.4744,Fernanda Lima,Marketplace,Cartão de Crédito,Concluída,5
VND-000180,2024-02-26,Fevereiro,Segunda-feira,Nordeste,Paraíba,Campina Grande,Casa,Panela Elétrica de Arroz,3,223.54,0.0884,670.62,59.28,611.34,345.96,265.38,0.4341,Bruno Alves,Loja Física,Cartão de Crédito,Concluída,5
VND-000181,2024-02-26,Fevereiro,Segunda-feira,Nordeste,Bahia,Salvador,Informática,Mouse Sem Fio,2,59.45,0.037,118.9,4.4,114.5,52.46,62.04,0.5418,Bruno Alves,Loja Física,Cartão de Crédito,Concluída,4
VND-000182,2024-02-26,Fevereiro,Segunda-feira,Sul,Santa Catarina,Blumenau,Escritório,Papel A4 (pacote),1,24.64,0.05,24.64,1.23,23.41,14.31,9.1,0.3887,Beatriz Santos,Loja Física,PIX,Cancelada,
VND-000183,2024-02-26,Fevereiro,Segunda-feira,Centro-Oeste,Mato Grosso do Sul,Campo Grande,Esportes,Kit Halteres 10kg,6,183.44,0.0508,1100.64,55.91,1044.73,628.56,416.17,0.3984,Diego Ribeiro,Marketplace,Cartão de Crédito,Cancelada,
VND-000184,2024-02-27,Fevereiro,Terça-feira,Nordeste,Pernambuco,Recife,Eletrônicos,Smartwatch,2,444.19,0.065,888.38,57.74,830.64,534.72,295.92,0.3563,Camila Ferreira,Site,PIX,Concluída,5
VND-000185,2024-02-27,Fevereiro,Terça-feira,Sudeste,Espírito Santo,Vitória,Vestuário,Jaqueta Corta-Vento,4,225.33,0.1183,901.32,106.63,794.69,451,343.69,0.4325,Camila Ferreira,Loja Física,Cartão de Crédito,Concluída,5
VND-000186,2024-02-27,Fevereiro,Terça-feira,Sul,Santa Catarina,Joinville,Esportes,Bola de Futebol,4,90.42,0.023,361.68,8.32,353.36,135.72,217.64,0.6159,Marcos Oliveira,Aplicativo,PIX,Concluída,4
VND-000187,2024-02-28,Fevereiro,Quarta-feira,Sudeste,Espírito Santo,Vitória,Escritório,Kit Canetas Executivas,3,89.34,0.1175,268.02,31.49,236.53,99.72,136.81,0.5784,Ana Souza,Aplicativo,PIX,Concluída,4
VND-000188,2024-03-01,Março,Sexta-feira,Nordeste,Pernambuco,Olinda,Informática,HD Externo 1TB,3,316.72,0.0737,950.16,70.03,880.13,614.97,265.16,0.3013,Bruno Alves,Aplicativo,Cartão de Débito,Em processamento,
VND-000189,2024-03-01,Março,Sexta-feira,Sul,Paraná,Curitiba,Informática,Teclado Mecânico,3,241.52,0.052,724.56,37.68,686.88,387.72,299.16,0.4355,Lucas Martins,Marketplace,PIX,Concluída,4
VND-000190,2024-03-01,Março,Sexta-feira,Nordeste,Bahia,Feira de Santana,Eletrônicos,Smartphone X200,1,1865.43,0.0458,1865.43,85.44,1779.99,1316.14,463.85,0.2606,Ana Souza,Loja Física,PIX,Concluída,2
VND-000191,2024-03-01,Março,Sexta-feira,Centro-Oeste,Mato Grosso do Sul,Dourados,Informática,Teclado Mecânico,1,253.2,0.0447,253.2,11.32,241.88,134.35,107.53,0.4446,Juliana Rocha,Site,Boleto,Concluída,5
VND-000192,2024-03-01,Março,Sexta-feira,Nordeste,Pernambuco,Olinda,Esportes,Bola de Futebol,1,93.23,0.1007,93.23,9.39,83.84,40,43.84,0.5229,Fernanda Lima,Telefone,Cartão de Crédito,Concluída,3
VND-000193,2024-03-01,Março,Sexta-feira,Sudeste,Espírito Santo,Vitória,Acessórios,Mochila Executiva,4,228.79,0.092,915.16,84.19,830.97,387.28,443.69,0.5339,Rafael Costa,Site,Cartão de Crédito,Concluída,4
VND-000194,2024-03-02,Março,Sábado,Sudeste,Rio de Janeiro,Duque de Caxias,Acessórios,Óculos de Sol,4,177.41,0.0624,709.64,44.28,665.36,236.96,428.4,0.6439,Camila Ferreira,Loja Física,Dinheiro,Concluída,4
VND-000195,2024-03-02,Março,Sábado,Sudeste,São Paulo,Campinas,Eletrônicos,Caixa de Som Portátil,2,231.93,0.1217,463.86,56.45,407.41,256.98,150.43,0.3692,Carlos Pereira,Aplicativo,Cartão de Crédito,Concluída,4
VND-000196,2024-03-02,Março,Sábado,Centro-Oeste,Goiás,Anápolis,Esportes,Kit Halteres 10kg,4,178.35,0.1084,713.4,77.33,636.07,380.88,255.19,0.4012,Camila Ferreira,Loja Física,Cartão de Crédito,Concluída,4
VND-000197,2024-03-03,Março,Domingo,Centro-Oeste,Distrito Federal,Brasília,Esportes,Garrafa Térmica Esportiva,1,71.51,0.0184,71.51,1.32,70.19,28.53,41.66,0.5935,Rafael Costa,Site,PIX,Concluída,4
VND-000198,2024-03-03,Março,Domingo,Sudeste,Rio de Janeiro,Duque de Caxias,Acessórios,Relógio Analógico,4,351.08,0.038,1404.32,53.36,1350.96,557.4,793.56,0.5874,Bruno Alves,Loja Física,Dinheiro,Concluída,4
VND-000199,2024-03-04,Março,Segunda-feira,Norte,Rondônia,Ji-Paraná,Vestuário,Camiseta Básica,3,55.68,0.1098,167.04,18.34,148.7,58.98,89.72,0.6034,Beatriz Santos,Loja Física,Dinheiro,Devolvida,2
VND-000200,2024-03-04,Março,Segunda-feira,Norte,Pará,Ananindeua,Vestuário,Calça Jeans,1,133.75,0.0135,133.75,1.81,131.94,57.87,74.07,0.5614,Camila Ferreira,Telefone,Dinheiro,Concluída,5
VND-000201,2024-03-05,Março,Terça-feira,Sudeste,Espírito Santo,Vitória,Escritório,Organizador de Mesa,4,45.08,0.0708,180.32,12.77,167.55,71.32,96.23,0.5743,Camila Ferreira,Aplicativo,PIX,Devolvida,1
VND-000202,2024-03-06,Março,Quarta-feira,Nordeste,Paraíba,João Pessoa,Casa,Liquidificador,1,181.6,0.0983,181.6,17.85,163.75,85.89,77.86,0.4755,Beatriz Santos,Marketplace,Cartão de Crédito,Concluída,4
VND-000203,2024-03-06,Março,Quarta-feira,Nordeste,Paraíba,Campina Grande,Escritório,Papel A4 (pacote),8,24.04,0.0813,192.32,15.64,176.68,118,58.68,0.3321,Juliana Rocha,Telefone,Boleto,Concluída,5
VND-000204,2024-03-06,Março,Quarta-feira,Nordeste,Pernambuco,Olinda,Escritório,Papel A4 (pacote),1,23.98,0.0777,23.98,1.86,22.12,14.79,7.33,0.3314,Ana Souza,Loja Física,Cartão de Débito,Concluída,5
VND-000205,2024-03-07,Março,Quinta-feira,Centro-Oeste,Distrito Federal,Brasília,Casa,Aspirador de Pó,1,391.81,0.0692,391.81,27.11,364.7,234.39,130.31,0.3573,Camila Ferreira,Site,Cartão de Crédito,Concluída,4
VND-000206,2024-03-07,Março,Quinta-feira,Sul,Rio Grande do Sul,Duque de Caxias,Esportes,Garrafa Térmica Esportiva,2,66.14,0.0753,132.28,9.96,122.32,46.52,75.8,0.6197,Beatriz Santos,Site,PIX,Concluída,3
VND-000207,2024-03-07,Março,Quinta-feira,Nordeste,Pernambuco,Caruaru,Vestuário,Calça Jeans,2,133.85,0.0099,267.7,2.65,265.05,114.34,150.71,0.5686,Camila Ferreira,Aplicativo,Cartão de Débito,Concluída,4
VND-000208,2024-03-07,Março,Quinta-feira,Sudeste,Espírito Santo,Vila Velha,Eletrônicos,Smart TV 50,1,2150.61,0.079,2150.61,169.9,1980.71,1587.7,393.01,0.1984,Fernanda Lima,Marketplace,PIX,Concluída,4
VND-000209,2024-03-08,Março,Sexta-feira,Nordeste,Bahia,Feira de Santana,Informática,Pen Drive 64GB,7,40.47,0.0937,283.29,26.54,256.75,134.68,122.07,0.4754,Beatriz Santos,Marketplace,Cartão de Crédito,Concluída,4
VND-000210,2024-03-08,Março,Sexta-feira,Sudeste,São Paulo,Campinas,Escritório,Cadeira de Escritório,3,537.7,0.0979,1613.1,157.92,1455.18,930.09,525.09,0.3608,Rafael Costa,Loja Física,Dinheiro,Concluída,4
VND-000211,2024-03-09,Março,Sábado,Nordeste,Paraíba,Campina Grande,Esportes,Tênis de Corrida,4,319.53,0.0743,1278.12,94.96,1183.16,620.6,562.56,0.4755,Ana Souza,Loja Física,Dinheiro,Concluída,3
VND-000212,2024-03-09,Março,Sábado,Sudeste,Espírito Santo,Vila Velha,Casa,Liquidificador,7,186.75,0.1201,1307.25,157,1150.25,630.14,520.11,0.4522,Marcos Oliveira,Marketplace,Cartão de Débito,Concluída,4
VND-000213,2024-03-09,Março,Sábado,Sul,Paraná,Curitiba,Esportes,Tênis de Corrida,4,309.38,0.0753,1237.52,93.19,1144.33,611.72,532.61,0.4654,Diego Ribeiro,Loja Física,Cartão de Débito,Concluída,4
VND-000214,2024-03-10,Março,Domingo,Sudeste,São Paulo,Santos,Esportes,Bola de Futebol,2,91.25,0.0435,182.5,7.94,174.56,74.48,100.08,0.5733,Juliana Rocha,Site,Boleto,Concluída,5
VND-000215,2024-03-10,Março,Domingo,Sudeste,Minas Gerais,Uberlândia,Esportes,Bola de Futebol,1,88.24,0.0075,88.24,0.66,87.58,37.5,50.08,0.5718,Diego Ribeiro,Telefone,Cartão de Crédito,Concluída,4
VND-000216,2024-03-10,Março,Domingo,Sudeste,São Paulo,Campinas,Vestuário,Blusa de Frio,2,119.09,0.1099,238.18,26.18,212,90.76,121.24,0.5719,Fernanda Lima,Aplicativo,PIX,Cancelada,
VND-000217,2024-03-11,Março,Segunda-feira,Nordeste,Bahia,Salvador,Vestuário,Calça Jeans,3,126.16,0.0892,378.48,33.76,344.72,159.72,185,0.5367,Beatriz Santos,Loja Física,Dinheiro,Concluída,4
VND-000218,2024-03-11,Março,Segunda-feira,Sul,Santa Catarina,Florianópolis,Esportes,Bola de Futebol,1,91.54,0.0741,91.54,6.78,84.76,35,49.76,0.5871,Camila Ferreira,Loja Física,Dinheiro,Concluída,4
VND-000219,2024-03-11,Março,Segunda-feira,Nordeste,Paraíba,Campina Grande,Casa,Panela Elétrica de Arroz,1,215.8,0.0861,215.8,18.58,197.22,110.82,86.4,0.4381,Beatriz Santos,Loja Física,Cartão de Débito,Concluída,3
VND-000220,2024-03-11,Março,Segunda-feira,Norte,Pará,Ananindeua,Casa,Liquidificador,5,183.67,0.1261,918.35,115.8,802.55,467.85,334.7,0.417,Camila Ferreira,Aplicativo,Cartão de Crédito,Cancelada,
VND-000221,2024-03-12,Março,Terça-feira,Nordeste,Pernambuco,Olinda,Acessórios,Carteira de Couro,1,141.5,0.0186,141.5,2.63,138.87,56.5,82.37,0.5931,Ana Souza,Marketplace,Cartão de Crédito,Devolvida,4
VND-000222,2024-03-12,Março,Terça-feira,Sudeste,Minas Gerais,Belo Horizonte,Acessórios,Relógio Analógico,4,362.23,0.0766,1448.92,110.99,1337.93,648.76,689.17,0.5151,Fernanda Lima,Loja Física,Dinheiro,Concluída,3
VND-000223,2024-03-12,Março,Terça-feira,Sudeste,Rio de Janeiro,Duque de Caxias,Informática,HD Externo 1TB,4,315.72,0.0999,1262.88,126.16,1136.72,758.84,377.88,0.3324,Lucas Martins,Site,Cartão de Crédito,Concluída,5
VND-000224,2024-03-13,Março,Quarta-feira,Centro-Oeste,Distrito Federal,Brasília,Casa,Panela Elétrica de Arroz,1,220.83,0.0043,220.83,0.95,219.88,120.58,99.3,0.4516,Camila Ferreira,Site,Cartão de Crédito,Concluída,3
VND-000225,2024-03-13,Março,Quarta-feira,Nordeste,Pernambuco,Recife,Vestuário,Camiseta Básica,2,55.62,0.0259,111.24,2.88,108.36,38.26,70.1,0.6469,Fernanda Lima,Aplicativo,PIX,Concluída,4
VND-000226,2024-03-13,Março,Quarta-feira,Sudeste,Rio de Janeiro,Duque de Caxias,Vestuário,Camiseta Básica,5,56.07,0.1022,280.35,28.65,251.7,93.25,158.45,0.6295,Fernanda Lima,Site,Cartão de Crédito,Concluída,2
VND-000227,2024-03-13,Março,Quarta-feira,Nordeste,Pernambuco,Recife,Informática,HD Externo 1TB,1,319.99,0.11,319.99,35.2,284.79,207.19,77.6,0.2725,Juliana Rocha,Marketplace,Cartão de Crédito,Devolvida,5
VND-000228,2024-03-13,Março,Quarta-feira,Nordeste,Pernambuco,Recife,Casa,Air Fryer,3,352.27,0.0601,1056.81,63.51,993.3,597.3,396,0.3987,Rafael Costa,Marketplace,Cartão de Crédito,Devolvida,2
VND-000229,2024-03-13,Março,Quarta-feira,Sul,Santa Catarina,Florianópolis,Informática,Mouse Sem Fio,1,58.99,0.0229,58.99,1.35,57.64,27.74,29.9,0.5187,Rafael Costa,Loja Física,PIX,Devolvida,2
VND-000230,2024-03-14,Março,Quinta-feira,Sudeste,São Paulo,Santos,Eletrônicos,Smartwatch,1,441.45,0.1144,441.45,50.5,390.95,264.8,126.15,0.3227,Camila Ferreira,Aplicativo,Cartão de Crédito,Concluída,5
VND-000231,2024-03-15,Março,Sexta-feira,Norte,Rondônia,Ji-Paraná,Acessórios,Cinto de Couro,2,88.99,0.0701,177.98,12.48,165.5,59.1,106.4,0.6429,Camila Ferreira,Site,Cartão de Crédito,Concluída,3
VND-000232,2024-03-15,Março,Sexta-feira,Sudeste,São Paulo,Sorocaba,Vestuário,Blusa de Frio,5,120.04,0.0867,600.2,52.04,548.16,231.45,316.71,0.5778,Bruno Alves,Site,PIX,Concluída,3
VND-000233,2024-03-15,Março,Sexta-feira,Nordeste,Paraíba,Campina Grande,Casa,Panela Elétrica de Arroz,4,212.76,0.1071,851.04,91.15,759.89,426.12,333.77,0.4392,Beatriz Santos,Site,Cartão de Crédito,Concluída,2
VND-000234,2024-03-15,Março,Sexta-feira,Centro-Oeste,Distrito Federal,Brasília,Eletrônicos,Caixa de Som Portátil,1,226.23,0.0441,226.23,9.98,216.25,128.58,87.67,0.4054,Rafael Costa,Site,Cartão de Crédito,Concluída,4
VND-000235,2024-03-15,Março,Sexta-feira,Sudeste,Minas Gerais,Contagem,Informática,HD Externo 1TB,2,336.53,0.0501,673.06,33.72,639.34,412.52,226.82,0.3548,Ana Souza,Site,Boleto,Em processamento,
VND-000236,2024-03-15,Março,Sexta-feira,Sul,Rio Grande do Sul,Caxias do Sul,Escritório,Organizador de Mesa,11,44.24,0.1482,486.64,72.12,414.52,184.69,229.83,0.5544,Marcos Oliveira,Loja Física,Cartão de Débito,Concluída,4
VND-000237,2024-03-16,Março,Sábado,Sudeste,Rio de Janeiro,Niterói,Acessórios,Cinto de Couro,1,88.78,0.077,88.78,6.84,81.94,29.19,52.75,0.6438,Ana Souza,APLICATIVO,Cartão de Crédito,Concluída,4
VND-000238,2024-03-16,Março,Sábado,Centro-Oeste,Goiás,Anápolis,Informática,Mouse Sem Fio,1,60.37,0.0216,60.37,1.3,59.07,26.24,32.83,0.5558,Camila Ferreira,Marketplace,Cartão de Crédito,Concluída,3
VND-000239,2024-03-16,Março,Sábado,Sul,Paraná,Londrina,Casa,Aspirador de Pó,3,401.73,0.0776,1205.19,93.52,1111.67,704.76,406.91,0.366,Ana Souza,Telefone,Boleto,Concluída,3
VND-000240,2024-03-17,Março,Domingo,Centro-Oeste,Mato Grosso,Cuiabá,Esportes,Tênis de Corrida,2,321.21,0.0158,642.42,10.15,632.27,310.38,321.89,0.5091,Marcos Oliveira,Site,PIX,Concluída,4
VND-000241,2024-03-17,Março,Domingo,Sudeste,Rio de Janeiro,Duque de Caxias,Acessórios,Cinto de Couro,1,90.24,0.0459,90.24,4.14,86.1,33.79,52.31,0.6075,Beatriz Santos,Telefone,Cartão de Crédito,Concluída,1
VND-000242,2024-03-17,Março,Domingo,Nordeste,Pernambuco,Recife,Vestuário,Jaqueta Corta-Vento,2,222.92,0.0317,445.84,14.13,431.71,224.6,207.11,0.4797,Marcos Oliveira,Loja Física,Cartão de Débito,Em processamento,
VND-000243,2024-03-18,Março,Segunda-feira,Centro-Oeste,Mato Grosso,Cuiabá,Escritório,Papel A4 (pacote),5,25.34,0.0708,126.7,8.97,117.73,75.4,42.33,0.3596,Beatriz Santos,Loja Física,PIX,Concluída,5
VND-000244,2024-03-18,Março,Segunda-feira,Sul,Rio Grande do Sul,Pelotas,Vestuário,Vestido Casual,7,150.89,0.0932,1056.23,98.44,957.79,405.37,552.42,0.5768,Patrícia Gomes,Marketplace,Cartão de Crédito,Concluída,4
VND-000245,2024-03-18,Março,Segunda-feira,Sul,Rio Grande do Sul,Caxias do Sul,Casa,Aspirador de Pó,4,387.84,0.0962,1551.36,149.24,1402.12,903.44,498.68,0.3557,Bruno Alves,Loja Física,Cartão de Débito,Concluída,5
VND-000246,2024-03-19,Março,Terça-feira,Sudeste,Espírito Santo,Vitória,Escritório,Organizador de Mesa,7,43.77,0.0313,306.39,9.59,296.8,121.66,175.14,0.5901,Marcos Oliveira,Marketplace,Cartão de Crédito,Concluída,4
VND-000247,2024-03-19,Março,Terça-feira,Sudeste,Minas Gerais,Uberlândia,Casa,Liquidificador,1,178.33,0.0446,178.33,7.95,170.38,84.37,86.01,0.5048,Ana Souza,Aplicativo,Cartão de Crédito,Concluída,3
VND-000248,2024-03-20,Março,Quarta-feira,Sudeste,Minas Gerais,Contagem,Informática,Pen Drive 64GB,1,41.68,0.0424,41.68,1.77,39.91,20.43,19.48,0.4881,Bruno Alves,Aplicativo,Cartão de Crédito,Concluída,3
VND-000249,2024-03-20,Março,Quarta-feira,Sul,Santa Catarina,Florianópolis,Informática,Monitor 24,1,736.39,0.0795,736.39,58.54,677.85,500.52,177.33,0.2616,Ana Souza,Marketplace,Boleto,Concluída,5
VND-000250,2024-03-20,Março,Quarta-feira,Nordeste,Ceará,Fortaleza,Informática,Mouse Sem Fio,1,62.69,0.0929,62.69,5.82,56.87,27.29,29.58,0.5201,Rafael Costa,Site,PIX,Concluída,4
VND-000251,2024-03-21,Março,Quinta-feira,Sudeste,São Paulo,São Paulo,Informática,Teclado Mecânico,1,251.78,0.0139,251.78,3.5,248.28,139.99,108.29,0.4362,Ana Souza,Loja Física,Cartão de Débito,Concluída,3
VND-000252,2024-03-21,Março,Quinta-feira,Sudeste,São Paulo,Santos,Vestuário,Vestido Casual,1,151.63,0.0304,151.63,4.61,147.02,59.05,87.97,0.5984,Ana Souza,Site,PIX,Concluída,2
VND-000253,2024-03-21,Março,Quinta-feira,Centro-Oeste,Mato Grosso,Cuiabá,Escritório,Papel A4 (pacote),2,24.82,0.003,49.64,0.15,49.49,29.1,20.39,0.412,Marcos Oliveira,Site,Cartão de Débito,Concluída,4
VND-000254,2024-03-21,Março,Quinta-feira,Norte,Rondônia,Porto Velho,Informática,HD Externo 1TB,3,333.13,0.0498,999.39,49.77,949.62,606.27,343.35,0.3616,Fernanda Lima,Loja Física,PIX,Concluída,4
VND-000255,2024-03-22,Março,Sexta-feira,Sul,Santa Catarina,Blumenau,Acessórios,Relógio Analógico,2,350.76,0.0523,701.52,36.69,664.83,291.78,373.05,0.5611,Carlos Pereira,Loja Física,Dinheiro,Concluída,4
VND-000256,2024-03-22,Março,Sexta-feira,Sudeste,São Paulo,Campinas,Escritório,Organizador de Mesa,2,46.33,0.0306,92.66,2.84,89.82,37.98,51.84,0.5772,Fernanda Lima,Aplicativo,PIX,Concluída,4
VND-000257,2024-03-22,Março,Sexta-feira,Sudeste,São Paulo,Campinas,Eletrônicos,Caixa de Som Portátil,5,221.79,0.0996,1108.95,110.45,998.5,637.5,361,0.3615,Marcos Oliveira,Marketplace,Boleto,Concluída,4
VND-000258,2024-03-22,Março,Sexta-feira,Sudeste,São Paulo,Sorocaba,Informática,Pen Drive 64GB,1,40.49,0.0334,40.49,1.35,39.14,20.11,19.03,0.4862,Camila Ferreira,Aplicativo,Cartão de Crédito,Concluída,5
VND-000259,2024-03-22,Março,Sexta-feira,Sul,Rio Grande do Sul,Porto Alegre,Informática,Mouse Sem Fio,3,58.04,0.0779,174.12,13.56,160.56,74.67,85.89,0.5349,Rafael Costa,Marketplace,PIX,Cancelada,
VND-000260,2024-03-22,Março,Sexta-feira,Sul,Rio Grande do Sul,Porto Alegre,Acessórios,Óculos de Sol,1,181.91,0.0644,181.91,11.72,170.19,59.43,110.76,0.6508,Ana Souza,Marketplace,PIX,Concluída,2
VND-000261,2024-03-23,Março,Sábado,Sul,Paraná,Londrina,Informática,Mouse Sem Fio,2,62.42,0.0845,124.84,10.55,114.29,56.56,57.73,0.5051,Camila Ferreira,Marketplace,Cartão de Crédito,Concluída,3
VND-000262,2024-03-23,Março,Sábado,Sul,Rio Grande do Sul,Caxias do Sul,Esportes,Garrafa Térmica Esportiva,1,67.51,0.0694,67.51,4.69,62.82,25.17,37.65,0.5993,Rafael Costa,Loja Física,Cartão de Débito,Concluída,4
VND-000263,2024-03-23,Março,Sábado,Sul,Paraná,Londrina,Esportes,Tênis de Corrida,2,306.66,0.1223,613.32,75.01,538.31,300.08,238.23,0.4426,Ana Souza,Loja Física,Dinheiro,Concluída,3
VND-000264,2024-03-23,Março,Sábado,Centro-Oeste,Distrito Federal,Brasília,Vestuário,Camiseta Básica,6,53.11,0.089,318.66,28.36,290.3,111.3,179,0.6166,Fernanda Lima,Telefone,Dinheiro,Concluída,4
VND-000265,2024-03-23,Março,Sábado,Centro-Oeste,Mato Grosso,Várzea Grande,Informática,Teclado Mecânico,1,253.13,0.0823,253.13,20.83,232.3,133.81,98.49,0.424,Marcos Oliveira,Telefone,Boleto,Concluída,5
VND-000266,2024-03-24,Março,Domingo,Centro-Oeste,Goiás,Anápolis,Esportes,Garrafa Térmica Esportiva,2,66.86,0.0872,133.72,11.66,122.06,46.92,75.14,0.6156,Diego Ribeiro,Site,PIX,Concluída,5
VND-000267,2024-03-25,Março,Segunda-feira,Norte,Rondônia,Ji-Paraná,Esportes,Tênis de Corrida,1,322.65,0.0509,322.65,16.42,306.23,152.91,153.32,0.5007,Marcos Oliveira,Site,PIX,Concluída,5
VND-000268,2024-03-25,Março,Segunda-feira,Sudeste,São Paulo,Sorocaba,Vestuário,Jaqueta Corta-Vento,3,207.94,0.0573,623.82,35.74,588.08,297.27,290.81,0.4945,Marcos Oliveira,Loja Física,Dinheiro,Concluída,4
VND-000269,2024-03-26,Março,Terça-feira,Sudeste,Minas Gerais,Contagem,Vestuário,Calça Jeans,2,126.94,0.1397,253.88,35.47,218.41,109.16,109.25,0.5002,Fernanda Lima,Marketplace,Boleto,Cancelada,
VND-000270,2024-03-26,Março,Terça-feira,Sudeste,São Paulo,Campinas,Casa,Air Fryer,2,352.5,0.0461,705,32.5,672.5,397.98,274.52,0.4082,Beatriz Santos,Site,Cartão de Débito,Concluída,4
VND-000271,2024-03-27,Março,Quarta-feira,Sul,Paraná,Curitiba,Acessórios,Relógio Analógico,1,337,0.1278,337,43.07,293.93,145.3,148.63,0.5057,Carlos Pereira,Site,PIX,Concluída,3
VND-000272,2024-03-27,Março,Quarta-feira,Sudeste,Espírito Santo,Vila Velha,Escritório,Organizador de Mesa,2,46.48,0.0692,92.96,6.43,86.53,37.26,49.27,0.5694,Lucas Martins,Loja Física,PIX,Concluída,3
VND-000273,2024-03-27,Março,Quarta-feira,Sudeste,Espírito Santo,Vila Velha,Acessórios,Óculos de Sol,2,174.75,0.1128,349.5,39.42,310.08,123.98,186.1,0.6002,Beatriz Santos,Loja Física,Cartão de Crédito,Concluída,4
VND-000274,2024-03-28,Março,Quinta-feira,Sudeste,São Paulo,São Paulo,Informática,Mouse Sem Fio,1,61.09,0.03,61.09,1.83,59.26,26.45,32.81,0.5537,Marcos Oliveira,Aplicativo,PIX,Concluída,5
VND-000275,2024-03-28,Março,Quinta-feira,Sudeste,São Paulo,São Paulo,Esportes,Kit Halteres 10kg,5,176.62,0.1145,883.1,101.11,781.99,474.85,307.14,0.3928,Ana Souza,Marketplace,PIX,Concluída,3
VND-000276,2024-03-28,Março,Quinta-feira,Sul,Paraná,Curitiba,Informática,Teclado Mecânico,2,251.83,0.0755,503.66,38.03,465.63,289.2,176.43,0.3789,Fernanda Lima,Aplicativo,Cartão de Crédito,Concluída,5
VND-000277,2024-03-29,Março,Sexta-feira,Centro-Oeste,Goiás,Anápolis,Escritório,Organizador de Mesa,3,46.38,0.0466,139.14,6.48,132.66,52.68,79.98,0.6029,Ana Souza,Loja Física,Dinheiro,Concluída,4
VND-000278,2024-03-29,Março,Sexta-feira,Sudeste,São Paulo,São Paulo,Vestuário,Camiseta Básica,1,56.45,0.1336,56.45,7.54,48.91,18.65,30.26,0.6187,Fernanda Lima,Loja Física,Cartão de Débito,Concluída,4
VND-000279,2024-03-29,Março,Sexta-feira,Sudeste,Rio de Janeiro,Duque de Caxias,Casa,Panela Elétrica de Arroz,5,213.49,0.0824,1067.45,87.96,979.49,578.9,400.59,0.409,Diego Ribeiro,Telefone,Dinheiro,Devolvida,4
VND-000280,2024-03-30,Março,Sábado,Sul,Rio Grande do Sul,Pelotas,Casa,Aspirador de Pó,3,402.82,0.031,1208.46,37.46,1171,730.41,440.59,0.3763,Beatriz Santos,Aplicativo,PIX,Concluída,4
VND-000281,2024-03-30,Março,Sábado,Sul,Paraná,Curitiba,Esportes,Tênis de Corrida,1,316.67,0.0418,316.67,13.24,303.43,167.47,135.96,0.4481,Ana Souza,Telefone,Dinheiro,Concluída,4
VND-000282,2024-03-30,Março,Sábado,Sudeste,Espírito Santo,Vitória,Acessórios,Carteira de Couro,2,139.07,0.0312,278.14,8.68,269.46,111.9,157.56,0.5847,Diego Ribeiro,Site,Cartão de Crédito,Concluída,4
VND-000283,2024-03-30,Março,Sábado,Sudeste,São Paulo,Sorocaba,Escritório,Papel A4 (pacote),3,25.88,0.0261,77.64,2.03,75.61,48.57,27.04,0.3576,Beatriz Santos,Aplicativo,PIX,Concluída,4
VND-000284,2024-03-30,Março,Sábado,Norte,Rondônia,Porto Velho,Informática,Mouse Sem Fio,2,60.68,0.0726,121.36,8.81,112.55,53.86,58.69,0.5215,Camila Ferreira,Loja Física,Dinheiro,Concluída,2
VND-000285,2024-03-30,Março,Sábado,Sudeste,São Paulo,São Paulo,Escritório,Cadeira de Escritório,1,560.56,0.1387,560.56,77.75,482.81,345.58,137.23,0.2842,Lucas Martins,Aplicativo,PIX,Concluída,3
VND-000286,2024-03-30,Março,Sábado,Norte,Rondônia,Porto Velho,Esportes,Tênis de Corrida,3,317.43,0.0731,952.29,69.61,882.68,453.45,429.23,0.4863,Fernanda Lima,Site,Cartão de Crédito,Concluída,4
VND-000287,2024-03-30,Março,Sábado,Sul,Paraná,Maringá,Casa,Aspirador de Pó,4,411.57,0.0614,1646.28,101.08,1545.2,946.92,598.28,0.3872,Ana Souza,Loja Física,Cartão de Crédito,Concluída,5
VND-000288,2024-03-30,Março,Sábado,Centro-Oeste,Mato Grosso do Sul,Dourados,Eletrônicos,Smartphone X200,1,1778.41,0.0458,1778.41,81.45,1696.96,1209.17,487.79,0.2874,Diego Ribeiro,Site,PIX,Concluída,5
VND-000289,2024-03-31,Março,Domingo,Centro-Oeste,Mato Grosso do Sul,Dourados,Esportes,Bicicleta Aro 29,1,1204.18,0.1544,1204.18,185.93,1018.25,809.06,209.19,0.2054,Beatriz Santos,Marketplace,Cartão de Crédito,Concluída,5
VND-000290,2024-03-31,Março,Domingo,Centro-Oeste,Goiás,Anápolis,Informática,Mouse Sem Fio,1,60.15,0.0439,60.15,2.64,57.51,26.45,31.06,0.5401,Ana Souza,Site,Cartão de Crédito,Concluída,3
VND-000291,2024-03-31,Março,Domingo,Sul,Santa Catarina,Joinville,Casa,Panela Elétrica de Arroz,1,216.85,0.0708,216.85,15.35,201.5,117.16,84.34,0.4186,Juliana Rocha,Site,Cartão de Crédito,Concluída,4
VND-000292,2024-03-31,Março,Domingo,Nordeste,Paraíba,Campina Grande,Casa,Aspirador de Pó,3,384.63,0.0183,1153.89,21.12,1132.77,671.01,461.76,0.4076,Diego Ribeiro,Loja Física,Cartão de Débito,Devolvida,3
VND-000293,2024-03-31,Março,Domingo,Sudeste,Minas Gerais,Uberlândia,Informática,Mouse Sem Fio,1,62.27,0.0527,62.27,3.28,58.99,28.36,30.63,0.5192,Rafael Costa,Telefone,Dinheiro,Concluída,3
VND-000294,2024-04-01,Abril,Segunda-feira,Centro-Oeste,Goiás,Goiânia,Vestuário,Blusa de Frio,1,119.41,0.0439,119.41,5.24,114.17,45.61,68.56,0.6005,Juliana Rocha,Loja Física,Cartão de Crédito,Concluída,4
VND-000295,2024-04-01,Abril,Segunda-feira,Centro-Oeste,Mato Grosso,Várzea Grande,Acessórios,Mochila Executiva,3,229.41,0.0698,688.23,48.04,640.19,258.9,381.29,0.5956,Marcos Oliveira,Aplicativo,Cartão de Crédito,Concluída,5
VND-000296,2024-04-02,Abril,Terça-feira,Sul,Santa Catarina,Joinville,Eletrônicos,Fone Bluetooth,7,157.27,0.0864,1100.89,95.12,1005.77,625.24,380.53,0.3783,Beatriz Santos,Site,Cartão de Crédito,Concluída,4
VND-000297,2024-04-02,Abril,Terça-feira,Nordeste,Ceará,Fortaleza,Vestuário,Calça Jeans,1,127.13,0.0967,127.13,12.29,114.84,50.75,64.09,0.5581,Rafael Costa,Aplicativo,PIX,Concluída,4
VND-000298,2024-04-03,Abril,Quarta-feira,Norte,Amazonas,Manaus,Vestuário,Jaqueta Corta-Vento,1,212.5,0.0877,212.5,18.64,193.86,101.8,92.06,0.4749,Juliana Rocha,Aplicativo,Cartão de Débito,Concluída,5
VND-000299,2024-04-03,Abril,Quarta-feira,Centro-Oeste,Mato Grosso,Cuiabá,Eletrônicos,Fone Bluetooth,5,148.48,0.0649,742.4,48.18,694.22,395.85,298.37,0.4298,Fernanda Lima,Loja Física,Cartão de Débito,Concluída,5
VND-000300,2024-04-03,Abril,Quarta-feira,Nordeste,Pernambuco,Caruaru,Acessórios,Relógio Analógico,2,356.86,0.1246,713.72,88.93,624.79,297.54,327.25,0.5238,Juliana Rocha,Site,Cartão de Crédito,Concluída,4
VND-000301,2024-04-03,Abril,Quarta-feira,Nordeste,Paraíba,João Pessoa,Acessórios,Cinto de Couro,2,92.53,0.0442,185.06,8.18,176.88,66.38,110.5,0.6247,Patrícia Gomes,Site,Cartão de Crédito,Concluída,4
VND-000302,2024-04-03,Abril,Quarta-feira,Sudeste,São Paulo,Campinas,Vestuário,Camiseta Básica,10,54.41,0.151,544.1,82.16,461.94,195.2,266.74,0.5774,Carlos Pereira,Loja Física,Cartão de Débito,Cancelada,
VND-000303,2024-04-03,Abril,Quarta-feira,Norte,Pará,Ananindeua,Esportes,Bicicleta Aro 29,1,1117.6,0.0198,1117.6,22.13,1095.47,743.41,352.06,0.3214,Ana Souza,Aplicativo,Cartão de Crédito,Concluída,4
VND-000304,2024-04-04,Abril,Quinta-feira,Sul,Paraná,Londrina,Escritório,Organizador de Mesa,8,48.2,0.1252,385.6,48.28,337.32,165.6,171.72,0.5091,Marcos Oliveira,Marketplace,Cartão de Crédito,Concluída,5
VND-000305,2024-04-04,Abril,Quinta-feira,Sudeste,Rio de Janeiro,Niterói,Vestuário,Blusa de Frio,2,125.74,0.0399,251.48,10.03,241.45,100.38,141.07,0.5843,Rafael Costa,Marketplace,Boleto,Concluída,3
VND-000306,2024-04-04,Abril,Quinta-feira,Nordeste,Ceará,Fortaleza,Escritório,Papel A4 (pacote),1,24.55,0.0675,24.55,1.66,22.89,15.4,7.49,0.3272,Diego Ribeiro,Site,Cartão de Débito,Concluída,5
VND-000307,2024-04-04,Abril,Quinta-feira,Sudeste,Minas Gerais,Uberlândia,Escritório,Kit Canetas Executivas,1,90.99,0.0408,90.99,3.71,87.28,33.42,53.86,0.6171,Diego Ribeiro,Aplicativo,Cartão de Crédito,Concluída,4
VND-000308,2024-04-04,Abril,Quinta-feira,Sudeste,Espírito Santo,Vila Velha,Acessórios,Cinto de Couro,2,88.88,0.0559,177.76,9.94,167.82,66.98,100.84,0.6009,Beatriz Santos,Loja Física,Dinheiro,Concluída,3
VND-000309,2024-04-04,Abril,Quinta-feira,Sudeste,Rio de Janeiro,Rio de Janeiro,Eletrônicos,Caixa de Som Portátil,2,215.66,0.0869,431.32,37.48,393.84,238.78,155.06,0.3937,Juliana Rocha,Site,PIX,Concluída,5
VND-000310,2024-04-04,Abril,Quinta-feira,Sul,Paraná,Curitiba,Vestuário,Calça Jeans,6,135.11,0.0878,810.66,71.18,739.48,349.2,390.28,0.5278,Carlos Pereira,Marketplace,Cartão de Crédito,Devolvida,2
VND-000311,2024-04-04,Abril,Quinta-feira,Norte,Rondônia,Ji-Paraná,Esportes,Bicicleta Aro 29,1,1207.94,0.0131,1207.94,15.82,1192.12,808.4,383.72,0.3219,Fernanda Lima,Site,Cartão de Crédito,Concluída,4
VND-000312,2024-04-05,Abril,Sexta-feira,Sudeste,Espírito Santo,Vila Velha,Escritório,Organizador de Mesa,3,43.93,0.0674,131.79,8.88,122.91,53.04,69.87,0.5685,Fernanda Lima,Aplicativo,Cartão de Crédito,Concluída,4
VND-000313,2024-04-06,Abril,Sábado,Sudeste,Rio de Janeiro,Niterói,Casa,Aspirador de Pó,4,392.01,0.0908,1568.04,142.38,1425.66,890.68,534.98,0.3753,Ana Souza,Site,PIX,Concluída,4
VND-000314,2024-04-06,Abril,Sábado,Centro-Oeste,Mato Grosso do Sul,Dourados,Escritório,Mesa para Computador,2,2619.9,0.1235,5239.8,647.12,4592.68,2881.89,1710.79,0.3725,Diego Ribeiro,Loja Física,Dinheiro,Concluída,4
VND-000315,2024-04-06,Abril,Sábado,Nordeste,Bahia,Salvador,Casa,Aspirador de Pó,1,390.61,0.0888,390.61,34.69,355.92,234.06,121.86,0.3424,Fernanda Lima,Telefone,Dinheiro,Concluída,4
VND-000316,2024-04-08,Abril,Segunda-feira,Sudeste,São Paulo,Campinas,Informática,Mouse Sem Fio,1,58.59,0.0661,58.59,3.87,54.72,24.68,30.04,0.549,Rafael Costa,Site,Cartão de Crédito,Cancelada,
VND-000317,2024-04-08,Abril,Segunda-feira,Sudeste,São Paulo,Santos,Vestuário,Camiseta Básica,1,55.9,0.0445,55.9,2.49,53.41,19.16,34.25,0.6413,Camila Ferreira,Marketplace,Cartão de Crédito,Cancelada,
VND-000318,2024-04-10,Abril,Quarta-feira,Nordeste,Pernambuco,Caruaru,Acessórios,Carteira de Couro,1,144.89,0.0566,144.89,8.2,136.69,58.53,78.16,0.5718,Ana Souza,Aplicativo,PIX,Concluída,3
VND-000319,2024-04-10,Abril,Quarta-feira,Nordeste,Pernambuco,Recife,Acessórios,Cinto de Couro,2,88.65,0.0175,177.3,3.1,174.2,57.8,116.4,0.6682,Juliana Rocha,Aplicativo,Cartão de Crédito,Concluída,2
VND-000320,2024-04-10,Abril,Quarta-feira,Sudeste,Minas Gerais,Belo Horizonte,Casa,Air Fryer,2,369.44,0.0355,738.88,26.23,712.65,401.2,311.45,0.437,Ana Souza,Loja Física,Cartão de Crédito,Concluída,3
VND-000321,2024-04-11,Abril,Quinta-feira,Sudeste,São Paulo,Sorocaba,Escritório,Organizador de Mesa,3,45.95,0.045,137.85,6.2,131.65,51.06,80.59,0.6122,Ana Souza,Site,PIX,Concluída,4
VND-000322,2024-04-11,Abril,Quinta-feira,Sul,Rio Grande do Sul,Porto Alegre,Informática,Mouse Sem Fio,4,62.77,0.0592,251.08,14.86,236.22,108.92,127.3,0.5389,Rafael Costa,Site,Cartão de Débito,Concluída,4
VND-000323,2024-04-12,Abril,Sexta-feira,Nordeste,Pernambuco,Olinda,Vestuário,Vestido Casual,1,156.82,0.1211,156.82,18.99,137.83,60.82,77.01,0.5587,Fernanda Lima,Site,PIX,Concluída,4
VND-000324,2024-04-12,Abril,Sexta-feira,Centro-Oeste,Mato Grosso do Sul,Dourados,Eletrônicos,Fone Bluetooth,5,153.91,0.0884,769.55,68.03,701.52,444.3,257.22,0.3667,Beatriz Santos,Loja Física,Cartão de Crédito,Concluída,5
VND-000325,2024-04-12,Abril,Sexta-feira,Sudeste,Espírito Santo,Vila Velha,Informática,Notebook Pro 15,1,3216.11,0.0673,3216.11,216.44,2999.67,2419.01,580.66,0.1936,Marcos Oliveira,Site,PIX,Concluída,4
VND-000326,2024-04-12,Abril,Sexta-feira,Sudeste,Rio de Janeiro,Duque de Caxias,Casa,Air Fryer,3,330.09,0.0548,990.27,54.27,936,548.7,387.3,0.4138,Bruno Alves,Loja Física,Cartão de Débito,Concluída,4
VND-000327,2024-04-12,Abril,Sexta-feira,Nordeste,Paraíba,Campina Grande,Informática,HD Externo 1TB,3,314.88,0.0529,944.64,49.97,894.67,575.49,319.18,0.3568,Bruno Alves,Loja Física,Cartão de Crédito,Devolvida,2
VND-000328,2024-04-12,Abril,Sexta-feira,Sudeste,São Paulo,Santos,Casa,Jogo de Cama Queen,2,163.39,0.0312,326.78,10.2,316.58,143.02,173.56,0.5482,Patrícia Gomes,Loja Física,Cartão de Crédito,Concluída,5
VND-000329,2024-04-13,Abril,Sábado,Norte,Pará,Belém,Eletrônicos,Caixa de Som Portátil,44,223.68,0.0355,9841.92,349.39,9492.53,5413.06,4079.47,0.4298,Fernanda Lima,Site,Cartão de Débito,Concluída,4
VND-000330,2024-04-13,Abril,Sábado,Sul,Paraná,Londrina,Vestuário,Jaqueta Corta-Vento,2,223.43,0.1045,446.86,46.7,400.16,217.76,182.4,0.4558,Beatriz Santos,Loja Física,Dinheiro,Concluída,4
VND-000331,2024-04-13,Abril,Sábado,Sul,Rio Grande do Sul,Caxias do Sul,Vestuário,Calça Jeans,4,120.47,0.0339,481.88,16.34,465.54,206.52,259.02,0.5564,Camila Ferreira,Aplicativo,PIX,Concluída,3
VND-000332,2024-04-13,Abril,Sábado,Sudeste,Rio de Janeiro,Niterói,Informática,HD Externo 1TB,2,312.12,0.0308,624.24,19.23,605.01,386,219.01,0.362,Bruno Alves,Site,PIX,Concluída,4
VND-000333,2024-04-14,Abril,Domingo,Nordeste,Bahia,Salvador,Casa,Aspirador de Pó,4,400.2,0.1034,1600.8,165.52,1435.28,891.88,543.4,0.3786,Ana Souza,Site,Cartão de Crédito,Cancelada,
VND-000334,2024-04-14,Abril,Domingo,Sul,Rio Grande do Sul,Porto Alegre,Escritório,Organizador de Mesa,8,45.89,0.1655,367.12,60.76,306.36,150.8,155.56,0.5078,Diego Ribeiro,Marketplace,Cartão de Crédito,Devolvida,4
VND-000335,2024-04-14,Abril,Domingo,Sudeste,Minas Gerais,Uberlândia,Acessórios,Carteira de Couro,1,137.73,0.0356,137.73,4.9,132.83,55.74,77.09,0.5804,Bruno Alves,Marketplace,PIX,Concluída,3
VND-000336,2024-04-15,Abril,Segunda-feira,Sudeste,São Paulo,São Paulo,Esportes,Bicicleta Aro 29,3,1229.56,0.059,3688.68,217.63,3471.05,2617.68,853.37,0.2459,Carlos Pereira,Site,Cartão de Crédito,Concluída,4
VND-000337,2024-04-15,Abril,Segunda-feira,Norte,Amazonas,Manaus,Esportes,Garrafa Térmica Esportiva,4,70.4,0.0281,281.6,7.91,273.69,110.24,163.45,0.5972,Ana Souza,Aplicativo,Cartão de Crédito,Concluída,5
VND-000338,2024-04-15,Abril,Segunda-feira,Sul,Santa Catarina,Florianópolis,Eletrônicos,Fone Bluetooth,1,153.2,0.0162,153.2,2.48,150.72,85.51,65.21,0.4327,Juliana Rocha,Loja Física,Cartão de Crédito,Devolvida,2
VND-000339,2024-04-15,Abril,Segunda-feira,Sudeste,São Paulo,Sorocaba,Acessórios,Relógio Analógico,1,352.24,0.0474,352.24,16.7,335.54,151.76,183.78,0.5477,Rafael Costa,Aplicativo,PIX,Concluída,5
VND-000340,2024-04-15,Abril,Segunda-feira,Norte,Amazonas,Manaus,Informática,Teclado Mecânico,1,247.69,0.0453,247.69,11.22,236.47,139.4,97.07,0.4105,Lucas Martins,Loja Física,PIX,Concluída,3
VND-000341,2024-04-16,Abril,Terça-feira,Sudeste,Espírito Santo,Vitória,Informática,Pen Drive 64GB,2,38.49,0.0821,76.98,6.32,70.66,37.84,32.82,0.4645,Camila Ferreira,Loja Física,PIX,Devolvida,2
VND-000342,2024-04-16,Abril,Terça-feira,Centro-Oeste,Goiás,Anápolis,Acessórios,Carteira de Couro,5,149.76,0.0696,748.8,52.12,696.68,298.75,397.93,0.5712,Ana Souza,Site,PIX,Concluída,4
VND-000343,2024-04-17,Abril,Quarta-feira,Nordeste,Ceará,Fortaleza,Informática,HD Externo 1TB,3,325.16,0.0696,975.48,67.89,907.59,592.29,315.3,0.3474,Rafael Costa,Site,PIX,Concluída,4
VND-000344,2024-04-17,Abril,Quarta-feira,Sul,Paraná,Curitiba,Casa,Liquidificador,6,171.03,0.0546,1026.18,56.03,970.15,514.74,455.41,0.4694,Lucas Martins,Aplicativo,PIX,Concluída,5
VND-000345,2024-04-17,Abril,Quarta-feira,Centro-Oeste,Mato Grosso do Sul,Dourados,Informática,Pen Drive 64GB,10,40.66,0.1128,406.6,45.86,360.74,197.3,163.44,0.4531,Ana Souza,Loja Física,Dinheiro,Concluída,4
VND-000346,2024-04-18,Abril,Quinta-feira,Sudeste,Minas Gerais,Belo Horizonte,Escritório,Cadeira de Escritório,1,527.23,0.0825,527.23,43.5,483.73,321.67,162.06,0.335,Fernanda Lima,Marketplace,PIX,Concluída,4
VND-000347,2024-04-18,Abril,Quinta-feira,Nordeste,Ceará,Sobral,Informática,Mouse Sem Fio,5,61.68,0.0725,308.4,22.36,286.04,133.5,152.54,0.5333,Marcos Oliveira,Aplicativo,Cartão de Crédito,Concluída,3
VND-000348,2024-04-19,Abril,Sexta-feira,Nordeste,Ceará,Fortaleza,Informática,Mouse Sem Fio,5,61.58,0.141,307.9,43.41,264.49,135.45,129.04,0.4879,Lucas Martins,Marketplace,Cartão de Crédito,Concluída,5
VND-000349,2024-04-19,Abril,Sexta-feira,Sudeste,Espírito Santo,Vila Velha,Escritório,Kit Canetas Executivas,3,95.32,0.0392,285.96,11.21,274.75,93.72,181.03,0.6589,Ana Souza,Marketplace,PIX,Concluída,5
VND-000350,2024-04-19,Abril,Sexta-feira,Sudeste,Espírito Santo,Vitória,Escritório,Organizador de Mesa,3,43.64,0.0736,130.92,9.64,121.28,48.87,72.41,0.597,Camila Ferreira,Aplicativo,PIX,Em processamento,
VND-000351,2024-04-19,Abril,Sexta-feira,Centro-Oeste,Goiás,Goiânia,Escritório,Cadeira de Escritório,3,534.72,0.0912,1604.16,146.3,1457.86,934.47,523.39,0.359,Marcos Oliveira,Aplicativo,Cartão de Crédito,Cancelada,
VND-000352,2024-04-19,Abril,Sexta-feira,Sudeste,Rio de Janeiro,Rio de Janeiro,Esportes,Bola de Futebol,2,89.9,0.0808,179.8,14.53,165.27,71.88,93.39,0.5651,Camila Ferreira,Loja Física,PIX,Concluída,4
VND-000353,2024-04-21,Abril,Domingo,Sul,Rio Grande do Sul,Pelotas,Acessórios,Mochila Executiva,2,215.65,0.0249,431.3,10.74,420.56,168.24,252.32,0.6,Marcos Oliveira,Site,Boleto,Concluída,5
VND-000354,2024-04-21,Abril,Domingo,Sul,Rio Grande do Sul,Porto Alegre,Escritório,Papel A4 (pacote),3,24.57,0.0853,73.71,6.29,67.42,42.03,25.39,0.3766,Camila Ferreira,Site,Boleto,Cancelada,
VND-000355,2024-04-21,Abril,Domingo,Nordeste,Pernambuco,Recife,Casa,Liquidificador,1,173.82,0.0261,173.82,4.54,169.28,87.88,81.4,0.4809,Fernanda Lima,Loja Física,Cartão de Crédito,Em processamento,
VND-000356,2024-04-21,Abril,Domingo,Centro-Oeste,Distrito Federal,Brasília,Eletrônicos,Smartphone X200,2,1668.02,0.0316,3336.04,105.42,3230.62,2339.22,891.4,0.2759,Fernanda Lima,Site,Cartão de Crédito,Concluída,4
VND-000357,2024-04-21,Abril,Domingo,Sudeste,Minas Gerais,Contagem,Acessórios,Relógio Analógico,2,343.07,0.1007,686.14,69.09,617.05,276.36,340.69,0.5521,Camila Ferreira,Marketplace,Boleto,Concluída,4
VND-000358,2024-04-22,Abril,Segunda-feira,Sul,Rio Grande do Sul,Porto Alegre,Eletrônicos,Fone Bluetooth,2,147.08,0.1558,294.16,45.83,248.33,169.24,79.09,0.3185,Beatriz Santos,Loja Física,Dinheiro,Concluída,4
VND-000359,2024-04-22,Abril,Segunda-feira,Nordeste,Paraíba,Campina Grande,Casa,Air Fryer,1,350.91,0.0403,350.91,14.14,336.77,186.45,150.32,0.4464,Ana Souza,Loja Física,Cartão de Crédito,Concluída,5
VND-000360,2024-04-23,Abril,Terça-feira,Sudeste,Espírito Santo,Vila Velha,Escritório,Papel A4 (pacote),1,24.12,0.0298,24.12,0.72,23.4,14.08,9.32,0.3983,Camila Ferreira,Aplicativo,Cartão de Crédito,Concluída,4
VND-000361,2024-04-24,Abril,Quarta-feira,Sudeste,Espírito Santo,Vila Velha,Casa,Air Fryer,1,363.58,0.0663,363.58,24.11,339.47,189.51,149.96,0.4417,Fernanda Lima,Loja Física,Dinheiro,Concluída,5
VND-000362,2024-04-24,Abril,Quarta-feira,Nordeste,Bahia,Feira de Santana,Acessórios,Relógio Analógico,4,344.33,0.0867,1377.32,119.41,1257.91,596.48,661.43,0.5258,Ana Souza,Loja Física,Cartão de Crédito,Concluída,4
VND-000363,2024-04-25,Abril,Quinta-feira,Sudeste,Rio de Janeiro,Niterói,Casa,Jogo de Cama Queen,2,163.84,0.0544,327.68,17.83,309.85,133.1,176.75,0.5704,Diego Ribeiro,Marketplace,Cartão de Débito,Concluída,4
VND-000364,2024-04-25,Abril,Quinta-feira,Norte,Amazonas,Manaus,Casa,Air Fryer,1,363.58,0.0663,363.58,24.11,339.47,189.51,149.96,0.4417,Patrícia Gomes,Marketplace,PIX,Concluída,4
VND-000365,2024-04-26,Abril,Sexta-feira,Sudeste,Minas Gerais,Contagem,Acessórios,Cinto de Couro,5,90.38,0.0435,451.9,19.66,432.24,157.15,275.09,0.6364,Lucas Martins,Loja Física,Cartão de Crédito,Concluída,4
VND-000366,2024-04-26,Abril,Sexta-feira,Sudeste,São Paulo,Sorocaba,Esportes,Kit Halteres 10kg,6,174.5,0.0363,1047,38.01,1008.99,586.02,422.97,0.4192,Patrícia Gomes,Aplicativo,PIX,Concluída,4
VND-000367,2024-04-26,Abril,Sexta-feira,Norte,Amazonas,Manaus,Informática,Monitor 24,3,735.75,0.0654,2207.25,144.35,2062.9,1462.02,600.88,0.2913,Marcos Oliveira,Site,Cartão de Crédito,Concluída,3
VND-000368,2024-04-26,Abril,Sexta-feira,Sul,Paraná,Curitiba,Informática,HD Externo 1TB,1,318.4,0.0473,318.4,15.06,303.34,196.79,106.55,0.3513,Rafael Costa,Aplicativo,PIX,Concluída,4
VND-000369,2024-04-27,Abril,Sábado,Nordeste,Bahia,Feira de Santana,Eletrônicos,Caixa de Som Portátil,1,229.73,0.0876,229.73,20.12,209.61,138.02,71.59,0.3415,Bruno Alves,Aplicativo,PIX,Concluída,5
VND-000370,2024-04-27,Abril,Sábado,Norte,Rondônia,Ji-Paraná,Casa,Liquidificador,4,175.35,0.1136,701.4,79.68,621.72,342.48,279.24,0.4491,Marcos Oliveira,Marketplace,PIX,Concluída,3
VND-000371,2024-04-27,Abril,Sábado,Nordeste,Ceará,Fortaleza,Escritório,Papel A4 (pacote),2,24.88,0.0769,49.76,3.83,45.93,28.48,17.45,0.3799,Juliana Rocha,Site,Cartão de Crédito,Cancelada,
VND-000372,2024-04-28,Abril,Domingo,Nordeste,Ceará,Fortaleza,Vestuário,Calça Jeans,7,132.18,0.0564,925.26,52.18,873.08,395.01,478.07,0.5476,Camila Ferreira,Loja Física,Dinheiro,Concluída,3
VND-000373,2024-04-28,Abril,Domingo,Sudeste,Rio de Janeiro,Niterói,Acessórios,Mochila Executiva,2,220.07,0.0504,440.14,22.18,417.96,168.62,249.34,0.5966,Beatriz Santos,Site,PIX,Concluída,4
VND-000374,2024-04-28,Abril,Domingo,Sudeste,Minas Gerais,Belo Horizonte,Eletrônicos,Fone Bluetooth,5,151.41,0.014,757.05,10.6,746.45,406.2,340.25,0.4558,Ana Souza,Site,Cartão de Débito,Concluída,5
VND-000375,2024-04-28,Abril,Domingo,Sudeste,Espírito Santo,Vitória,Eletrônicos,Fone Bluetooth,2,153.73,0.0193,307.46,5.93,301.53,169.46,132.07,0.438,Marcos Oliveira,Site,PIX,Concluída,4
VND-000376,2024-04-29,Abril,Segunda-feira,Sul,Paraná,Maringá,Informática,Notebook Pro 15,2,3229.03,0.117,6458.06,755.59,5702.47,4875.36,827.11,0.145,Bruno Alves,Aplicativo,Cartão de Débito,Concluída,3
VND-000377,2024-04-29,Abril,Segunda-feira,Sudeste,Espírito Santo,Vitória,Escritório,Organizador de Mesa,7,44.87,0.1049,314.09,32.95,281.14,128.45,152.69,0.5431,Lucas Martins,Marketplace,Cartão de Crédito,Concluída,4
VND-000378,2024-04-29,Abril,Segunda-feira,Sudeste,Rio de Janeiro,Rio de Janeiro,Escritório,Mesa para Computador,3,460.36,0.0588,1381.08,81.21,1299.87,785.16,514.71,0.396,Marcos Oliveira,Marketplace,Cartão de Crédito,Concluída,4
VND-000379,2024-04-29,Abril,Segunda-feira,Nordeste,Bahia,Salvador,Vestuário,Blusa de Frio,1,120.25,0.1111,120.25,13.36,106.89,49.26,57.63,0.5392,Juliana Rocha,Site,PIX,Concluída,4
VND-000380,2024-04-29,Abril,Segunda-feira,Norte,Pará,Belém,Eletrônicos,Fone Bluetooth,2,145.24,0.1018,290.48,29.57,260.91,163.08,97.83,0.375,Lucas Martins,Loja Física,Cartão de Crédito,Concluída,5
VND-000381,2024-04-29,Abril,Segunda-feira,Sudeste,Espírito Santo,Vila Velha,Casa,Jogo de Cama Queen,2,162.39,0.0553,324.78,17.96,306.82,134.8,172.02,0.5607,Rafael Costa,Aplicativo,PIX,Concluída,4
VND-000382,2024-04-29,Abril,Segunda-feira,Norte,Pará,Belém,Esportes,Tênis de Corrida,1,322.72,0.1343,322.72,43.34,279.38,169.48,109.9,0.3934,Patrícia Gomes,Site,Cartão de Crédito,Concluída,4
VND-000383,2024-04-29,Abril,Segunda-feira,Centro-Oeste,Mato Grosso,Várzea Grande,Vestuário,Camiseta Básica,3,52.12,0.0592,156.36,9.26,147.1,55.65,91.45,0.6217,Ana Souza,Loja Física,Dinheiro,Concluída,4
VND-000384,2024-04-30,Abril,Terça-feira,Norte,Pará,Ananindeua,Vestuário,Jaqueta Corta-Vento,5,222.51,0.1211,1112.55,134.73,977.82,508.5,469.32,0.48,Patrícia Gomes,Aplicativo,PIX,Concluída,5
VND-000385,2024-04-30,Abril,Terça-feira,Sudeste,São Paulo,Santos,Acessórios,Cinto de Couro,2,90.82,0.0295,181.64,5.36,176.28,60.82,115.46,0.655,Juliana Rocha,Loja Física,PIX,Concluída,5
VND-000386,2024-04-30,Abril,Terça-feira,Nordeste,Paraíba,Campina Grande,Eletrônicos,Fone Bluetooth,8,150.62,0.1134,1204.96,136.64,1068.32,661.2,407.12,0.3811,Ana Souza,Site,Cartão de Crédito,Concluída,5
VND-000387,2024-05-01,Maio,Quarta-feira,Nordeste,Pernambuco,Caruaru,Informática,Pen Drive 64GB,3,41.38,0.0892,124.14,11.07,113.07,65.01,48.06,0.425,Beatriz Santos,Aplicativo,PIX,Em processamento,
VND-000388,2024-05-02,Maio,Quinta-feira,Sul,Paraná,Maringá,Eletrônicos,Smart TV 50,2,2218.65,0.105,4437.3,465.92,3971.38,3242.04,729.34,0.1836,Patrícia Gomes,Loja Física,Cartão de Crédito,Em processamento,
VND-000389,2024-05-02,Maio,Quinta-feira,Norte,Pará,Belém,Eletrônicos,Fone Bluetooth,4,147.05,0.1704,588.2,100.23,487.97,332.64,155.33,0.3183,Diego Ribeiro,Telefone,Boleto,Concluída,5
VND-000390,2024-05-02,Maio,Quinta-feira,Sul,Paraná,Curitiba,Esportes,Kit Halteres 10kg,2,172.92,0.073,345.84,25.25,320.59,182.06,138.53,0.4321,Carlos Pereira,Site,PIX,Concluída,4
VND-000391,2024-05-02,Maio,Quinta-feira,Sudeste,Rio de Janeiro,Rio de Janeiro,Escritório,Papel A4 (pacote),3,24.62,0.0082,73.86,0.61,73.25,42.81,30.44,0.4156,Diego Ribeiro,Site,PIX,Concluída,4
VND-000392,2024-05-03,Maio,Sexta-feira,Sudeste,São Paulo,São Paulo,Eletrônicos,Caixa de Som Portátil,1,225.03,0.1025,225.03,23.07,201.96,124.39,77.57,0.3841,Marcos Oliveira,Site,Cartão de Crédito,Concluída,4
VND-000393,2024-05-03,Maio,Sexta-feira,Sul,Rio Grande do Sul,Porto Alegre,Casa,Jogo de Cama Queen,2,164.53,0.0664,329.06,21.85,307.21,135.08,172.13,0.5603,Bruno Alves,Loja Física,Dinheiro,Concluída,4
VND-000394,2024-05-04,Maio,Sábado,Nordeste,Pernambuco,Caruaru,Casa,Air Fryer,1,359.89,0.0771,359.89,27.75,332.14,201.65,130.49,0.3929,Diego Ribeiro,Site,Cartão de Crédito,Concluída,3
VND-000395,2024-05-04,Maio,Sábado,Sudeste,Espírito Santo,Vila Velha,Acessórios,Carteira de Couro,5,137.53,0.0777,687.65,53.43,634.22,266,368.22,0.5806,Camila Ferreira,Aplicativo,PIX,Concluída,5
VND-000396,2024-05-04,Maio,Sábado,Sul,Rio Grande do Sul,Caxias do Sul,Escritório,Cadeira de Escritório,2,594.16,0.0261,1188.32,31.02,1157.3,704.82,452.48,0.391,Juliana Rocha,Marketplace,PIX,Concluída,4
VND-000397,2024-05-04,Maio,Sábado,Sudeste,Rio de Janeiro,Rio de Janeiro,Casa,Air Fryer,2,354.21,0.0787,708.42,55.75,652.67,382.06,270.61,0.4146,Camila Ferreira,Site,PIX,Concluída,4
VND-000398,2024-05-04,Maio,Sábado,Sul,Paraná,Maringá,Informática,Pen Drive 64GB,1,39.54,0.0276,39.54,1.09,38.45,20.35,18.1,0.4707,Rafael Costa,Aplicativo,Cartão de Crédito,Concluída,3
VND-000399,2024-05-05,Maio,Domingo,Nordeste,Pernambuco,Olinda,Informática,Pen Drive 64GB,4,41.51,0.0901,166.04,14.96,151.08,79.04,72.04,0.4768,Rafael Costa,Loja Física,Cartão de Crédito,Concluída,5
VND-000400,2024-05-06,Maio,Segunda-feira,Sudeste,Minas Gerais,Belo Horizonte,Casa,Panela Elétrica de Arroz,1,211.42,0.0071,211.42,1.5,209.92,106.39,103.53,0.4932,Rafael Costa,Site,PIX,Em processamento,
VND-000401,2024-05-06,Maio,Segunda-feira,Sudeste,Rio de Janeiro,Rio de Janeiro,Casa,Panela Elétrica de Arroz,2,209.1,0.1435,418.2,60.01,358.19,219.58,138.61,0.387,Beatriz Santos,Site,PIX,Concluída,5
VND-000402,2024-05-06,Maio,Segunda-feira,Nordeste,Paraíba,Campina Grande,Escritório,Papel A4 (pacote),4,24.07,0.0752,96.28,7.24,89.04,60.52,28.52,0.3203,Diego Ribeiro,Aplicativo,PIX,Concluída,3
VND-000403,2024-05-06,Maio,Segunda-feira,Centro-Oeste,Mato Grosso,Cuiabá,Acessórios,Mochila Executiva,2,214.53,0.0414,429.06,17.76,411.3,173.58,237.72,0.578,Ana Souza,Aplicativo,PIX,Cancelada,
VND-000404,2024-05-06,Maio,Segunda-feira,Norte,Pará,Belém,Eletrônicos,Caixa de Som Portátil,3,218.73,0.1046,656.19,68.64,587.55,368.46,219.09,0.3729,Marcos Oliveira,Marketplace,Boleto,Concluída,4
VND-000405,2024-05-07,Maio,Terça-feira,Nordeste,Paraíba,Campina Grande,Vestuário,Calça Jeans,3,130.09,0.0881,390.27,34.38,355.89,158.19,197.7,0.5555,Diego Ribeiro,Loja Física,Dinheiro,Concluída,4
VND-000406,2024-05-07,Maio,Terça-feira,Sul,Rio Grande do Sul,Pelotas,Escritório,Papel A4 (pacote),9,24.16,0.1349,217.44,29.33,188.11,128.88,59.23,0.3149,Lucas Martins,Aplicativo,Cartão de Crédito,Concluída,4
VND-000407,2024-05-07,Maio,Terça-feira,Sul,Santa Catarina,Florianópolis,Eletrônicos,Fone Bluetooth,1,145.76,0.0646,145.76,9.42,136.34,77.62,58.72,0.4307,Bruno Alves,Loja Física,Cartão de Crédito,Concluída,4
VND-000408,2024-05-07,Maio,Terça-feira,Nordeste,Pernambuco,Olinda,Eletrônicos,Smartwatch,2,430.14,0.034,860.28,29.25,831.03,537.42,293.61,0.3533,Fernanda Lima,Loja Física,Dinheiro,Devolvida,2
VND-000409,2024-05-08,Maio,Quarta-feira,Sudeste,Rio de Janeiro,Duque de Caxias,Casa,Panela Elétrica de Arroz,1,218.01,0.0202,218.01,4.4,213.61,116.54,97.07,0.4544,Beatriz Santos,Site,PIX,Concluída,4
VND-000410,2024-05-08,Maio,Quarta-feira,Norte,Rondônia,Ji-Paraná,Eletrônicos,Fone Bluetooth,3,154.67,0.0737,464.01,34.2,429.81,266.16,163.65,0.3807,Carlos Pereira,Aplicativo,Cartão de Débito,Concluída,4
VND-000411,2024-05-08,Maio,Quarta-feira,Nordeste,Bahia,Feira de Santana,Casa,Aspirador de Pó,5,400.9,0.0838,2004.5,167.98,1836.52,1191.35,645.17,0.3513,Camila Ferreira,Loja Física,Cartão de Débito,Concluída,4
VND-000412,2024-05-10,Maio,Sexta-feira,Sul,Santa Catarina,Joinville,Eletrônicos,Smartwatch,2,430.18,0.0725,860.36,62.38,797.98,527.8,270.18,0.3386,Beatriz Santos,Marketplace,Cartão de Crédito,Concluída,3
VND-000413,2024-05-10,Maio,Sexta-feira,Norte,Rondônia,Ji-Paraná,Casa,Air Fryer,2,355.3,0.0728,710.6,51.73,658.87,396.12,262.75,0.3988,Bruno Alves,Loja Física,Cartão de Débito,Concluída,4
VND-000414,2024-05-10,Maio,Sexta-feira,Sul,Santa Catarina,Joinville,Vestuário,Vestido Casual,1,150.69,0.0356,150.69,5.36,145.33,60.78,84.55,0.5818,Rafael Costa,Site,PIX,Em processamento,
VND-000415,2024-05-10,Maio,Sexta-feira,Sudeste,Minas Gerais,Uberlândia,Acessórios,Cinto de Couro,1,90.31,0.045,90.31,4.06,86.25,31.47,54.78,0.6351,Lucas Martins,Site,PIX,Concluída,5
VND-000416,2024-05-10,Maio,Sexta-feira,Sul,Paraná,Londrina,Vestuário,Jaqueta Corta-Vento,2,215.13,0.0551,430.26,23.71,406.55,218.52,188.03,0.4625,Diego Ribeiro,Loja Física,PIX,Concluída,4
VND-000417,2024-05-10,Maio,Sexta-feira,Nordeste,Paraíba,Campina Grande,Escritório,Organizador de Mesa,2,46.1,0.0932,92.2,8.59,83.61,36.54,47.07,0.563,Carlos Pereira,Loja Física,Cartão de Débito,Concluída,5
VND-000418,2024-05-10,Maio,Sexta-feira,Sudeste,Espírito Santo,Vitória,Informática,HD Externo 1TB,2,320.91,0.0534,641.82,34.27,607.55,398.74,208.81,0.3437,Diego Ribeiro,Site,Cartão de Débito,Concluída,4
VND-000419,2024-05-10,Maio,Sexta-feira,Centro-Oeste,Mato Grosso,Cuiabá,Acessórios,Mochila Executiva,4,219.34,0.1027,877.36,90.1,787.26,341.64,445.62,0.566,Fernanda Lima,Marketplace,Boleto,Concluída,5
VND-000420,2024-05-10,Maio,Sexta-feira,Sul,Paraná,Maringá,Vestuário,Vestido Casual,2,154.59,0.0229,309.18,7.08,302.1,129.46,172.64,0.5715,Rafael Costa,Marketplace,Cartão de Crédito,Concluída,4
VND-000421,2024-05-10,Maio,Sexta-feira,Nordeste,Bahia,Feira de Santana,Acessórios,Carteira de Couro,6,136.51,0.0608,819.06,49.8,769.26,303.06,466.2,0.606,Lucas Martins,Aplicativo,PIX,Concluída,5
VND-000422,2024-05-10,Maio,Sexta-feira,Nordeste,Ceará,Sobral,Acessórios,Carteira de Couro,1,137.42,0.0562,137.42,7.72,129.7,55,74.7,0.5759,Marcos Oliveira,Site,Cartão de Débito,Concluída,4
VND-000423,2024-05-11,Maio,Sábado,Norte,Rondônia,Ji-Paraná,Esportes,Kit Halteres 10kg,8,181.43,0.1055,1451.44,153.13,1298.31,810.64,487.67,0.3756,Camila Ferreira,Loja Física,Cartão de Débito,Concluída,5
VND-000424,2024-05-11,Maio,Sábado,Sudeste,Rio de Janeiro,Duque de Caxias,Acessórios,Relógio Analógico,1,361.44,0.0616,361.44,22.26,339.18,150.37,188.81,0.5567,Fernanda Lima,Loja Física,Cartão de Crédito,Concluída,3
VND-000425,2024-05-11,Maio,Sábado,Sudeste,Espírito Santo,Vila Velha,Acessórios,Mochila Executiva,4,204.72,0.0048,818.88,3.93,814.95,344.08,470.87,0.5778,Marcos Oliveira,Loja Física,Dinheiro,Concluída,3
VND-000426,2024-05-11,Maio,Sábado,Sul,Santa Catarina,Joinville,Acessórios,Relógio Analógico,1,340.29,0.0059,340.29,2.01,338.28,139.33,198.95,0.5881,Rafael Costa,Site,Boleto,Concluída,4
VND-000427,2024-05-12,Maio,Domingo,Nordeste,Ceará,Fortaleza,Acessórios,Mochila Executiva,3,218.5,0.0644,655.5,42.21,613.29,281.22,332.07,0.5415,Carlos Pereira,Site,Cartão de Crédito,Devolvida,1
VND-000428,2024-05-12,Maio,Domingo,Sudeste,São Paulo,São Paulo,Escritório,Papel A4 (pacote),11,26.14,0.0828,287.54,23.81,263.73,164.78,98.95,0.3752,Diego Ribeiro,Marketplace,Cartão de Crédito,Concluída,4
VND-000429,2024-05-12,Maio,Domingo,Nordeste,Paraíba,Campina Grande,Casa,Panela Elétrica de Arroz,2,215.42,0.0644,430.84,27.75,403.09,221.04,182.05,0.4516,Marcos Oliveira,Site,PIX,Concluída,3
VND-000430,2024-05-12,Maio,Domingo,Sudeste,São Paulo,Santos,Eletrônicos,Fone Bluetooth,2,149.12,0.1429,298.24,42.62,255.62,156.34,99.28,0.3884,Marcos Oliveira,Marketplace,PIX,Concluída,4
VND-000431,2024-05-12,Maio,Domingo,Centro-Oeste,Distrito Federal,Brasília,Acessórios,Mochila Executiva,1,217.79,0.1254,217.79,27.31,190.48,90.98,99.5,0.5224,Rafael Costa,Loja Física,PIX,Concluída,5
VND-000432,2024-05-13,Maio,Segunda-feira,Norte,Amazonas,Parintins,Esportes,Kit Halteres 10kg,4,180.28,0.113,721.12,81.49,639.63,397.52,242.11,0.3785,Ana Souza,Loja Física,Cartão de Crédito,Concluída,5
VND-000433,2024-05-13,Maio,Segunda-feira,Nordeste,Pernambuco,Olinda,Vestuário,Blusa de Frio,5,115.75,0.0273,578.75,15.8,562.95,221,341.95,0.6074,Camila Ferreira,Site,PIX,Concluída,4
VND-000434,2024-05-13,Maio,Segunda-feira,Centro-Oeste,Distrito Federal,Brasília,Vestuário,Jaqueta Corta-Vento,1,216.94,0.0813,216.94,17.64,199.3,104.15,95.15,0.4774,Juliana Rocha,Marketplace,Cartão de Crédito,Concluída,5
VND-000435,2024-05-13,Maio,Segunda-feira,Centro-Oeste,Distrito Federal,Brasília,Acessórios,Carteira de Couro,2,143.01,0.0991,286.02,28.34,257.68,113.12,144.56,0.561,Beatriz Santos,Loja Física,Cartão de Débito,Em processamento,
VND-000436,2024-05-14,Maio,Terça-feira,Sul,Paraná,Curitiba,Escritório,Cadeira de Escritório,3,565.78,0.1272,1697.34,215.9,1481.44,1027.53,453.91,0.3064,Beatriz Santos,Site,Boleto,Concluída,4
VND-000437,2024-05-14,Maio,Terça-feira,Nordeste,Pernambuco,Olinda,Esportes,Bola de Futebol,1,92.75,0.0668,92.75,6.2,86.55,36.75,49.8,0.5754,Marcos Oliveira,Site,PIX,Concluída,5
VND-000438,2024-05-14,Maio,Terça-feira,Nordeste,Paraíba,Campina Grande,Vestuário,Calça Jeans,1,135.54,0.0547,135.54,7.41,128.13,58.76,69.37,0.5414,Rafael Costa,Loja Física,Cartão de Crédito,Concluída,4
VND-000439,2024-05-15,Maio,Quarta-feira,Sul,Rio Grande do Sul,Pelotas,Acessórios,Mochila Executiva,3,231.55,0.0888,694.65,61.68,632.97,261.72,371.25,0.5865,Marcos Oliveira,Site,PIX,Concluída,4
VND-000440,2024-05-16,Maio,Quinta-feira,Norte,Rondônia,Ji-Paraná,Eletrônicos,Fone Bluetooth,1,144.8,0.0026,144.8,0.38,144.42,75.6,68.82,0.4765,Ana Souza,Marketplace,PIX,Concluída,4
VND-000441,2024-05-16,Maio,Quinta-feira,Centro-Oeste,Distrito Federal,Brasília,Vestuário,Camiseta Básica,4,54.56,0.0569,218.24,12.42,205.82,73.08,132.74,0.6449,Rafael Costa,Telefone,Cartão de Crédito,Concluída,4
VND-000442,2024-05-16,Maio,Quinta-feira,Sudeste,Rio de Janeiro,Duque de Caxias,Eletrônicos,Smartphone X200,1,1814.54,0.1268,1814.54,230.08,1584.46,1304.66,279.8,0.1766,Rafael Costa,Marketplace,Boleto,Em processamento,
VND-000443,2024-05-16,Maio,Quinta-feira,Nordeste,Ceará,Sobral,Informática,Mouse Sem Fio,2,60.54,0.0334,121.08,4.04,117.04,53.38,63.66,0.5439,Ana Souza,Marketplace,Cartão de Crédito,Concluída,5
VND-000444,2024-05-17,Maio,Sexta-feira,Nordeste,Bahia,Salvador,Vestuário,Calça Jeans,4,125.86,0.0256,503.44,12.89,490.55,211.08,279.47,0.5697,Rafael Costa,Site,Cartão de Crédito,Concluída,4
VND-000445,2024-05-17,Maio,Sexta-feira,Centro-Oeste,Mato Grosso do Sul,Dourados,Acessórios,Mochila Executiva,4,213.99,0.0723,855.96,61.89,794.07,352.44,441.63,0.5562,Patrícia Gomes,Site,Cartão de Crédito,Concluída,4
VND-000446,2024-05-17,Maio,Sexta-feira,Centro-Oeste,Mato Grosso,Várzea Grande,Acessórios,Óculos de Sol,5,179.43,0.0846,897.15,75.9,821.25,321.55,499.7,0.6085,Juliana Rocha,Marketplace,Cartão de Crédito,Concluída,5
VND-000447,2024-05-17,Maio,Sexta-feira,Sudeste,Minas Gerais,Contagem,Escritório,Mesa para Computador,3,485.63,0.0389,1456.89,56.67,1400.22,881.7,518.52,0.3703,Ana Souza,Loja Física,Dinheiro,Concluída,4
VND-000448,2024-05-18,Maio,Sábado,Sudeste,São Paulo,Santos,Informática,Mouse Sem Fio,3,61.9,0.0346,185.7,6.43,179.27,83.22,96.05,0.5358,Patrícia Gomes,Loja Física,Cartão de Crédito,Concluída,4
VND-000449,2024-05-19,Maio,Domingo,Sudeste,Minas Gerais,Uberlândia,Informática,Pen Drive 64GB,1,39.75,0.0331,39.75,1.32,38.43,20.2,18.23,0.4744,Ana Souza,Site,Cartão de Crédito,Concluída,5
VND-000450,2024-05-19,Maio,Domingo,Sudeste,Espírito Santo,Vitória,Eletrônicos,Smartwatch,2,471.01,0.0281,942.02,26.47,915.55,547.68,367.87,0.4018,Ana Souza,Site,Cartão de Crédito,Concluída,2
VND-000451,2024-05-20,Maio,Segunda-feira,Sudeste,São Paulo,Sorocaba,Informática,Monitor 24,1,767.8,0.0013,767.8,1,766.8,509.83,256.97,0.3351,Carlos Pereira,Marketplace,PIX,Concluída,4
VND-000452,2024-05-20,Maio,Segunda-feira,Sudeste,São Paulo,São Paulo,Casa,Jogo de Cama Queen,7,162.6,0.1302,1138.2,148.19,990.01,492.52,497.49,0.5025,Fernanda Lima,Aplicativo,PIX,Concluída,3
VND-000453,2024-05-20,Maio,Segunda-feira,Sudeste,São Paulo,São Paulo,Esportes,Garrafa Térmica Esportiva,5,71.46,0.0686,357.3,24.51,332.79,143.05,189.74,0.5701,Beatriz Santos,Marketplace,Cartão de Crédito,Concluída,4
VND-000454,2024-05-20,Maio,Segunda-feira,Sudeste,Espírito Santo,Vitória,Vestuário,Camiseta Básica,5,55.74,0.0067,278.7,1.87,276.83,93.35,183.48,0.6628,Fernanda Lima,Loja Física,Dinheiro,Concluída,4
VND-000455,2024-05-20,Maio,Segunda-feira,Centro-Oeste,Mato Grosso do Sul,Campo Grande,Esportes,Tênis de Corrida,3,311.93,0.1096,935.79,102.56,833.23,450.06,383.17,0.4599,Lucas Martins,Site,PIX,Concluída,4
VND-000456,2024-05-20,Maio,Segunda-feira,Centro-Oeste,Mato Grosso,Cuiabá,Informática,Teclado Mecânico,2,250.75,0.0089,501.5,4.46,497.04,267.32,229.72,0.4622,Fernanda Lima,Loja Física,Cartão de Débito,Concluída,3
VND-000457,2024-05-21,Maio,Terça-feira,Sul,Santa Catarina,Florianópolis,Acessórios,Relógio Analógico,4,336.99,0.1056,1347.96,142.34,1205.62,542.88,662.74,0.5497,Rafael Costa,Marketplace,PIX,Concluída,4
VND-000458,2024-05-21,Maio,Terça-feira,Centro-Oeste,Distrito Federal,Brasília,Casa,Air Fryer,5,340.78,0.0623,1703.9,106.15,1597.75,893.25,704.5,0.4409,Beatriz Santos,Aplicativo,PIX,Concluída,3
VND-000459,2024-05-21,Maio,Terça-feira,Sul,Paraná,Curitiba,Esportes,Tênis de Corrida,2,330.64,0.03,661.28,19.84,641.44,334.38,307.06,0.4787,Marcos Oliveira,Site,PIX,Concluída,4
VND-000460,2024-05-22,Maio,Quarta-feira,Centro-Oeste,Mato Grosso do Sul,Campo Grande,Informática,Pen Drive 64GB,14,40.14,0.1554,561.96,87.33,474.63,281.68,192.95,0.4065,Diego Ribeiro,Aplicativo,PIX,Concluída,4
VND-000461,2024-05-22,Maio,Quarta-feira,Sudeste,Rio de Janeiro,Rio de Janeiro,Vestuário,Camiseta Básica,8,53.68,0.0944,429.44,40.54,388.9,147.44,241.46,0.6209,Fernanda Lima,Loja Física,Cartão de Débito,Concluída,4
VND-000462,2024-05-22,Maio,Quarta-feira,Nordeste,Bahia,Salvador,Esportes,Kit Halteres 10kg,1,175.75,0.0388,175.75,6.82,168.93,97.93,71,0.4203,Marcos Oliveira,Loja Física,Cartão de Crédito,Concluída,4
VND-000463,2024-05-22,Maio,Quarta-feira,Sudeste,São Paulo,Campinas,Acessórios,Óculos de Sol,1,187.36,0.0398,187.36,7.46,179.9,62.52,117.38,0.6525,Juliana Rocha,Loja Física,Dinheiro,Concluída,4
VND-000464,2024-05-22,Maio,Quarta-feira,Sul,Rio Grande do Sul,Porto Alegre,Eletrônicos,Fone Bluetooth,3,150.65,0.0811,451.95,36.65,415.3,254.7,160.6,0.3867,Juliana Rocha,Marketplace,Cartão de Crédito,Concluída,3
VND-000465,2024-05-22,Maio,Quarta-feira,Norte,Rondônia,Ji-Paraná,Eletrônicos,Caixa de Som Portátil,3,215.61,0.0901,646.83,58.28,588.55,372.96,215.59,0.3663,Fernanda Lima,Aplicativo,Cartão de Crédito,Concluída,4
VND-000466,2024-05-23,Maio,Quinta-feira,Nordeste,Paraíba,Campina Grande,Informática,Pen Drive 64GB,7,39.7,0.0758,277.9,21.06,256.84,134.82,122.02,0.4751,Bruno Alves,Aplicativo,PIX,Concluída,3
VND-000467,2024-05-23,Maio,Quinta-feira,Sudeste,Rio de Janeiro,Rio de Janeiro,Vestuário,Vestido Casual,6,152.32,0.0804,913.92,73.48,840.44,361.56,478.88,0.5698,Bruno Alves,Aplicativo,Cartão de Crédito,Concluída,4
VND-000468,2024-05-23,Maio,Quinta-feira,Sudeste,Rio de Janeiro,Duque de Caxias,Eletrônicos,Caixa de Som Portátil,4,230.68,0.0634,922.72,58.5,864.22,524.52,339.7,0.3931,Ana Souza,Aplicativo,Cartão de Crédito,Concluída,4
VND-000469,2024-05-23,Maio,Quinta-feira,Nordeste,Ceará,Sobral,Esportes,Kit Halteres 10kg,6,171.14,0.0446,1026.84,45.8,981.04,543.54,437.5,0.446,Fernanda Lima,Loja Física,PIX,Concluída,3
VND-000470,2024-05-24,Maio,Sexta-feira,Sudeste,Minas Gerais,Uberlândia,Vestuário,Calça Jeans,2,133,0.0576,266,15.32,250.68,106.52,144.16,0.5751,Ana Souza,Site,Cartão de Crédito,Concluída,4
VND-000471,2024-05-24,Maio,Sexta-feira,Sul,Paraná,Maringá,Acessórios,Mochila Executiva,1,230.99,0.0874,230.99,20.19,210.8,90.84,119.96,0.5691,Ana Souza,Loja Física,PIX,Concluída,4
VND-000472,2024-05-24,Maio,Sexta-feira,Sudeste,Espírito Santo,Vila Velha,Informática,Pen Drive 64GB,3,41.36,0.0928,124.08,11.51,112.57,61.89,50.68,0.4502,Rafael Costa,Site,Cartão de Crédito,Concluída,4
VND-000473,2024-05-24,Maio,Sexta-feira,Nordeste,Pernambuco,Recife,Esportes,Tênis de Corrida,3,320.94,0.0435,962.82,41.88,920.94,461.07,459.87,0.4993,Fernanda Lima,Site,Cartão de Crédito,Concluída,3
VND-000474,2024-05-24,Maio,Sexta-feira,Sudeste,São Paulo,Sorocaba,Esportes,Garrafa Térmica Esportiva,4,67.45,0.0589,269.8,15.89,253.91,106.28,147.63,0.5814,Camila Ferreira,Loja Física,Cartão de Débito,Concluída,5
VND-000475,2024-05-25,Maio,Sábado,Sudeste,Espírito Santo,Vitória,Acessórios,Relógio Analógico,1,344.54,0.1586,344.54,54.64,289.9,135.11,154.79,0.5339,Patrícia Gomes,Marketplace,Boleto,Concluída,4
VND-000476,2024-05-25,Maio,Sábado,Sudeste,Minas Gerais,Belo Horizonte,Acessórios,Mochila Executiva,2,222.29,0.1124,444.58,49.97,394.61,189.82,204.79,0.519,Juliana Rocha,Site,PIX,Concluída,5
VND-000477,2024-05-25,Maio,Sábado,Nordeste,Paraíba,João Pessoa,Casa,Liquidificador,1,184.7,0.1054,184.7,19.47,165.23,93.7,71.53,0.4329,Camila Ferreira,Aplicativo,Cartão de Crédito,Concluída,3
VND-000478,2024-05-25,Maio,Sábado,Norte,Pará,Belém,Acessórios,Mochila Executiva,2,214.61,0.0365,429.22,15.67,413.55,179.54,234.01,0.5659,Rafael Costa,Site,Cartão de Débito,Concluída,4
VND-000479,2024-05-25,Maio,Sábado,Nordeste,Pernambuco,Recife,Acessórios,Cinto de Couro,1,90.88,0.097,90.88,8.82,82.06,29.78,52.28,0.6371,Bruno Alves,Site,PIX,Concluída,3
VND-000480,2024-05-25,Maio,Sábado,Sudeste,Rio de Janeiro,Niterói,Esportes,Garrafa Térmica Esportiva,3,73.08,0.1429,219.24,31.33,187.91,87.09,100.82,0.5365,Fernanda Lima,Site,Cartão de Crédito,Concluída,5
VND-000481,2024-05-26,Maio,Domingo,Nordeste,Pernambuco,Caruaru,Escritório,Kit Canetas Executivas,2,90.21,0.0595,180.42,10.73,169.69,64.98,104.71,0.6171,Rafael Costa,Marketplace,Cartão de Crédito,Em processamento,
VND-000482,2024-05-26,Maio,Domingo,Centro-Oeste,Goiás,Anápolis,Informática,HD Externo 1TB,1,326.09,0.1094,326.09,35.67,290.42,195.49,94.93,0.3269,Carlos Pereira,Site,Cartão de Crédito,Concluída,2
VND-000483,2024-05-26,Maio,Domingo,Sul,Paraná,Maringá,Casa,Liquidificador,3,185.03,0.1095,555.09,60.78,494.31,264.27,230.04,0.4654,Ana Souza,Site,Cartão de Crédito,Concluída,4
VND-000484,2024-05-27,Maio,Segunda-feira,Centro-Oeste,Mato Grosso do Sul,Dourados,Esportes,Bola de Futebol,1,88.7,0.0087,88.7,0.77,87.93,36.02,51.91,0.5904,Marcos Oliveira,Loja Física,Cartão de Débito,Concluída,5
VND-000485,2024-05-27,Maio,Segunda-feira,Sudeste,São Paulo,São Paulo,Acessórios,Cinto de Couro,6,91.24,0.1196,547.44,65.47,481.97,175.68,306.29,0.6355,Carlos Pereira,Marketplace,Cartão de Crédito,Concluída,4
VND-000486,2024-05-27,Maio,Segunda-feira,Nordeste,Paraíba,Campina Grande,Eletrônicos,Caixa de Som Portátil,3,206.07,0.0922,618.21,57,561.21,372.42,188.79,0.3364,Carlos Pereira,Site,PIX,Concluída,4
VND-000487,2024-05-27,Maio,Segunda-feira,Nordeste,Paraíba,João Pessoa,Esportes,Bicicleta Aro 29,1,10719.16,0.0953,10719.16,1021.54,9697.62,5895.54,3802.08,0.3921,Juliana Rocha,Aplicativo,Cartão de Crédito,Concluída,4
VND-000488,2024-05-28,Maio,Terça-feira,Sudeste,Espírito Santo,Vila Velha,Informática,Pen Drive 64GB,7,38.04,0.0542,266.28,14.43,251.85,136.64,115.21,0.4575,Fernanda Lima,Site,PIX,Concluída,3
VND-000489,2024-05-28,Maio,Terça-feira,Norte,Amazonas,Manaus,Informática,Pen Drive 64GB,2,39.1,0.0825,78.2,6.45,71.75,37.32,34.43,0.4799,Patrícia Gomes,Marketplace,PIX,Concluída,4
VND-000490,2024-05-28,Maio,Terça-feira,Norte,Amazonas,Parintins,Esportes,Bola de Futebol,2,93.85,0.0868,187.7,16.29,171.41,75.22,96.19,0.5612,Beatriz Santos,Loja Física,Cartão de Débito,Concluída,4
VND-000491,2024-05-28,Maio,Terça-feira,Sudeste,Espírito Santo,Vila Velha,Escritório,Papel A4 (pacote),11,24.69,0.0724,271.59,19.66,251.93,162.69,89.24,0.3542,Marcos Oliveira,Site,PIX,Concluída,4
VND-000492,2024-05-28,Maio,Terça-feira,Sudeste,Rio de Janeiro,Duque de Caxias,Vestuário,Camiseta Básica,4,54,0.1048,216,22.64,193.36,79.8,113.56,0.5873,Camila Ferreira,Aplicativo,Cartão de Crédito,Concluída,4
VND-000493,2024-05-29,Maio,Quarta-feira,Sul,Paraná,Londrina,Informática,Pen Drive 64GB,1,40.74,0.0323,40.74,1.32,39.42,19.96,19.46,0.4937,Lucas Martins,Aplicativo,PIX,Concluída,3
VND-000494,2024-05-29,Maio,Quarta-feira,Centro-Oeste,Mato Grosso,Várzea Grande,Acessórios,Cinto de Couro,2,90.61,0.0822,181.22,14.9,166.32,68.66,97.66,0.5872,Ana Souza,Aplicativo,PIX,Concluída,4
VND-000495,2024-05-29,Maio,Quarta-feira,Sudeste,São Paulo,Sorocaba,Acessórios,Óculos de Sol,4,183.31,0.0126,733.24,9.24,724,261,463,0.6395,Ana Souza,Loja Física,Cartão de Débito,Concluída,4
VND-000496,2024-05-29,Maio,Quarta-feira,Sudeste,Rio de Janeiro,Niterói,Vestuário,Vestido Casual,5,159.29,0.1039,796.45,82.75,713.7,323,390.7,0.5474,Fernanda Lima,Site,Cartão de Débito,Concluída,5
VND-000497,2024-05-30,Maio,Quinta-feira,Nordeste,Ceará,Sobral,Casa,Panela Elétrica de Arroz,3,215.86,0.0426,647.58,27.59,619.99,323.22,296.77,0.4787,Rafael Costa,Loja Física,Cartão de Crédito,Concluída,5
VND-000498,2024-05-31,Maio,Sexta-feira,Centro-Oeste,Mato Grosso do Sul,Campo Grande,Eletrônicos,Fone Bluetooth,7,152.53,0.0679,1067.71,72.5,995.21,610.33,384.88,0.3867,Beatriz Santos,Site,Cartão de Crédito,Concluída,3
VND-000499,2024-05-31,Maio,Sexta-feira,Sudeste,Rio de Janeiro,Niterói,Eletrônicos,Caixa de Som Portátil,1,226.8,0.0923,226.8,20.93,205.87,125.61,80.26,0.3899,Ana Souza,Aplicativo,PIX,Concluída,4
VND-000500,2024-05-31,Maio,Sexta-feira,Nordeste,Paraíba,Campina Grande,Escritório,Organizador de Mesa,1,46.18,0.0691,46.18,3.19,42.99,18.48,24.51,0.5701,Marcos Oliveira,Site,PIX,Concluída,4
VND-000501,2024-05-31,Maio,Sexta-feira,Norte,Pará,Belém,Informática,Teclado Mecânico,4,235.45,0.036,941.8,33.9,907.9,521.04,386.86,0.4261,Juliana Rocha,Aplicativo,PIX,Concluída,3
VND-000502,2024-06-01,Junho,Sábado,Sudeste,Espírito Santo,Vila Velha,Acessórios,Óculos de Sol,2,172.01,0.0885,344.02,30.45,313.57,122.78,190.79,0.6084,Marcos Oliveira,Site,Cartão de Crédito,Concluída,4
VND-000503,2024-06-01,Junho,Sábado,Norte,Amazonas,Manaus,Casa,Panela Elétrica de Arroz,4,215.27,0.0051,861.08,4.39,856.69,436.96,419.73,0.4899,Bruno Alves,Loja Física,Cartão de Débito,Concluída,5
VND-000504,2024-06-01,Junho,Sábado,Sul,Rio Grande do Sul,Porto Alegre,Eletrônicos,Caixa de Som Portátil,5,217.5,0.0224,1087.5,24.36,1063.14,607.05,456.09,0.429,Ana Souza,Loja Física,Cartão de Crédito,Concluída,2
VND-000505,2024-06-01,Junho,Sábado,Nordeste,Paraíba,Campina Grande,Vestuário,Camiseta Básica,5,55.95,0.0956,279.75,26.74,253.01,105.6,147.41,0.5826,Juliana Rocha,Aplicativo,PIX,Concluída,5
VND-000506,2024-06-01,Junho,Sábado,Sudeste,Rio de Janeiro,Rio de Janeiro,Vestuário,Calça Jeans,2,129.7,0.0988,259.4,25.63,233.77,104.14,129.63,0.5545,Bruno Alves,Loja Física,Cartão de Débito,Concluída,4
VND-000507,2024-06-02,Junho,Domingo,Nordeste,Bahia,Salvador,Acessórios,Mochila Executiva,1,226.93,0.0578,226.93,13.12,213.81,84.76,129.05,0.6036,Lucas Martins,Site,Cartão de Crédito,Concluída,4
VND-000508,2024-06-02,Junho,Domingo,Sul,Paraná,Maringá,Informática,HD Externo 1TB,4,305.56,0.0326,1222.24,39.85,1182.39,736.8,445.59,0.3769,Ana Souza,Loja Física,Dinheiro,Concluída,4
VND-000509,2024-06-03,Junho,Segunda-feira,Nordeste,Paraíba,Campina Grande,Acessórios,Carteira de Couro,2,137.37,0.0603,274.74,16.57,258.17,105.22,152.95,0.5924,Marcos Oliveira,Marketplace,Cartão de Débito,Concluída,3
VND-000510,2024-06-03,Junho,Segunda-feira,Nordeste,Ceará,Fortaleza,Informática,Teclado Mecânico,4,264.1,0.087,1056.4,91.91,964.49,603.32,361.17,0.3745,Fernanda Lima,Aplicativo,Cartão de Crédito,Concluída,4
VND-000511,2024-06-04,Junho,Terça-feira,Norte,Amazonas,Parintins,Vestuário,Jaqueta Corta-Vento,1,226.62,0.0018,226.62,0.41,226.21,102.25,123.96,0.548,Ana Souza,Site,pix,Concluída,4
VND-000512,2024-06-04,Junho,Terça-feira,Sudeste,Minas Gerais,Contagem,Esportes,Tênis de Corrida,2,323.94,0.0927,647.88,60.06,587.82,337.56,250.26,0.4257,Camila Ferreira,Site,Cartão de Crédito,Concluída,4
VND-000513,2024-06-04,Junho,Terça-feira,Sudeste,Minas Gerais,Contagem,Acessórios,Cinto de Couro,2,87.75,0.0504,175.5,8.85,166.65,65.44,101.21,0.6073,Diego Ribeiro,Aplicativo,Cartão de Débito,Concluída,4
VND-000514,2024-06-05,Junho,Quarta-feira,Centro-Oeste,Goiás,Anápolis,Vestuário,Blusa de Frio,5,123.29,0.0404,616.45,24.9,591.55,264.2,327.35,0.5534,Camila Ferreira,Telefone,Dinheiro,Concluída,4
VND-000515,2024-06-05,Junho,Quarta-feira,Nordeste,Paraíba,João Pessoa,Eletrônicos,Fone Bluetooth,8,151.98,0.0491,1215.84,59.7,1156.14,701.12,455.02,0.3936,Fernanda Lima,Site,Cartão de Crédito,Concluída,4
VND-000516,2024-06-06,Junho,Quinta-feira,Sudeste,Espírito Santo,Vila Velha,Vestuário,Blusa de Frio,2,120.9,0.08,241.8,19.34,222.46,98.84,123.62,0.5557,Diego Ribeiro,Marketplace,Cartão de Crédito,Em processamento,
VND-000517,2024-06-06,Junho,Quinta-feira,Sudeste,São Paulo,São Paulo,Esportes,Bola de Futebol,2,87.03,0.0394,174.06,6.86,167.2,69.8,97.4,0.5825,Juliana Rocha,Aplicativo,Cartão de Crédito,Concluída,3
VND-000518,2024-06-06,Junho,Quinta-feira,Sudeste,Minas Gerais,Contagem,Eletrônicos,Smartphone X200,2,1793.79,0.1255,3587.58,450.24,3137.34,2548.8,588.54,0.1876,Rafael Costa,Telefone,Boleto,Devolvida,2
VND-000519,2024-06-06,Junho,Quinta-feira,Sudeste,Espírito Santo,Vila Velha,Escritório,Cadeira de Escritório,4,548.71,0.0357,2194.84,78.36,2116.48,1333.12,783.36,0.3701,Carlos Pereira,Aplicativo,PIX,Concluída,5
VND-000520,2024-06-06,Junho,Quinta-feira,Sul,Paraná,Curitiba,Acessórios,Relógio Analógico,3,361.79,0.0756,1085.37,82.05,1003.32,476.43,526.89,0.5251,Rafael Costa,Marketplace,PIX,Concluída,5
VND-000521,2024-06-06,Junho,Quinta-feira,Sudeste,Minas Gerais,Uberlândia,Acessórios,Mochila Executiva,1,205.45,0.0916,205.45,18.82,186.63,78.14,108.49,0.5813,Rafael Costa,Loja Física,Dinheiro,Concluída,4
VND-000522,2024-06-06,Junho,Quinta-feira,Sul,Santa Catarina,Florianópolis,Informática,Mouse Sem Fio,5,60.81,0.1409,304.05,42.84,261.21,143.7,117.51,0.4499,Beatriz Santos,Aplicativo,PIX,Concluída,4
VND-000523,2024-06-07,Junho,Sexta-feira,Sul,Santa Catarina,Joinville,Acessórios,Óculos de Sol,2,176.99,0.018,353.98,6.37,347.61,129.22,218.39,0.6283,Camila Ferreira,Site,Cartão de Crédito,Concluída,4
VND-000524,2024-06-07,Junho,Sexta-feira,Sudeste,Minas Gerais,Uberlândia,Esportes,Garrafa Térmica Esportiva,2,70.41,0.0105,140.82,1.48,139.34,54.12,85.22,0.6116,Ana Souza,Loja Física,Cartão de Crédito,Concluída,4
VND-000525,2024-06-08,Junho,Sábado,Sudeste,Rio de Janeiro,Duque de Caxias,Escritório,Papel A4 (pacote),3,24.45,0.0623,73.35,4.57,68.78,46.2,22.58,0.3283,Juliana Rocha,Site,PIX,Concluída,3
VND-000526,2024-06-08,Junho,Sábado,Nordeste,Ceará,Sobral,Eletrônicos,Smartphone X200,1,1757.86,0.0521,1757.86,91.58,1666.28,1266.83,399.45,0.2397,Beatriz Santos,Marketplace,PIX,Concluída,4
VND-000527,2024-06-08,Junho,Sábado,Sul,Rio Grande do Sul,Porto Alegre,Vestuário,Jaqueta Corta-Vento,3,218.46,0.0884,655.38,57.94,597.44,301.83,295.61,0.4948,Bruno Alves,Site,Cartão de Crédito,Concluída,5
VND-000528,2024-06-09,Junho,Domingo,Sul,Rio Grande do Sul,Porto Alegre,Acessórios,Carteira de Couro,1,135.58,0.1143,135.58,15.5,120.08,47.79,72.29,0.602,Rafael Costa,Site,PIX,Concluída,4
VND-000529,2024-06-09,Junho,Domingo,Sudeste,São Paulo,Sorocaba,Eletrônicos,Smartphone X200,1,1871.16,0.1162,1871.16,217.43,1653.73,1254.32,399.41,0.2415,Beatriz Santos,Loja Física,PIX,Cancelada,
VND-000530,2024-06-09,Junho,Domingo,Norte,Pará,Belém,Informática,HD Externo 1TB,2,317.46,0.1399,634.92,88.83,546.09,408.22,137.87,0.2525,Juliana Rocha,Loja Física,PIX,Concluída,4
VND-000531,2024-06-09,Junho,Domingo,Centro-Oeste,Mato Grosso do Sul,Campo Grande,Acessórios,Carteira de Couro,1,140.03,0.0153,140.03,2.14,137.89,50.39,87.5,0.6346,Beatriz Santos,Loja Física,Cartão de Crédito,Concluída,4
VND-000532,2024-06-09,Junho,Domingo,Nordeste,Bahia,Salvador,Casa,Liquidificador,1,181.81,0.0095,181.81,1.73,180.08,85.99,94.09,0.5225,Fernanda Lima,Site,Cartão de Débito,Concluída,5
VND-000533,2024-06-10,Junho,Segunda-feira,Centro-Oeste,Mato Grosso,Várzea Grande,Vestuário,Blusa de Frio,1,123.05,0.0908,123.05,11.17,111.88,49.02,62.86,0.5619,Marcos Oliveira,Site,PIX,Concluída,3
VND-000534,2024-06-10,Junho,Segunda-feira,Sudeste,São Paulo,Santos,Acessórios,Óculos de Sol,1,178.3,0.0767,178.3,13.68,164.62,65.57,99.05,0.6017,Beatriz Santos,Site,Boleto,Concluída,4
VND-000535,2024-06-10,Junho,Segunda-feira,Nordeste,Bahia,Salvador,Informática,Teclado Mecânico,1,254.88,0.0771,254.88,19.65,235.23,145.24,89.99,0.3826,Juliana Rocha,Loja Física,Cartão de Débito,Concluída,4
VND-000536,2024-06-10,Junho,Segunda-feira,Sudeste,São Paulo,São Paulo,Informática,Monitor 24,2,714.93,0.0359,1429.86,51.33,1378.53,921.58,456.95,0.3315,Marcos Oliveira,Loja Física,Dinheiro,Devolvida,2
VND-000537,2024-06-10,Junho,Segunda-feira,Centro-Oeste,Distrito Federal,Brasília,Esportes,Bola de Futebol,2,89.25,0.0026,178.5,0.46,178.04,66.4,111.64,0.6271,Rafael Costa,Aplicativo,PIX,Concluída,5
VND-000538,2024-06-10,Junho,Segunda-feira,Nordeste,Ceará,Fortaleza,Vestuário,Calça Jeans,1,126.02,0.0745,126.02,9.39,116.63,54.64,61.99,0.5315,Carlos Pereira,Marketplace,Cartão de Crédito,Concluída,4
VND-000539,2024-06-10,Junho,Segunda-feira,Sul,Paraná,Londrina,Casa,Aspirador de Pó,1,421.47,0.1385,421.47,58.37,363.1,255.29,107.81,0.2969,Beatriz Santos,Loja Física,Cartão de Crédito,Concluída,4
VND-000540,2024-06-11,Junho,Terça-feira,Nordeste,Pernambuco,Olinda,Casa,Air Fryer,1,360.03,0.0729,360.03,26.25,333.78,201.7,132.08,0.3957,Diego Ribeiro,Marketplace,Cartão de Crédito,Concluída,5
VND-000541,2024-06-11,Junho,Terça-feira,Nordeste,Paraíba,Campina Grande,Informática,Teclado Mecânico,4,254.87,0.0667,1019.48,68,951.48,544.92,406.56,0.4273,Patrícia Gomes,Site,PIX,Devolvida,2
VND-000542,2024-06-11,Junho,Terça-feira,Sudeste,Minas Gerais,Belo Horizonte,Informática,Pen Drive 64GB,10,39.49,0.0753,394.9,29.74,365.16,191.5,173.66,0.4756,Fernanda Lima,Loja Física,Dinheiro,Concluída,5
VND-000543,2024-06-11,Junho,Terça-feira,Nordeste,Bahia,Salvador,Casa,Liquidificador,2,173.82,0.0176,347.64,6.12,341.52,164.72,176.8,0.5177,Ana Souza,Aplicativo,PIX,Concluída,3
VND-000544,2024-06-11,Junho,Terça-feira,Sudeste,Minas Gerais,Belo Horizonte,Eletrônicos,Caixa de Som Portátil,2,208.78,0.0739,417.56,30.86,386.7,254.32,132.38,0.3423,Ana Souza,Loja Física,Dinheiro,Devolvida,2
VND-000545,2024-06-12,Junho,Quarta-feira,Centro-Oeste,Goiás,Anápolis,Informática,Pen Drive 64GB,2,41.42,0.0594,82.84,4.92,77.92,40.36,37.56,0.482,Lucas Martins,Aplicativo,Cartão de Crédito,Cancelada,
VND-000546,2024-06-12,Junho,Quarta-feira,Nordeste,Bahia,Feira de Santana,Acessórios,Carteira de Couro,6,152.98,0.0639,917.88,58.65,859.23,359.34,499.89,0.5818,Ana Souza,Loja Física,Cartão de Crédito,Concluída,5
VND-000547,2024-06-13,Junho,Quinta-feira,Nordeste,Paraíba,João Pessoa,Casa,Air Fryer,1,365.32,0.0913,365.32,33.35,331.97,194.32,137.65,0.4146,Ana Souza,Aplicativo,PIX,Concluída,4
VND-000548,2024-06-13,Junho,Quinta-feira,Sudeste,Minas Gerais,Belo Horizonte,Informática,HD Externo 1TB,2,311.49,0.03,622.98,18.69,604.29,387.76,216.53,0.3583,Juliana Rocha,Loja Física,Cartão de Crédito,Concluída,3
VND-000549,2024-06-13,Junho,Quinta-feira,Centro-Oeste,Mato Grosso do Sul,Campo Grande,Escritório,Mesa para Computador,5,474.85,0.0901,2374.25,213.92,2160.33,1447.7,712.63,0.3299,Ana Souza,Marketplace,Boleto,Concluída,4
VND-000550,2024-06-13,Junho,Quinta-feira,Nordeste,Bahia,Salvador,Informática,Pen Drive 64GB,2,40.27,0.1187,80.54,9.56,70.98,41.14,29.84,0.4204,Juliana Rocha,Site,PIX,Concluída,4
VND-000551,2024-06-13,Junho,Quinta-feira,Sudeste,São Paulo,Santos,Escritório,Organizador de Mesa,8,45.89,0.2117,367.12,77.72,289.4,152.72,136.68,0.4723,Fernanda Lima,Aplicativo,Cartão de Crédito,Concluída,4
VND-000552,2024-06-13,Junho,Quinta-feira,Sudeste,São Paulo,Santos,Acessórios,Relógio Analógico,3,364.27,0.1287,1092.81,140.64,952.17,437.55,514.62,0.5405,Juliana Rocha,Marketplace,Cartão de Crédito,Concluída,5
VND-000553,2024-06-14,Junho,Sexta-feira,Sul,Paraná,Curitiba,Eletrônicos,Smartphone X200,1,1790.08,0.1035,1790.08,185.27,1604.81,1286.64,318.17,0.1983,Ana Souza,Site,PIX,Concluída,4
VND-000554,2024-06-14,Junho,Sexta-feira,Sul,Santa Catarina,Blumenau,Vestuário,Blusa de Frio,2,117.04,0.1485,234.08,34.76,199.32,93.56,105.76,0.5306,Ana Souza,Marketplace,Boleto,Concluída,5
VND-000555,2024-06-14,Junho,Sexta-feira,Sudeste,Rio de Janeiro,Duque de Caxias,Vestuário,Vestido Casual,1,148.87,0.0285,148.87,4.24,144.63,58.65,85.98,0.5945,Marcos Oliveira,Aplicativo,PIX,Concluída,3
VND-000556,2024-06-14,Junho,Sexta-feira,Sul,Santa Catarina,Joinville,Escritório,Kit Canetas Executivas,1,90.08,0.0712,90.08,6.41,83.67,30.86,52.81,0.6312,Juliana Rocha,Marketplace,Cartão de Crédito,Concluída,4
VND-000557,2024-06-14,Junho,Sexta-feira,Norte,Rondônia,Ji-Paraná,Vestuário,Vestido Casual,1,148.31,0.053,148.31,7.86,140.45,58.25,82.2,0.5853,Ana Souza,Loja Física,Cartão de Débito,Concluída,4
VND-000558,2024-06-15,Junho,Sábado,Norte,Pará,Ananindeua,Eletrônicos,Smartwatch,2,451.11,0.0861,902.22,77.68,824.54,554.06,270.48,0.328,Beatriz Santos,Loja Física,Cartão de Crédito,Concluída,4
VND-000559,2024-06-15,Junho,Sábado,Sudeste,São Paulo,São Paulo,Vestuário,Calça Jeans,2,132.41,0.0142,264.82,3.76,261.06,107.5,153.56,0.5882,Ana Souza,Loja Física,PIX,Concluída,4
VND-000560,2024-06-16,Junho,Domingo,Sul,Santa Catarina,Florianópolis,Escritório,Cadeira de Escritório,1,537.18,0.0624,537.18,33.52,503.66,326.17,177.49,0.3524,Diego Ribeiro,Marketplace,PIX,Concluída,4
VND-000561,2024-06-16,Junho,Domingo,Nordeste,Ceará,Sobral,Eletrônicos,Smart TV 50,1,2199.23,0.0173,2199.23,38.05,2161.18,1640.33,520.85,0.241,Rafael Costa,Loja Física,Cartão de Débito,Concluída,4
VND-000562,2024-06-16,Junho,Domingo,Sudeste,Minas Gerais,Uberlândia,Casa,Aspirador de Pó,3,385.07,0.0335,1155.21,38.7,1116.51,696.18,420.33,0.3765,Bruno Alves,Aplicativo,PIX,Concluída,4
VND-000563,2024-06-16,Junho,Domingo,Centro-Oeste,Mato Grosso do Sul,Dourados,Acessórios,Mochila Executiva,3,222.23,0.0486,666.69,32.4,634.29,280.2,354.09,0.5582,Bruno Alves,Aplicativo,PIX,Concluída,5
VND-000564,2024-06-16,Junho,Domingo,Sudeste,Rio de Janeiro,Duque de Caxias,Casa,Panela Elétrica de Arroz,3,222.25,0.0714,666.75,47.61,619.14,336.39,282.75,0.4567,Rafael Costa,Aplicativo,PIX,Concluída,4
VND-000565,2024-06-16,Junho,Domingo,Sul,Santa Catarina,Florianópolis,Vestuário,Jaqueta Corta-Vento,1,219.67,0.075,219.67,16.48,203.19,108.31,94.88,0.467,Marcos Oliveira,Site,PIX,Em processamento,
VND-000566,2024-06-16,Junho,Domingo,Sudeste,Espírito Santo,Vila Velha,Informática,HD Externo 1TB,2,325.46,0.115,650.92,74.86,576.06,405.44,170.62,0.2962,Ana Souza,Site,Cartão de Crédito,Concluída,2
VND-000567,2024-06-16,Junho,Domingo,Sul,Rio Grande do Sul,Pelotas,Vestuário,Jaqueta Corta-Vento,5,207.04,0.1519,1035.2,157.25,877.95,477,400.95,0.4567,Diego Ribeiro,Marketplace,Cartão de Crédito,Devolvida,2
VND-000568,2024-06-17,Junho,Segunda-feira,Centro-Oeste,Mato Grosso,Cuiabá,Eletrônicos,Smartphone X200,1,1771.44,0.0524,1771.44,92.82,1678.62,1267.16,411.46,0.2451,Juliana Rocha,Site,PIX,Concluída,5
VND-000569,2024-06-17,Junho,Segunda-feira,Sul,Santa Catarina,Florianópolis,Casa,Jogo de Cama Queen,5,164.1,0.124,820.5,101.74,718.76,347.4,371.36,0.5167,Camila Ferreira,Aplicativo,PIX,Concluída,4
VND-000570,2024-06-17,Junho,Segunda-feira,Nordeste,Bahia,Feira de Santana,Casa,Liquidificador,2,177.02,0.067,354.04,23.72,330.32,172.28,158.04,0.4784,Carlos Pereira,Aplicativo,Cartão de Crédito,Concluída,3
VND-000571,2024-06-18,Junho,Terça-feira,Sudeste,Espírito Santo,Vila Velha,Escritório,Papel A4 (pacote),10,24.19,0.1231,241.9,29.78,212.12,145.8,66.32,0.3127,Lucas Martins,Site,Cartão de Crédito,Concluída,4
VND-000572,2024-06-18,Junho,Terça-feira,Sul,Santa Catarina,Blumenau,Esportes,Kit Halteres 10kg,1,186.78,0.0717,186.78,13.39,173.39,108.32,65.07,0.3753,Fernanda Lima,Marketplace,Cartão de Crédito,Concluída,4
VND-000573,2024-06-18,Junho,Terça-feira,Sul,Rio Grande do Sul,Porto Alegre,Esportes,Bicicleta Aro 29,2,1111.68,0.0134,2223.36,29.79,2193.57,1577.9,615.67,0.2807,Fernanda Lima,Telefone,Cartão de Crédito,Concluída,5
VND-000574,2024-06-19,Junho,Quarta-feira,Sul,Rio Grande do Sul,Caxias do Sul,Vestuário,Jaqueta Corta-Vento,1,222.86,0.0023,222.86,0.51,222.35,100.73,121.62,0.547,Beatriz Santos,Aplicativo,Cartão de Débito,Concluída,4
VND-000575,2024-06-19,Junho,Quarta-feira,Sudeste,Minas Gerais,Belo Horizonte,Vestuário,Calça Jeans,8,126.62,0.0291,1012.96,29.48,983.48,450.72,532.76,0.5417,Ana Souza,Site,PIX,Concluída,5
VND-000576,2024-06-19,Junho,Quarta-feira,Sudeste,Espírito Santo,Vitória,Vestuário,Camiseta Básica,3,53.62,0.1408,160.86,22.65,138.21,61.02,77.19,0.5585,Camila Ferreira,Site,PIX,Concluída,4
VND-000577,2024-06-19,Junho,Quarta-feira,Sudeste,Minas Gerais,Contagem,Escritório,Cadeira de Escritório,3,592.18,0.0202,1776.54,35.89,1740.65,1073.97,666.68,0.383,Diego Ribeiro,Aplicativo,PIX,Cancelada,
VND-000578,2024-06-20,Junho,Quinta-feira,Centro-Oeste,Mato Grosso do Sul,Campo Grande,Informática,Monitor 24,2,728.47,0.0688,1456.94,100.24,1356.7,916.42,440.28,0.3245,Diego Ribeiro,Site,Cartão de Crédito,Concluída,5
VND-000579,2024-06-20,Junho,Quinta-feira,Sudeste,Espírito Santo,Vila Velha,Vestuário,Camiseta Básica,3,57.19,0.1122,171.57,19.25,152.32,55.65,96.67,0.6347,Rafael Costa,Marketplace,Cartão de Crédito,Concluída,4
VND-000580,2024-06-20,Junho,Quinta-feira,Nordeste,Pernambuco,Caruaru,Acessórios,Mochila Executiva,2,230.98,0.132,461.96,60.98,400.98,186.86,214.12,0.534,Beatriz Santos,Aplicativo,Cartão de Crédito,Concluída,4
VND-000581,2024-06-21,Junho,Sexta-feira,Sul,Paraná,Maringá,Eletrônicos,Fone Bluetooth,3,150.07,0.0611,450.21,27.51,422.7,245.64,177.06,0.4189,Bruno Alves,Marketplace,PIX,Concluída,5
VND-000582,2024-06-21,Junho,Sexta-feira,Sudeste,Espírito Santo,Vila Velha,Vestuário,Camiseta Básica,1,58.37,0.0633,58.37,3.69,54.68,19.55,35.13,0.6425,Ana Souza,Site,Cartão de Crédito,Devolvida,2
VND-000583,2024-06-21,Junho,Sexta-feira,Centro-Oeste,Goiás,Goiânia,Esportes,Tênis de Corrida,5,312.93,0.0768,1564.65,120.17,1444.48,771.4,673.08,0.466,Marcos Oliveira,Aplicativo,PIX,Concluída,4
VND-000584,2024-06-21,Junho,Sexta-feira,Nordeste,Paraíba,Campina Grande,Casa,Jogo de Cama Queen,2,161.57,0.0175,323.14,5.65,317.49,135.26,182.23,0.574,Diego Ribeiro,Telefone,Cartão de Crédito,Concluída,4
VND-000585,2024-06-21,Junho,Sexta-feira,Sul,Rio Grande do Sul,Caxias do Sul,Esportes,Bola de Futebol,1,86.29,0.0608,86.29,5.25,81.04,36.09,44.95,0.5547,Bruno Alves,Site,Cartão de Crédito,Concluída,4
VND-000586,2024-06-21,Junho,Sexta-feira,Sudeste,São Paulo,Campinas,Escritório,Organizador de Mesa,2,47.49,0.0771,94.98,7.32,87.66,37.22,50.44,0.5754,Bruno Alves,Site,Cartão de Crédito,Concluída,4
VND-000587,2024-06-22,Junho,Sábado,Sudeste,Espírito Santo,Vila Velha,Esportes,Tênis de Corrida,2,319.37,0.1337,638.74,85.4,553.34,321.08,232.26,0.4197,Bruno Alves,Loja Física,Cartão de Crédito,Devolvida,1
VND-000588,2024-06-22,Junho,Sábado,Nordeste,Pernambuco,Caruaru,Informática,Mouse Sem Fio,4,62.63,0.1178,250.52,29.51,221.01,115.68,105.33,0.4766,Rafael Costa,Marketplace,PIX,Concluída,4
VND-000589,2024-06-22,Junho,Sábado,Sudeste,São Paulo,São Paulo,Acessórios,Óculos de Sol,5,175.52,0.0972,877.6,85.3,792.3,283.15,509.15,0.6426,Diego Ribeiro,Marketplace,Cartão de Crédito,Concluída,4
VND-000590,2024-06-23,Junho,Domingo,Centro-Oeste,Mato Grosso,Várzea Grande,Escritório,Mesa para Computador,4,489.13,0.065,1956.52,127.17,1829.35,1086.76,742.59,0.4059,Fernanda Lima,Aplicativo,PIX,Concluída,4
VND-000591,2024-06-24,Junho,Segunda-feira,Sul,Rio Grande do Sul,Porto Alegre,Vestuário,Calça Jeans,3,129.03,0.0277,387.09,10.72,376.37,159.15,217.22,0.5771,Fernanda Lima,Site,Cartão de Débito,Concluída,3
VND-000592,2024-06-24,Junho,Segunda-feira,Sudeste,Espírito Santo,Vila Velha,Esportes,Tênis de Corrida,5,322.43,0.1368,1612.15,220.54,1391.61,758.8,632.81,0.4547,Beatriz Santos,Marketplace,Cartão de Crédito,Cancelada,
VND-000593,2024-06-24,Junho,Segunda-feira,Sudeste,Minas Gerais,Contagem,Eletrônicos,Caixa de Som Portátil,1,218.48,0.0759,218.48,16.58,201.9,123.63,78.27,0.3877,Juliana Rocha,Aplicativo,PIX,Concluída,5
VND-000594,2024-06-25,Junho,Terça-feira,Norte,Rondônia,Porto Velho,Vestuário,Blusa de Frio,3,118.63,0.0447,355.89,15.91,339.98,132.66,207.32,0.6098,Fernanda Lima,Site,PIX,Concluída,4
VND-000595,2024-06-25,Junho,Terça-feira,Sudeste,São Paulo,São Paulo,Vestuário,Vestido Casual,2,149.93,0.0477,299.86,14.3,285.56,117.62,167.94,0.5881,Juliana Rocha,Site,Cartão de Crédito,Concluída,4
VND-000596,2024-06-25,Junho,Terça-feira,Sul,Rio Grande do Sul,Porto Alegre,Informática,Pen Drive 64GB,7,39.51,0.1026,276.57,28.38,248.19,134.19,114,0.4593,Ana Souza,Marketplace,Cartão de Crédito,Concluída,4
VND-000597,2024-06-25,Junho,Terça-feira,Norte,Rondônia,Ji-Paraná,Escritório,Kit Canetas Executivas,5,91.76,0.0615,458.8,28.22,430.58,172.15,258.43,0.6002,Camila Ferreira,Loja Física,Cartão de Crédito,Concluída,4
VND-000598,2024-06-25,Junho,Terça-feira,Sudeste,São Paulo,Campinas,Informática,Monitor 24,1,765.93,0.0626,765.93,47.95,717.98,485.84,232.14,0.3233,Diego Ribeiro,Marketplace,Boleto,Cancelada,
VND-000599,2024-06-26,Junho,Quarta-feira,Sul,Paraná,Londrina,Informática,Mouse Sem Fio,7,61.46,0.075,430.22,32.27,397.95,189.84,208.11,0.523,Bruno Alves,Aplicativo,PIX,Concluída,4
VND-000600,2024-06-26,Junho,Quarta-feira,Sudeste,Espírito Santo,Vitória,Acessórios,Cinto de Couro,2,88.97,0.1127,177.94,20.05,157.89,58.82,99.07,0.6275,Carlos Pereira,Marketplace,Boleto,Cancelada,
VND-000601,2024-06-26,Junho,Quarta-feira,Nordeste,Paraíba,João Pessoa,Eletrônicos,Smartwatch,1,444.17,0.0044,444.17,1.95,442.22,261.81,180.41,0.408,Diego Ribeiro,Site,PIX,Concluída,3
VND-000602,2024-06-26,Junho,Quarta-feira,Nordeste,Bahia,Feira de Santana,Esportes,Bola de Futebol,4,88.04,0.1752,352.16,61.7,290.46,136.04,154.42,0.5316,Lucas Martins,Telefone,Boleto,Concluída,5
VND-000603,2024-06-27,Junho,Quinta-feira,Sudeste,Minas Gerais,Contagem,Escritório,Papel A4 (pacote),3,25.35,0.0773,76.05,5.88,70.17,44.58,25.59,0.3647,Ana Souza,Marketplace,Boleto,Cancelada,
VND-000604,2024-06-27,Junho,Quinta-feira,Sul,Rio Grande do Sul,Porto Alegre,Vestuário,Calça Jeans,2,128.76,0.0348,257.52,8.96,248.56,115.2,133.36,0.5365,Diego Ribeiro,Loja Física,Cartão de Débito,Concluída,5
VND-000605,2024-06-28,Junho,Sexta-feira,Sul,Santa Catarina,Blumenau,Eletrônicos,Caixa de Som Portátil,1,211.74,0.0241,211.74,5.1,206.64,124.99,81.65,0.3951,Rafael Costa,Marketplace,Cartão de Crédito,Cancelada,
VND-000606,2024-06-28,Junho,Sexta-feira,Centro-Oeste,Mato Grosso do Sul,Dourados,Casa,Panela Elétrica de Arroz,4,219.61,0.0067,878.44,5.89,872.55,450.48,422.07,0.4837,Carlos Pereira,Aplicativo,Cartão de Crédito,Concluída,3
VND-000607,2024-06-28,Junho,Sexta-feira,Sudeste,Minas Gerais,Contagem,Casa,Aspirador de Pó,1,413.1,0.0293,413.1,12.1,401,235.21,165.79,0.4134,Fernanda Lima,Loja Física,Cartão de Crédito,Concluída,4
VND-000608,2024-06-28,Junho,Sexta-feira,Sudeste,Minas Gerais,Uberlândia,Acessórios,Relógio Analógico,3,332.5,0.005,997.5,4.99,992.51,436.38,556.13,0.5603,Marcos Oliveira,Telefone,Boleto,Concluída,4
VND-000609,2024-06-29,Junho,Sábado,Sul,Santa Catarina,Joinville,Vestuário,Camiseta Básica,2,52.95,0.0651,105.9,6.89,99.01,37.6,61.41,0.6202,Beatriz Santos,Aplicativo,Cartão de Crédito,Concluída,5
VND-000610,2024-06-30,Junho,Domingo,Nordeste,Pernambuco,Olinda,Escritório,Kit Canetas Executivas,7,87.39,0.0318,611.73,19.45,592.28,199.29,392.99,0.6635,Patrícia Gomes,Aplicativo,Cartão de Crédito,Concluída,4
VND-000611,2024-06-30,Junho,Domingo,Sul,Rio Grande do Sul,Caxias do Sul,Informática,Mouse Sem Fio,2,60.03,0.0362,120.06,4.35,115.71,56.72,58.99,0.5098,Beatriz Santos,Loja Física,Cartão de Crédito,Concluída,3
VND-000612,2024-06-30,Junho,Domingo,Nordeste,Ceará,Fortaleza,Casa,Air Fryer,2,360.06,0.0693,720.12,49.9,670.22,400.96,269.26,0.4017,Rafael Costa,Site,Cartão de Crédito,Devolvida,1
VND-000613,2024-06-30,Junho,Domingo,Centro-Oeste,Mato Grosso,Cuiabá,Escritório,Kit Canetas Executivas,6,90.86,0.1211,545.16,66.02,479.14,179.46,299.68,0.6255,Ana Souza,Marketplace,PIX,Concluída,4
VND-000614,2024-07-01,Julho,Segunda-feira,Centro-Oeste,Mato Grosso,Várzea Grande,Acessórios,Mochila Executiva,1,217.11,0.0034,217.11,0.74,216.37,82.69,133.68,0.6178,Lucas Martins,Loja Física,Dinheiro,Concluída,4
VND-000615,2024-07-01,Julho,Segunda-feira,Nordeste,Paraíba,Campina Grande,Acessórios,Óculos de Sol,2,178.11,0.1036,356.22,36.9,319.32,119.74,199.58,0.625,Marcos Oliveira,Loja Física,Cartão de Crédito,Concluída,4
VND-000616,2024-07-01,Julho,Segunda-feira,Sul,Rio Grande do Sul,Pelotas,Casa,Air Fryer,2,367.84,0.0268,735.68,19.72,715.96,426.46,289.5,0.4044,Juliana Rocha,Loja Física,Cartão de Débito,Concluída,4
VND-000617,2024-07-02,Julho,Terça-feira,Sul,Santa Catarina,Florianópolis,Vestuário,Calça Jeans,4,123.9,0.1073,495.6,53.18,442.42,211.32,231.1,0.5224,Bruno Alves,Marketplace,Boleto,Concluída,4
VND-000618,2024-07-02,Julho,Terça-feira,Sudeste,Rio de Janeiro,Niterói,Vestuário,Jaqueta Corta-Vento,5,234.78,0.059,1173.9,69.26,1104.64,562.85,541.79,0.4905,Marcos Oliveira,Aplicativo,PIX,Concluída,5
VND-000619,2024-07-02,Julho,Terça-feira,Nordeste,Bahia,Salvador,Vestuário,Calça Jeans,1,132,0.1043,132,13.77,118.23,59,59.23,0.501,Juliana Rocha,Aplicativo,PIX,Devolvida,2
VND-000620,2024-07-03,Julho,Quarta-feira,Sul,Rio Grande do Sul,Caxias do Sul,Esportes,Tênis de Corrida,2,317.44,0.0669,634.88,42.47,592.41,328.42,263.99,0.4456,Rafael Costa,Aplicativo,PIX,Concluída,4
VND-000621,2024-07-03,Julho,Quarta-feira,Sudeste,Rio de Janeiro,Rio de Janeiro,Casa,Aspirador de Pó,4,414.28,0.0457,1657.12,75.73,1581.39,948.52,632.87,0.4002,Bruno Alves,Aplicativo,PIX,Concluída,4
VND-000622,2024-07-03,Julho,Quarta-feira,Sul,Paraná,Curitiba,Esportes,Tênis de Corrida,3,331.92,0.1066,995.76,106.15,889.61,496.32,393.29,0.4421,Bruno Alves,Loja Física,Cartão de Crédito,Concluída,4
VND-000623,2024-07-03,Julho,Quarta-feira,Centro-Oeste,Distrito Federal,Brasília,Casa,Liquidificador,1,174.4,0.0156,174.4,2.72,171.68,90.51,81.17,0.4728,Juliana Rocha,Aplicativo,PIX,Concluída,5
VND-000624,2024-07-03,Julho,Quarta-feira,Centro-Oeste,Mato Grosso do Sul,Campo Grande,Informática,Pen Drive 64GB,5,38.48,0.1057,192.4,20.34,172.06,101.4,70.66,0.4107,Ana Souza,Marketplace,Cartão de Crédito,Concluída,5
VND-000625,2024-07-03,Julho,Quarta-feira,Sudeste,Rio de Janeiro,Niterói,Acessórios,Carteira de Couro,5,146.89,0.084,734.45,61.69,672.76,281.95,390.81,0.5809,Marcos Oliveira,Aplicativo,Cartão de Crédito,Concluída,4
VND-000626,2024-07-03,Julho,Quarta-feira,Nordeste,Ceará,Sobral,Eletrônicos,Caixa de Som Portátil,2,220.12,0.0922,440.24,40.59,399.65,246.18,153.47,0.384,Patrícia Gomes,Marketplace,Boleto,Concluída,3
VND-000627,2024-07-03,Julho,Quarta-feira,Centro-Oeste,Distrito Federal,Brasília,Escritório,Papel A4 (pacote),1,24.71,0.0339,24.71,0.84,23.87,15.42,8.45,0.354,Carlos Pereira,Aplicativo,Cartão de Débito,Concluída,4
VND-000628,2024-07-03,Julho,Quarta-feira,Sul,Santa Catarina,Florianópolis,Informática,Pen Drive 64GB,4,40.55,0.0583,162.2,9.46,152.74,85.8,66.94,0.4383,Beatriz Santos,Loja Física,Cartão de Crédito,Cancelada,
VND-000629,2024-07-04,Julho,Quinta-feira,Sudeste,Rio de Janeiro,Duque de Caxias,Esportes,Bola de Futebol,7,92.25,0.1257,645.75,81.17,564.58,259.77,304.81,0.5399,Juliana Rocha,Site,PIX,Concluída,4
VND-000630,2024-07-04,Julho,Quinta-feira,Sudeste,Minas Gerais,Contagem,Casa,Aspirador de Pó,3,428.46,0.084,1285.38,107.97,1177.41,782.16,395.25,0.3357,Rafael Costa,Aplicativo,PIX,Concluída,4
VND-000631,2024-07-04,Julho,Quinta-feira,Sudeste,Rio de Janeiro,Duque de Caxias,Acessórios,Óculos de Sol,1,181.1,0.0438,181.1,7.93,173.17,68.74,104.43,0.603,Bruno Alves,Telefone,Cartão de Crédito,Concluída,4
VND-000632,2024-07-04,Julho,Quinta-feira,Sul,Rio Grande do Sul,Caxias do Sul,Informática,HD Externo 1TB,4,328.25,0.0461,1313,60.53,1252.47,784.32,468.15,0.3738,Diego Ribeiro,Loja Física,Cartão de Crédito,Concluída,4
VND-000633,2024-07-05,Julho,Sexta-feira,Nordeste,Bahia,Salvador,Eletrônicos,Smartphone X200,1,1805.76,0.0955,1805.76,172.45,1633.31,1219.85,413.46,0.2531,Ana Souza,Marketplace,Cartão de Crédito,Concluída,4
VND-000634,2024-07-05,Julho,Sexta-feira,Sul,Santa Catarina,Florianópolis,Informática,Mouse Sem Fio,4,57.11,0.0561,228.44,12.82,215.62,103.08,112.54,0.5219,Bruno Alves,Aplicativo,Cartão de Crédito,Concluída,4
VND-000635,2024-07-05,Julho,Sexta-feira,Centro-Oeste,Mato Grosso do Sul,Dourados,Esportes,Tênis de Corrida,5,317.04,0.1157,1585.2,183.41,1401.79,806.6,595.19,0.4246,Rafael Costa,Telefone,Cartão de Crédito,Concluída,5
VND-000636,2024-07-05,Julho,Sexta-feira,Sul,Paraná,Curitiba,Esportes,Garrafa Térmica Esportiva,1,72.06,0.0293,72.06,2.11,69.95,26.28,43.67,0.6243,Juliana Rocha,Loja Física,Dinheiro,Concluída,3
VND-000637,2024-07-05,Julho,Sexta-feira,Sudeste,Minas Gerais,Uberlândia,Acessórios,Carteira de Couro,2,139.41,0.0736,278.82,20.52,258.3,101.18,157.12,0.6083,Rafael Costa,Loja Física,Cartão de Crédito,Cancelada,
VND-000638,2024-07-06,Julho,Sábado,Sul,Santa Catarina,Florianópolis,Informática,Mouse Sem Fio,2,56.73,0.0452,113.46,5.13,108.33,51.14,57.19,0.5279,Diego Ribeiro,Aplicativo,PIX,Cancelada,
VND-000639,2024-07-06,Julho,Sábado,Centro-Oeste,Distrito Federal,Brasília,Esportes,Tênis de Corrida,1,314.94,0.0371,314.94,11.68,303.26,165.49,137.77,0.4543,Fernanda Lima,Site,PIX,Concluída,3
VND-000640,2024-07-06,Julho,Sábado,Sul,Rio Grande do Sul,Caxias do Sul,Acessórios,Óculos de Sol,1,180.19,0.0474,180.19,8.54,171.65,58.66,112.99,0.6583,Marcos Oliveira,Site,PIX,Concluída,4
VND-000641,2024-07-06,Julho,Sábado,Sudeste,Espírito Santo,Vila Velha,Eletrônicos,Fone Bluetooth,6,144.24,0.0942,865.44,81.52,783.92,479.22,304.7,0.3887,Lucas Martins,Site,Cartão de Crédito,Concluída,3
VND-000642,2024-07-06,Julho,Sábado,Sudeste,Rio de Janeiro,Rio de Janeiro,Acessórios,Mochila Executiva,4,222.26,0.0983,889.04,87.39,801.65,330.96,470.69,0.5872,Rafael Costa,Aplicativo,PIX,Devolvida,2
VND-000643,2024-07-06,Julho,Sábado,Nordeste,Pernambuco,Olinda,Informática,Mouse Sem Fio,3,59.91,0.1759,179.73,31.61,148.12,84.03,64.09,0.4327,Ana Souza,Marketplace,PIX,Cancelada,
VND-000644,2024-07-06,Julho,Sábado,Sul,Santa Catarina,Florianópolis,Esportes,Garrafa Térmica Esportiva,2,69.5,0.0165,139,2.29,136.71,49.96,86.75,0.6346,Juliana Rocha,Aplicativo,PIX,Concluída,4
VND-000645,2024-07-06,Julho,Sábado,Sul,Santa Catarina,Florianópolis,Esportes,Garrafa Térmica Esportiva,1,70.43,0.0789,70.43,5.56,64.87,27.83,37.04,0.571,Carlos Pereira,Marketplace,Cartão de Crédito,Devolvida,3
VND-000646,2024-07-07,Julho,Domingo,Sul,Santa Catarina,Joinville,Eletrônicos,Smartphone X200,2,1733.59,0.129,3467.18,447.27,3019.91,2408.36,611.55,0.2025,Bruno Alves,Telefone,Cartão de Crédito,Concluída,3
VND-000647,2024-07-07,Julho,Domingo,Norte,Rondônia,Ji-Paraná,Casa,Air Fryer,2,353.83,0.1271,707.66,89.94,617.72,387.5,230.22,0.3727,Camila Ferreira,Marketplace,PIX,Concluída,5
VND-000648,2024-07-07,Julho,Domingo,Nordeste,Paraíba,Campina Grande,Esportes,Garrafa Térmica Esportiva,1,70.17,0.0322,70.17,2.26,67.91,26.61,41.3,0.6082,Rafael Costa,Loja Física,PIX,Concluída,3
VND-000649,2024-07-08,Julho,Segunda-feira,Sudeste,São Paulo,Santos,Vestuário,Vestido Casual,1,157.07,0.1332,157.07,20.92,136.15,60.37,75.78,0.5566,Diego Ribeiro,Marketplace,PIX,Concluída,4
VND-000650,2024-07-08,Julho,Segunda-feira,Sudeste,Minas Gerais,Belo Horizonte,Casa,Panela Elétrica de Arroz,1,217.51,0.0292,217.51,6.35,211.16,113.4,97.76,0.463,Rafael Costa,Marketplace,PIX,Concluída,5
VND-000651,2024-07-08,Julho,Segunda-feira,Norte,Amazonas,Manaus,Acessórios,Óculos de Sol,4,182.86,0.0547,731.44,40.01,691.43,235.04,456.39,0.6601,Lucas Martins,Site,PIX,Concluída,4
VND-000652,2024-07-09,Julho,Terça-feira,Sudeste,Rio de Janeiro,Rio de Janeiro,Vestuário,Jaqueta Corta-Vento,3,222.36,0.1,667.08,66.71,600.37,336.54,263.83,0.4394,Camila Ferreira,Site,PIX,Concluída,3
VND-000653,2024-07-09,Julho,Terça-feira,Centro-Oeste,Mato Grosso do Sul,Dourados,Acessórios,Cinto de Couro,2,91.14,0.0961,182.28,17.52,164.76,59.58,105.18,0.6384,Diego Ribeiro,Loja Física,PIX,Concluída,4
VND-000654,2024-07-09,Julho,Terça-feira,Nordeste,Paraíba,Campina Grande,Esportes,Bola de Futebol,2,86.29,0.0241,172.58,4.16,168.42,68.2,100.22,0.5951,Rafael Costa,Loja Física,Cartão de Crédito,Concluída,5
VND-000655,2024-07-09,Julho,Terça-feira,Sudeste,Espírito Santo,Vitória,Acessórios,Relógio Analógico,2,344.6,0.0877,689.2,60.44,628.76,279.42,349.34,0.5556,Marcos Oliveira,Site,PIX,Concluída,4
VND-000656,2024-07-09,Julho,Terça-feira,Sudeste,Espírito Santo,Vitória,Vestuário,Blusa de Frio,4,115.46,0.0043,461.84,1.99,459.85,189.28,270.57,0.5884,Ana Souza,Loja Física,Cartão de Débito,Concluída,4
VND-000657,2024-07-10,Julho,Quarta-feira,Sudeste,Minas Gerais,Uberlândia,Escritório,Cadeira de Escritório,1,552.34,0.1051,552.34,58.05,494.29,338.73,155.56,0.3147,Marcos Oliveira,Marketplace,Boleto,Concluída,2
VND-000658,2024-07-10,Julho,Quarta-feira,Sul,Paraná,Londrina,Acessórios,Carteira de Couro,1,139.97,0.0648,139.97,9.07,130.9,49.79,81.11,0.6196,Fernanda Lima,Marketplace,Boleto,Concluída,4
VND-000659,2024-07-10,Julho,Quarta-feira,Nordeste,Pernambuco,Olinda,Esportes,Garrafa Térmica Esportiva,1,70.19,0.0798,70.19,5.6,64.59,27.75,36.84,0.5704,Lucas Martins,Loja Física,Cartão de Débito,Concluída,4
VND-000660,2024-07-11,Julho,Quinta-feira,Sul,Paraná,Curitiba,Informática,Mouse Sem Fio,8,61.64,0.0886,493.12,43.69,449.43,215.6,233.83,0.5203,Lucas Martins,Site,Cartão de Crédito,Concluída,4
VND-000661,2024-07-11,Julho,Quinta-feira,Sudeste,Espírito Santo,Vila Velha,Eletrônicos,Caixa de Som Portátil,1,208.92,0.0671,208.92,14.02,194.9,125.05,69.85,0.3584,Ana Souza,Site,PIX,Concluída,5
VND-000662,2024-07-12,Julho,Sexta-feira,Nordeste,Bahia,Feira de Santana,Vestuário,Vestido Casual,5,148.2,0.0836,741,61.95,679.05,301.5,377.55,0.556,Fernanda Lima,Site,Cartão de Crédito,Concluída,4
VND-000663,2024-07-12,Julho,Sexta-feira,Sudeste,Rio de Janeiro,Duque de Caxias,Eletrônicos,Smartwatch,2,445.78,0.0277,891.56,24.7,866.86,535.48,331.38,0.3823,Marcos Oliveira,Aplicativo,PIX,Concluída,3
VND-000664,2024-07-12,Julho,Sexta-feira,Sudeste,Minas Gerais,Uberlândia,Vestuário,Calça Jeans,5,128.54,0.1028,642.7,66.07,576.63,283.35,293.28,0.5086,Beatriz Santos,Marketplace,Boleto,Concluída,4
VND-000665,2024-07-13,Julho,Sábado,Sudeste,São Paulo,Santos,Informática,Teclado Mecânico,1,246.99,0.0382,246.99,9.44,237.55,134.9,102.65,0.4321,Marcos Oliveira,Loja Física,Dinheiro,Concluída,4
VND-000666,2024-07-14,Julho,Domingo,Norte,Amazonas,Manaus,Informática,HD Externo 1TB,5,332.45,0.0204,1662.25,33.91,1628.34,1002.95,625.39,0.3841,Juliana Rocha,Site,PIX,Concluída,4
VND-000667,2024-07-14,Julho,Domingo,Centro-Oeste,Goiás,Anápolis,Informática,Mouse Sem Fio,3,58.36,0.0825,175.08,14.44,160.64,81.18,79.46,0.4946,Marcos Oliveira,Site,PIX,Concluída,5
VND-000668,2024-07-14,Julho,Domingo,Sul,Rio Grande do Sul,Caxias do Sul,Casa,Air Fryer,1,362.03,0.0994,362.03,35.99,326.04,203.94,122.1,0.3745,Ana Souza,Marketplace,Boleto,Concluída,3
VND-000669,2024-07-14,Julho,Domingo,Sudeste,Rio de Janeiro,Duque de Caxias,Acessórios,Cinto de Couro,6,90.24,0.0292,541.44,15.81,525.63,181.62,344.01,0.6545,Carlos Pereira,Site,PIX,Concluída,4
VND-000670,2024-07-14,Julho,Domingo,Nordeste,Pernambuco,Caruaru,Vestuário,Vestido Casual,7,150.04,0.0977,1050.28,102.61,947.67,389.48,558.19,0.589,Marcos Oliveira,Site,Cartão de Crédito,Concluída,5
VND-000671,2024-07-15,Julho,Segunda-feira,Norte,Rondônia,Ji-Paraná,Casa,Air Fryer,2,346.05,0.0511,692.1,35.37,656.73,400.26,256.47,0.3905,Ana Souza,Loja Física,Dinheiro,Concluída,5
VND-000672,2024-07-15,Julho,Segunda-feira,Sudeste,São Paulo,Campinas,Vestuário,Jaqueta Corta-Vento,4,227.77,0.0277,911.08,25.24,885.84,450.76,435.08,0.4911,Lucas Martins,Loja Física,Cartão de Crédito,Concluída,4
VND-000673,2024-07-15,Julho,Segunda-feira,Centro-Oeste,Goiás,Goiânia,Esportes,Tênis de Corrida,3,318.81,0.0746,956.43,71.35,885.08,504.75,380.33,0.4297,Beatriz Santos,Marketplace,Cartão de Crédito,Concluída,4
VND-000674,2024-07-16,Julho,Terça-feira,Sul,Rio Grande do Sul,Caxias do Sul,Esportes,Garrafa Térmica Esportiva,8,70.01,0.1524,560.08,85.36,474.72,227.6,247.12,0.5206,Rafael Costa,Marketplace,Cartão de Crédito,Concluída,5
VND-000675,2024-07-16,Julho,Terça-feira,Nordeste,Pernambuco,Olinda,Informática,Pen Drive 64GB,13,38.58,0.1714,501.54,85.96,415.58,246.61,168.97,0.4066,Juliana Rocha,Marketplace,Boleto,Cancelada,
VND-000676,2024-07-17,Julho,Quarta-feira,Nordeste,Ceará,Sobral,Informática,Pen Drive 64GB,2,38.63,0.0971,77.26,7.5,69.76,40,29.76,0.4266,Juliana Rocha,Loja Física,Cartão de Crédito,Concluída,4
VND-000677,2024-07-17,Julho,Quarta-feira,Norte,Rondônia,Ji-Paraná,Eletrônicos,Smartphone X200,2,1858.53,0.1218,3717.06,452.74,3264.32,2496.22,768.1,0.2353,Lucas Martins,Marketplace,PIX,Cancelada,
VND-000678,2024-07-17,Julho,Quarta-feira,Nordeste,Paraíba,Campina Grande,Informática,Pen Drive 64GB,8,40.46,0.0933,323.68,30.2,293.48,159.12,134.36,0.4578,Rafael Costa,Site,PIX,Concluída,4
VND-000679,2024-07-17,Julho,Quarta-feira,Nordeste,Ceará,Fortaleza,Escritório,Papel A4 (pacote),12,23.59,0.0517,283.08,14.64,268.44,164.52,103.92,0.3871,Beatriz Santos,Loja Física,Cartão de Débito,Concluída,4
VND-000680,2024-07-18,Julho,Quinta-feira,Sudeste,Espírito Santo,Vila Velha,Escritório,Kit Canetas Executivas,3,91.1,0.048,273.3,13.12,260.18,96.93,163.25,0.6275,Diego Ribeiro,Aplicativo,PIX,Concluída,5
VND-000681,2024-07-18,Julho,Quinta-feira,Sudeste,São Paulo,Campinas,Esportes,Garrafa Térmica Esportiva,3,66.95,0.0645,200.85,12.95,187.9,72.66,115.24,0.6133,Marcos Oliveira,Aplicativo,Cartão de Crédito,Concluída,3
VND-000682,2024-07-18,Julho,Quinta-feira,Nordeste,Pernambuco,Caruaru,Vestuário,Camiseta Básica,3,54.11,0.0463,162.33,7.52,154.81,56.34,98.47,0.6361,Rafael Costa,Aplicativo,Cartão de Débito,Concluída,5
VND-000683,2024-07-18,Julho,Quinta-feira,Nordeste,Ceará,Sobral,Informática,Mouse Sem Fio,7,59.32,0.177,415.24,73.5,341.74,176.54,165.2,0.4834,Camila Ferreira,Aplicativo,PIX,Concluída,4
VND-000684,2024-07-19,Julho,Sexta-feira,Centro-Oeste,Goiás,Goiânia,Casa,Liquidificador,7,177.19,0.094,1240.33,116.59,1123.74,593.04,530.7,0.4723,Patrícia Gomes,Loja Física,Cartão de Débito,Concluída,3
VND-000685,2024-07-20,Julho,Sábado,Nordeste,Bahia,Feira de Santana,Acessórios,Cinto de Couro,2,88.6,0.0647,177.2,11.46,165.74,66.54,99.2,0.5985,Lucas Martins,Site,PIX,Concluída,3
VND-000686,2024-07-20,Julho,Sábado,Sul,Paraná,Londrina,Vestuário,Camiseta Básica,4,56.15,0.0502,224.6,11.27,213.33,84.56,128.77,0.6036,Fernanda Lima,Marketplace,Boleto,Concluída,5
VND-000687,2024-07-20,Julho,Sábado,Nordeste,Bahia,Feira de Santana,Vestuário,Camiseta Básica,3,57.2,0.1751,171.6,30.05,141.55,60.57,80.98,0.5721,Patrícia Gomes,Site,PIX,Concluída,4
VND-000688,2024-07-22,Julho,Segunda-feira,Sudeste,São Paulo,Campinas,Acessórios,Carteira de Couro,8,143.05,0.1052,1144.4,120.39,1024.01,458.4,565.61,0.5523,Diego Ribeiro,Aplicativo,Cartão de Crédito,Concluída,4
VND-000689,2024-07-22,Julho,Segunda-feira,Sudeste,São Paulo,Santos,Esportes,Tênis de Corrida,1,301.16,0.0546,301.16,16.44,284.72,145.5,139.22,0.489,Marcos Oliveira,Loja Física,Dinheiro,Concluída,3
VND-000690,2024-07-23,Julho,Terça-feira,Sudeste,São Paulo,Santos,Eletrônicos,Smartphone X200,1,1836.53,0.0336,1836.53,61.71,1774.82,1282.61,492.21,0.2773,Ana Souza,Loja Física,Cartão de Débito,Cancelada,
VND-000691,2024-07-23,Julho,Terça-feira,Sudeste,Rio de Janeiro,Niterói,Escritório,Kit Canetas Executivas,3,95.93,0.0633,287.79,18.22,269.57,99.3,170.27,0.6316,Fernanda Lima,Loja Física,Cartão de Débito,Concluída,4
VND-000692,2024-07-23,Julho,Terça-feira,Nordeste,Bahia,Feira de Santana,Esportes,Garrafa Térmica Esportiva,8,74.39,0.0411,595.12,24.46,570.66,228.16,342.5,0.6002,Beatriz Santos,Loja Física,Cartão de Crédito,Devolvida,1
VND-000693,2024-07-23,Julho,Terça-feira,Sul,Rio Grande do Sul,Caxias do Sul,Informática,Teclado Mecânico,1,268.02,0.0791,268.02,21.2,246.82,154.72,92.1,0.3731,Juliana Rocha,Site,Cartão de Crédito,Concluída,4
VND-000694,2024-07-23,Julho,Terça-feira,Sul,Paraná,Maringá,Eletrônicos,Smartwatch,2,464.05,0.0608,928.1,56.43,871.67,582.72,288.95,0.3315,Lucas Martins,Loja Física,Cartão de Crédito,Cancelada,
VND-000695,2024-07-23,Julho,Terça-feira,Sudeste,São Paulo,Campinas,Informática,Mouse Sem Fio,1,61.23,0.0898,61.23,5.5,55.73,28.01,27.72,0.4974,Beatriz Santos,Site,PIX,Concluída,3
VND-000696,2024-07-24,Julho,Quarta-feira,Sudeste,Rio de Janeiro,Rio de Janeiro,Eletrônicos,Fone Bluetooth,3,147.17,0.0328,441.51,14.48,427.03,243.84,183.19,0.429,Lucas Martins,Site,PIX,Concluída,5
VND-000697,2024-07-24,Julho,Quarta-feira,Sul,Santa Catarina,Blumenau,Esportes,Tênis de Corrida,3,309.9,0.07,929.7,65.08,864.62,459.72,404.9,0.4683,Marcos Oliveira,Loja Física,Dinheiro,Concluída,4
VND-000698,2024-07-25,Julho,Quinta-feira,Sudeste,Minas Gerais,Contagem,Vestuário,Blusa de Frio,2,118.1,0.0671,236.2,15.85,220.35,89.3,131.05,0.5947,Fernanda Lima,Site,Cartão de Crédito,Concluída,3
VND-000699,2024-07-25,Julho,Quinta-feira,Sul,Rio Grande do Sul,Porto Alegre,Informática,Teclado Mecânico,1,247.44,0.0667,247.44,16.5,230.94,131,99.94,0.4328,Rafael Costa,Marketplace,Cartão de Crédito,Concluída,3
VND-000700,2024-07-26,Julho,Sexta-feira,Nordeste,Paraíba,Campina Grande,Acessórios,Óculos de Sol,1,177.09,0.0887,177.09,15.71,161.38,57.89,103.49,0.6413,Juliana Rocha,Site,Boleto,Concluída,4
VND-000701,2024-07-26,Julho,Sexta-feira,Nordeste,Bahia,Salvador,Casa,Aspirador de Pó,1,385.98,0.0193,385.98,7.45,378.53,224.07,154.46,0.4081,Diego Ribeiro,Loja Física,Dinheiro,Concluída,4
VND-000702,2024-07-27,Julho,Sábado,Nordeste,Paraíba,Campina Grande,Eletrônicos,Fone Bluetooth,1,156.54,0.0167,156.54,2.61,153.93,88.63,65.3,0.4242,Fernanda Lima,Site,PIX,Devolvida,3
VND-000703,2024-07-27,Julho,Sábado,Centro-Oeste,Mato Grosso,Várzea Grande,Vestuário,Jaqueta Corta-Vento,4,215.44,0.1023,861.76,88.16,773.6,420.68,352.92,0.4562,Lucas Martins,Telefone,Dinheiro,Concluída,5
VND-000704,2024-07-28,Julho,Domingo,Norte,Amazonas,Parintins,Eletrônicos,Fone Bluetooth,5,154.58,0.0881,772.9,68.09,704.81,429.5,275.31,0.3906,Camila Ferreira,Marketplace,PIX,Concluída,4
VND-000705,2024-07-28,Julho,Domingo,Nordeste,Ceará,Fortaleza,Escritório,Mesa para Computador,2,462.5,0.0319,925,29.51,895.49,544.56,350.93,0.3919,Beatriz Santos,Loja Física,Cartão de Débito,Concluída,4
VND-000706,2024-07-28,Julho,Domingo,Sudeste,Espírito Santo,Vila Velha,Esportes,Bola de Futebol,1,93.14,0.1181,93.14,11,82.14,37.15,44.99,0.5477,Fernanda Lima,Aplicativo,Cartão de Crédito,Concluída,5
VND-000707,2024-07-28,Julho,Domingo,Sudeste,Minas Gerais,Belo Horizonte,Acessórios,Óculos de Sol,7,184.77,0.0866,1293.39,112.01,1181.38,481.88,699.5,0.5921,Fernanda Lima,Loja Física,Dinheiro,Concluída,5
VND-000708,2024-07-29,Julho,Segunda-feira,Sul,Rio Grande do Sul,Porto Alegre,Informática,Notebook Pro 15,1,3193.93,0.1232,3193.93,393.49,2800.44,2484.31,316.13,0.1129,Beatriz Santos,Marketplace,Cartão de Crédito,Concluída,3
VND-000709,2024-07-29,Julho,Segunda-feira,Sudeste,Minas Gerais,Contagem,Informática,Teclado Mecânico,2,250.31,0.0672,500.62,33.64,466.98,290.28,176.7,0.3784,Fernanda Lima,Aplicativo,PIX,Concluída,4
VND-000710,2024-07-29,Julho,Segunda-feira,Sudeste,Minas Gerais,Contagem,Escritório,Papel A4 (pacote),1,24.89,0.0901,24.89,2.24,22.65,14.48,8.17,0.3607,Fernanda Lima,Site,Cartão de Crédito,Concluída,4
VND-000711,2024-07-29,Julho,Segunda-feira,Norte,Pará,Ananindeua,Vestuário,Camiseta Básica,2,53.39,0.1262,106.78,13.48,93.3,34.68,58.62,0.6283,Rafael Costa,Telefone,Dinheiro,Concluída,5
VND-000712,2024-07-29,Julho,Segunda-feira,Sudeste,São Paulo,Sorocaba,Eletrônicos,Fone Bluetooth,2,148.02,0.0442,296.04,13.08,282.96,160.34,122.62,0.4333,Camila Ferreira,Loja Física,Cartão de Crédito,Concluída,4
VND-000713,2024-07-29,Julho,Segunda-feira,Sul,Rio Grande do Sul,Pelotas,Informática,HD Externo 1TB,4,335.19,0.0436,1340.76,58.46,1282.3,862.48,419.82,0.3274,Marcos Oliveira,Site,Cartão de Crédito,Concluída,4
VND-000714,2024-07-30,Julho,Terça-feira,Nordeste,Paraíba,Campina Grande,Acessórios,Mochila Executiva,2,217.74,0.0077,435.48,3.35,432.13,170.5,261.63,0.6054,Fernanda Lima,Site,Cartão de Crédito,Concluída,5
VND-000715,2024-07-30,Julho,Terça-feira,Sudeste,Espírito Santo,Vitória,Vestuário,Vestido Casual,5,138.66,0.0579,693.3,40.14,653.16,283.65,369.51,0.5657,Ana Souza,Site,Cartão de Débito,Concluída,4
VND-000716,2024-07-30,Julho,Terça-feira,Sul,Paraná,Londrina,Acessórios,Carteira de Couro,1,137.76,0.0395,137.76,5.44,132.32,55.67,76.65,0.5793,Marcos Oliveira,Loja Física,Cartão de Débito,Concluída,4
VND-000717,2024-07-31,Julho,Quarta-feira,Sudeste,São Paulo,Sorocaba,Acessórios,Carteira de Couro,5,142.68,0.0475,713.4,33.89,679.51,267.95,411.56,0.6057,Marcos Oliveira,Aplicativo,Cartão de Crédito,Concluída,5
VND-000718,2024-07-31,Julho,Quarta-feira,Nordeste,Bahia,Feira de Santana,Vestuário,Blusa de Frio,8,119.01,0.1037,952.08,98.73,853.35,379.52,473.83,0.5553,Carlos Pereira,Aplicativo,PIX,Concluída,4
VND-000719,2024-07-31,Julho,Quarta-feira,Nordeste,Pernambuco,Olinda,Vestuário,Calça Jeans,3,133.86,0.0559,401.58,22.45,379.13,161.01,218.12,0.5753,Ana Souza,Marketplace,Cartão de Crédito,Cancelada,
VND-000720,2024-08-01,Agosto,Quinta-feira,Sudeste,São Paulo,Santos,Vestuário,Calça Jeans,1,125.04,0.0305,125.04,3.81,121.23,51.09,70.14,0.5786,Rafael Costa,Marketplace,Boleto,Cancelada,
VND-000721,2024-08-01,Agosto,Quinta-feira,Centro-Oeste,Goiás,Goiânia,Informática,Pen Drive 64GB,10,40.3,0.1192,403,48.04,354.96,206.8,148.16,0.4174,Lucas Martins,Loja Física,Cartão de Débito,Concluída,4
VND-000722,2024-08-02,Agosto,Sexta-feira,Sul,Paraná,Curitiba,Casa,Panela Elétrica de Arroz,1,217.42,0.0838,217.42,18.22,199.2,106.57,92.63,0.465,Fernanda Lima,Site,PIX,Em processamento,
VND-000723,2024-08-02,Agosto,Sexta-feira,Sudeste,São Paulo,Santos,Esportes,Garrafa Térmica Esportiva,6,65.57,0.1393,393.42,54.8,338.62,151.38,187.24,0.553,Beatriz Santos,Marketplace,Cartão de Crédito,Concluída,4
VND-000724,2024-08-02,Agosto,Sexta-feira,Sudeste,Rio de Janeiro,Duque de Caxias,Eletrônicos,Fone Bluetooth,6,151.51,0.0593,909.06,53.91,855.15,499.5,355.65,0.4159,Rafael Costa,Aplicativo,Cartão de Crédito,Cancelada,
VND-000725,2024-08-02,Agosto,Sexta-feira,Nordeste,Ceará,Sobral,Acessórios,Mochila Executiva,2,218.74,0.0654,437.48,28.61,408.87,169.4,239.47,0.5857,Camila Ferreira,Loja Física,Dinheiro,Concluída,4
VND-000726,2024-08-02,Agosto,Sexta-feira,Sudeste,São Paulo,Campinas,Casa,Jogo de Cama Queen,4,158.41,0.0333,633.64,21.1,612.54,271.6,340.94,0.5566,Lucas Martins,Aplicativo,Cartão de Crédito,Concluída,4
VND-000727,2024-08-02,Agosto,Sexta-feira,Nordeste,Ceará,Fortaleza,Acessórios,Relógio Analógico,4,343.07,0.0501,1372.28,68.75,1303.53,603.84,699.69,0.5368,Ana Souza,Aplicativo,Cartão de Crédito,Concluída,4
VND-000728,2024-08-03,Agosto,Sábado,Sudeste,Minas Gerais,Contagem,Casa,Liquidificador,2,174.45,0.0702,348.9,24.49,324.41,172.16,152.25,0.4693,Carlos Pereira,Aplicativo,PIX,Concluída,4
VND-000729,2024-08-04,Agosto,Domingo,Sudeste,Espírito Santo,Vila Velha,Casa,Panela Elétrica de Arroz,3,222.21,0.0702,666.63,46.8,619.83,342.69,277.14,0.4471,Beatriz Santos,Loja Física,Cartão de Débito,Concluída,5
VND-000730,2024-08-04,Agosto,Domingo,Nordeste,Ceará,Sobral,Casa,Jogo de Cama Queen,2,162.87,0.0579,325.74,18.86,306.88,142.22,164.66,0.5366,Lucas Martins,Loja Física,Cartão de Débito,Concluída,4
VND-000731,2024-08-04,Agosto,Domingo,Sudeste,São Paulo,Santos,Esportes,Bicicleta Aro 29,1,1241.56,0.0645,1241.56,80.08,1161.48,841.54,319.94,0.2755,Ana Souza,Marketplace,PIX,Concluída,5
VND-000732,2024-08-05,Agosto,Segunda-feira,Norte,Pará,Ananindeua,Casa,Air Fryer,2,350.83,0.0121,701.66,8.49,693.17,382.62,310.55,0.448,Lucas Martins,Site,Cartão de Crédito,Concluída,4
VND-000733,2024-08-06,Agosto,Terça-feira,Sudeste,Minas Gerais,Uberlândia,Esportes,Tênis de Corrida,1,313.77,0.0569,313.77,17.85,295.92,152.7,143.22,0.484,Ana Souza,Marketplace,Cartão de Crédito,Concluída,4
VND-000734,2024-08-07,Agosto,Quarta-feira,Sul,Santa Catarina,Blumenau,Vestuário,Blusa de Frio,4,115.25,0.1361,461,62.74,398.26,188.96,209.3,0.5255,Patrícia Gomes,Loja Física,Cartão de Débito,Cancelada,
VND-000735,2024-08-08,Agosto,Quinta-feira,Sudeste,Espírito Santo,Vitória,Eletrônicos,Smartwatch,3,425.02,0.0935,1275.06,119.22,1155.84,749.85,405.99,0.3513,Juliana Rocha,Site,Cartão de Crédito,Concluída,3
VND-000736,2024-08-08,Agosto,Quinta-feira,Sudeste,São Paulo,Sorocaba,Escritório,Kit Canetas Executivas,2,88.05,0.0884,176.1,15.57,160.53,61.26,99.27,0.6184,Carlos Pereira,Marketplace,Cartão de Crédito,Concluída,5
VND-000737,2024-08-08,Agosto,Quinta-feira,Sudeste,Espírito Santo,Vila Velha,Informática,Mouse Sem Fio,3,60.18,0.055,180.54,9.93,170.61,77.07,93.54,0.5483,Fernanda Lima,Marketplace,Cartão de Crédito,Concluída,5
VND-000738,2024-08-08,Agosto,Quinta-feira,Sudeste,Rio de Janeiro,Niterói,Vestuário,Jaqueta Corta-Vento,2,219.79,0.1044,439.58,45.89,393.69,205.18,188.51,0.4788,Camila Ferreira,Site,Cartão de Crédito,Concluída,5
VND-000739,2024-08-08,Agosto,Quinta-feira,Nordeste,Pernambuco,Olinda,Vestuário,Camiseta Básica,3,55.13,0.0735,165.39,12.16,153.23,53.55,99.68,0.6505,Bruno Alves,Loja Física,Cartão de Crédito,Concluída,4
VND-000740,2024-08-08,Agosto,Quinta-feira,Sudeste,Rio de Janeiro,Duque de Caxias,Informática,Pen Drive 64GB,4,41.01,0.0089,164.04,1.46,162.58,84.12,78.46,0.4826,Rafael Costa,Aplicativo,Cartão de Crédito,Devolvida,3
VND-000741,2024-08-08,Agosto,Quinta-feira,Nordeste,Bahia,Feira de Santana,Esportes,Garrafa Térmica Esportiva,1,70.66,0.0288,70.66,2.04,68.62,27.24,41.38,0.603,Fernanda Lima,Aplicativo,PIX,Devolvida,2
VND-000742,2024-08-08,Agosto,Quinta-feira,Centro-Oeste,Mato Grosso,Várzea Grande,Eletrônicos,Smartwatch,4,440.17,0.0828,1760.68,145.78,1614.9,1074.4,540.5,0.3347,Ana Souza,Marketplace,Boleto,Concluída,3
VND-000743,2024-08-08,Agosto,Quinta-feira,Sudeste,Espírito Santo,Vitória,Eletrônicos,Smartwatch,5,463.93,0.0659,2319.65,152.86,2166.79,1429.9,736.89,0.3401,Bruno Alves,Telefone,Dinheiro,Concluída,5
VND-000744,2024-08-09,Agosto,Sexta-feira,Norte,Pará,Ananindeua,Informática,HD Externo 1TB,1,309.23,0.0747,309.23,23.1,286.13,191.67,94.46,0.3301,Rafael Costa,Aplicativo,PIX,Concluída,4
VND-000745,2024-08-09,Agosto,Sexta-feira,Sudeste,Rio de Janeiro,Niterói,Esportes,Garrafa Térmica Esportiva,4,70.22,0.106,280.88,29.77,251.11,109.68,141.43,0.5632,Lucas Martins,Marketplace,PIX,Concluída,4
VND-000746,2024-08-09,Agosto,Sexta-feira,Norte,Pará,Ananindeua,Escritório,Papel A4 (pacote),11,25.52,0.1114,280.72,31.27,249.45,160.93,88.52,0.3549,Bruno Alves,Site,Cartão de Crédito,Concluída,5
VND-000747,2024-08-09,Agosto,Sexta-feira,Sudeste,Rio de Janeiro,Rio de Janeiro,Vestuário,Camiseta Básica,1,54.86,0.0211,54.86,1.16,53.7,19.91,33.79,0.6292,Beatriz Santos,Site,Boleto,Concluída,5
VND-000748,2024-08-09,Agosto,Sexta-feira,Norte,Rondônia,Ji-Paraná,Esportes,Bicicleta Aro 29,2,1259.26,0.0787,2518.52,198.21,2320.31,1649.88,670.43,0.2889,Carlos Pereira,Aplicativo,PIX,Concluída,5
VND-000749,2024-08-09,Agosto,Sexta-feira,Sudeste,Minas Gerais,Uberlândia,Informática,Mouse Sem Fio,1,60.1,0.0726,60.1,4.36,55.74,26.54,29.2,0.5239,Rafael Costa,Loja Física,PIX,Concluída,5
VND-000750,2024-08-10,Agosto,Sábado,Centro-Oeste,Mato Grosso,Várzea Grande,Eletrônicos,Smartphone X200,1,1798.99,0.0531,1798.99,95.53,1703.46,1297.22,406.24,0.2385,Bruno Alves,Loja Física,Cartão de Débito,Concluída,4
VND-000751,2024-08-10,Agosto,Sábado,Sudeste,São Paulo,Santos,Escritório,Papel A4 (pacote),3,25.13,0.105,75.39,7.92,67.47,45.06,22.41,0.3321,Ana Souza,Loja Física,Dinheiro,Concluída,4
VND-000752,2024-08-10,Agosto,Sábado,Norte,Amazonas,Parintins,Eletrônicos,Caixa de Som Portátil,1,207.37,0.0506,207.37,10.49,196.88,119.16,77.72,0.3948,Rafael Costa,Loja Física,Cartão de Crédito,Concluída,4
VND-000753,2024-08-11,Agosto,Domingo,Norte,Amazonas,Manaus,Informática,HD Externo 1TB,2,332.26,0.1223,664.52,81.27,583.25,426,157.25,0.2696,Camila Ferreira,Loja Física,Dinheiro,Concluída,4
VND-000754,2024-08-11,Agosto,Domingo,Norte,Amazonas,Parintins,Escritório,Mesa para Computador,2,482.4,0.0567,964.8,54.7,910.1,561.2,348.9,0.3834,Marcos Oliveira,Marketplace,Boleto,Concluída,5
VND-000755,2024-08-11,Agosto,Domingo,Sul,Rio Grande do Sul,Pelotas,Acessórios,Óculos de Sol,5,173.16,0.0755,865.8,65.37,800.43,300.25,500.18,0.6249,Ana Souza,Loja Física,Cartão de Débito,Concluída,4
VND-000756,2024-08-11,Agosto,Domingo,Sudeste,São Paulo,São Paulo,Escritório,Papel A4 (pacote),7,24.56,0.1092,171.92,18.77,153.15,99.19,53.96,0.3523,Bruno Alves,Aplicativo,PIX,Concluída,4
VND-000757,2024-08-12,Agosto,Segunda-feira,Sul,Rio Grande do Sul,Porto Alegre,Casa,Panela Elétrica de Arroz,2,221.73,0.0322,443.46,14.28,429.18,232.78,196.4,0.4576,Diego Ribeiro,Site,PIX,Concluída,4
VND-000758,2024-08-12,Agosto,Segunda-feira,Sul,Rio Grande do Sul,Porto Alegre,Escritório,Mesa para Computador,2,502.6,0.0854,1005.2,85.84,919.36,577.02,342.34,0.3724,Marcos Oliveira,Aplicativo,Cartão de Crédito,Cancelada,
VND-000759,2024-08-12,Agosto,Segunda-feira,Sudeste,Minas Gerais,Belo Horizonte,Vestuário,Vestido Casual,7,146.46,0.0477,1025.22,48.9,976.32,438.13,538.19,0.5512,Rafael Costa,Site,PIX,Concluída,4
VND-000760,2024-08-13,Agosto,Terça-feira,Sul,Paraná,Maringá,Informática,HD Externo 1TB,2,333.89,0.0212,667.78,14.16,653.62,415.62,238,0.3641,Rafael Costa,Site,Cartão de Crédito,Cancelada,
VND-000761,2024-08-13,Agosto,Terça-feira,Sudeste,Espírito Santo,Vila Velha,Eletrônicos,Fone Bluetooth,3,146.38,0.0853,439.14,37.46,401.68,248.07,153.61,0.3824,Patrícia Gomes,Aplicativo,Cartão de Crédito,Concluída,5
VND-000762,2024-08-13,Agosto,Terça-feira,Nordeste,Pernambuco,Olinda,Eletrônicos,Fone Bluetooth,4,151.04,0.031,604.16,18.73,585.43,348.48,236.95,0.4047,Lucas Martins,Loja Física,Dinheiro,Devolvida,3
VND-000763,2024-08-13,Agosto,Terça-feira,Nordeste,Ceará,Sobral,Escritório,Organizador de Mesa,1,45.18,0.0762,45.18,3.44,41.74,17.01,24.73,0.5925,Lucas Martins,Site,PIX,Concluída,4
VND-000764,2024-08-13,Agosto,Terça-feira,Sul,Rio Grande do Sul,Porto Alegre,Casa,Liquidificador,5,175.82,0.0541,879.1,47.56,831.54,438.7,392.84,0.4724,Diego Ribeiro,Marketplace,Cartão de Crédito,Concluída,3
VND-000765,2024-08-13,Agosto,Terça-feira,Norte,Amazonas,Manaus,Casa,Panela Elétrica de Arroz,2,226.26,0.0405,452.52,18.33,434.19,244.3,189.89,0.4373,Ana Souza,Site,PIX,Concluída,5
VND-000766,2024-08-13,Agosto,Terça-feira,Nordeste,Bahia,Salvador,Casa,Liquidificador,4,176.29,0.0381,705.16,26.87,678.29,339.96,338.33,0.4988,Fernanda Lima,Site,Cartão de Crédito,Concluída,4
VND-000767,2024-08-13,Agosto,Terça-feira,Sudeste,Espírito Santo,Vila Velha,Escritório,Mesa para Computador,4,490.23,0.0936,1960.92,183.54,1777.38,1093.6,683.78,0.3847,Fernanda Lima,Marketplace,PIX,Concluída,2
VND-000768,2024-08-13,Agosto,Terça-feira,Nordeste,Pernambuco,Caruaru,Acessórios,Óculos de Sol,1,187.83,0.0694,187.83,13.04,174.79,69.96,104.83,0.5997,Marcos Oliveira,Marketplace,Boleto,Concluída,3
VND-000769,2024-08-13,Agosto,Terça-feira,Nordeste,Pernambuco,Recife,Eletrônicos,Smart TV 50,1,2274.66,0.0395,2274.66,89.85,2184.81,1612.52,572.29,0.2619,Ana Souza,Site,PIX,Concluída,5
VND-000770,2024-08-13,Agosto,Terça-feira,Sudeste,Espírito Santo,Vitória,Acessórios,Mochila Executiva,1,226.26,0.0749,226.26,16.95,209.31,92.51,116.8,0.558,Lucas Martins,Site,PIX,Concluída,3
VND-000771,2024-08-14,Agosto,Quarta-feira,Norte,Rondônia,Ji-Paraná,Vestuário,Calça Jeans,5,132.7,0.1174,663.5,77.89,585.61,259.35,326.26,0.5571,Carlos Pereira,Site,Boleto,Concluída,4
VND-000772,2024-08-14,Agosto,Quarta-feira,Nordeste,Bahia,Feira de Santana,Escritório,Organizador de Mesa,9,44.5,0.0561,400.5,22.47,378.03,168.03,210,0.5555,Camila Ferreira,Loja Física,Cartão de Débito,Concluída,4
VND-000773,2024-08-15,Agosto,Quinta-feira,Sudeste,Espírito Santo,Vila Velha,Esportes,Tênis de Corrida,4,321.78,0.069,1287.12,88.81,1198.31,620.12,578.19,0.4825,Bruno Alves,Marketplace,Boleto,Concluída,3
VND-000774,2024-08-15,Agosto,Quinta-feira,Sul,Rio Grande do Sul,Porto Alegre,Vestuário,Camiseta Básica,2,54.5,0.0775,109,8.45,100.55,41.14,59.41,0.5909,Carlos Pereira,Site,PIX,Concluída,4
VND-000775,2024-08-15,Agosto,Quinta-feira,Nordeste,Ceará,Fortaleza,Informática,Pen Drive 64GB,8,41.05,0.0975,328.4,32.02,296.38,162.64,133.74,0.4512,Camila Ferreira,Loja Física,PIX,Concluída,4
VND-000776,2024-08-15,Agosto,Quinta-feira,Centro-Oeste,Mato Grosso do Sul,Campo Grande,Eletrônicos,Smartphone X200,2,1796.63,0.0785,3593.26,282.07,3311.19,2586.28,724.91,0.2189,Marcos Oliveira,Marketplace,Boleto,Concluída,4
VND-000777,2024-08-15,Agosto,Quinta-feira,Sudeste,Espírito Santo,Vila Velha,Escritório,Organizador de Mesa,3,43.04,0.0722,129.12,9.32,119.8,52.17,67.63,0.5645,Carlos Pereira,Aplicativo,Cartão de Crédito,Concluída,5
VND-000778,2024-08-16,Agosto,Sexta-feira,Sul,Paraná,Curitiba,Informática,Teclado Mecânico,5,236.01,0.0552,1180.05,65.14,1114.91,647.05,467.86,0.4196,Bruno Alves,Site,Cartão de Crédito,Concluída,4
VND-000779,2024-08-16,Agosto,Sexta-feira,Sudeste,Espírito Santo,Vila Velha,Acessórios,Carteira de Couro,3,143.34,0.1346,430.02,57.88,372.14,161.64,210.5,0.5656,Camila Ferreira,Marketplace,Cartão de Crédito,Concluída,4
VND-000780,2024-08-16,Agosto,Sexta-feira,Sul,Santa Catarina,Florianópolis,Informática,Mouse Sem Fio,2,60.35,0.1505,120.7,18.17,102.53,53.22,49.31,0.4809,Beatriz Santos,Loja Física,Cartão de Crédito,Concluída,5
VND-000781,2024-08-16,Agosto,Sexta-feira,Sul,Paraná,Curitiba,Eletrônicos,Fone Bluetooth,2,153.91,0.0726,307.82,22.35,285.47,163.34,122.13,0.4278,Marcos Oliveira,Site,Cartão de Crédito,Concluída,5
VND-000782,2024-08-16,Agosto,Sexta-feira,Sudeste,São Paulo,Santos,Informática,Pen Drive 64GB,6,40.63,0.0276,243.78,6.73,237.05,121.08,115.97,0.4892,Patrícia Gomes,Site,Cartão de Crédito,Concluída,4
VND-000783,2024-08-17,Agosto,Sábado,Sudeste,Rio de Janeiro,Niterói,Informática,HD Externo 1TB,4,316.64,0.0672,1266.56,85.11,1181.45,786.76,394.69,0.3341,Bruno Alves,Site,Cartão de Crédito,Concluída,4
VND-000784,2024-08-17,Agosto,Sábado,Sudeste,São Paulo,Santos,Vestuário,Jaqueta Corta-Vento,5,226.18,0.1323,1130.9,149.62,981.28,520.5,460.78,0.4696,Ana Souza,Marketplace,PIX,Concluída,2
VND-000785,2024-08-17,Agosto,Sábado,Centro-Oeste,Distrito Federal,Brasília,Esportes,Tênis de Corrida,1,318.54,0.0022,318.54,0.7,317.84,168.65,149.19,0.4694,Fernanda Lima,Site,Cartão de Débito,Concluída,4
VND-000786,2024-08-17,Agosto,Sábado,Sudeste,Minas Gerais,Contagem,Vestuário,Camiseta Básica,2,53.91,0.0367,107.82,3.96,103.86,36.12,67.74,0.6522,Camila Ferreira,Loja Física,Cartão de Crédito,Concluída,5
VND-000787,2024-08-17,Agosto,Sábado,Nordeste,Ceará,Sobral,Escritório,Papel A4 (pacote),5,25.11,0.1256,125.55,15.77,109.78,72.1,37.68,0.3432,Bruno Alves,Aplicativo,Cartão de Crédito,Concluída,5
VND-000788,2024-08-18,Agosto,Domingo,Sudeste,São Paulo,Campinas,Vestuário,Calça Jeans,5,127.8,0.0342,639,21.85,617.15,258.55,358.6,0.5811,Ana Souza,Loja Física,PIX,Concluída,4
VND-000789,2024-08-18,Agosto,Domingo,Centro-Oeste,Mato Grosso,Várzea Grande,Informática,Mouse Sem Fio,7,60.12,0.1043,420.84,43.89,376.95,176.89,200.06,0.5307,Lucas Martins,Site,PIX,Concluída,4
VND-000790,2024-08-18,Agosto,Domingo,Nordeste,Pernambuco,Caruaru,Acessórios,Relógio Analógico,5,352.57,0.0322,1762.85,56.76,1706.09,714.45,991.64,0.5812,Fernanda Lima,Site,Cartão de Crédito,Concluída,4
VND-000791,2024-08-18,Agosto,Domingo,Nordeste,Bahia,Salvador,Esportes,Tênis de Corrida,4,319.96,0.0493,1279.84,63.1,1216.74,642.76,573.98,0.4717,Camila Ferreira,Loja Física,Cartão de Crédito,Concluída,5
VND-000792,2024-08-18,Agosto,Domingo,Centro-Oeste,Mato Grosso do Sul,Dourados,Esportes,Bola de Futebol,3,91.83,0.0803,275.49,22.12,253.37,115.44,137.93,0.5444,Patrícia Gomes,Marketplace,Boleto,Concluída,5
VND-000793,2024-08-19,Agosto,Segunda-feira,Centro-Oeste,Goiás,Goiânia,Vestuário,Blusa de Frio,1,118.52,0.0463,118.52,5.49,113.03,49.07,63.96,0.5659,Lucas Martins,Loja Física,Dinheiro,Concluída,5
VND-000794,2024-08-19,Agosto,Segunda-feira,Nordeste,Paraíba,Campina Grande,Acessórios,Mochila Executiva,2,231.51,0.0402,463.02,18.61,444.41,181.94,262.47,0.5906,Camila Ferreira,Loja Física,Dinheiro,Cancelada,
VND-000795,2024-08-19,Agosto,Segunda-feira,Nordeste,Ceará,Fortaleza,Acessórios,Cinto de Couro,5,87.61,0.0482,438.05,21.11,416.94,156.85,260.09,0.6238,Carlos Pereira,Aplicativo,Cartão de Crédito,Concluída,5
VND-000796,2024-08-19,Agosto,Segunda-feira,Sul,Paraná,Curitiba,Casa,Panela Elétrica de Arroz,1,213.72,0.0553,213.72,11.82,201.9,110.83,91.07,0.4511,Camila Ferreira,Loja Física,Dinheiro,Concluída,5
VND-000797,2024-08-20,Agosto,Terça-feira,Sudeste,São Paulo,Santos,Eletrônicos,Smartwatch,1,442.58,0.1088,442.58,48.15,394.43,271.18,123.25,0.3125,Rafael Costa,Loja Física,Dinheiro,Concluída,3
VND-000798,2024-08-20,Agosto,Terça-feira,Nordeste,Bahia,Salvador,Vestuário,Calça Jeans,7,127.36,0.1097,891.52,97.8,793.72,391.86,401.86,0.5063,Fernanda Lima,Loja Física,Cartão de Débito,Concluída,3
VND-000799,2024-08-20,Agosto,Terça-feira,Nordeste,Ceará,Sobral,Vestuário,Camiseta Básica,11,51.38,0.134,565.18,75.73,489.45,206.58,282.87,0.5779,Camila Ferreira,Site,Cartão de Crédito,Concluída,4
VND-000800,2024-08-20,Agosto,Terça-feira,Nordeste,Pernambuco,Olinda,Informática,HD Externo 1TB,2,322.27,0.1305,644.54,84.11,560.43,415.48,144.95,0.2586,Juliana Rocha,Loja Física,Cartão de Crédito,Concluída,4
VND-000801,2024-08-20,Agosto,Terça-feira,Sul,Rio Grande do Sul,Pelotas,Vestuário,Vestido Casual,4,153.28,0.0143,613.12,8.77,604.35,243,361.35,0.5979,Fernanda Lima,Site,PIX,Concluída,5
VND-000802,2024-08-20,Agosto,Terça-feira,Nordeste,Bahia,Salvador,Escritório,Cadeira de Escritório,2,530.86,0.0365,1061.72,38.75,1022.97,620.4,402.57,0.3935,Camila Ferreira,Telefone,Boleto,Em processamento,
VND-000803,2024-08-21,Agosto,Quarta-feira,Sul,Paraná,Curitiba,Eletrônicos,Fone Bluetooth,5,150.04,0.1154,750.2,86.57,663.63,395.45,268.18,0.4041,Rafael Costa,Marketplace,PIX,Concluída,4
VND-000804,2024-08-21,Agosto,Quarta-feira,Nordeste,Bahia,Feira de Santana,Casa,Jogo de Cama Queen,4,166.16,0.0683,664.64,45.39,619.25,284.48,334.77,0.5406,Fernanda Lima,Site,Cartão de Crédito,Concluída,5
VND-000805,2024-08-21,Agosto,Quarta-feira,Sul,Rio Grande do Sul,Pelotas,Escritório,Cadeira de Escritório,5,581.56,0.0631,2907.8,183.48,2724.32,1817.2,907.12,0.333,Bruno Alves,Site,PIX,Concluída,4
VND-000806,2024-08-21,Agosto,Quarta-feira,Norte,Rondônia,Porto Velho,Escritório,Organizador de Mesa,3,44.78,0.0489,134.34,6.57,127.77,52.08,75.69,0.5924,Marcos Oliveira,Loja Física,PIX,Concluída,4
VND-000807,2024-08-22,Agosto,Quinta-feira,Nordeste,Bahia,Feira de Santana,Informática,Pen Drive 64GB,5,40.5,0.0487,202.5,9.86,192.64,101.85,90.79,0.4713,Ana Souza,Site,Cartão de Crédito,Devolvida,4
VND-000808,2024-08-22,Agosto,Quinta-feira,Nordeste,Paraíba,João Pessoa,Escritório,Cadeira de Escritório,2,552.43,0.0181,1104.86,20,1084.86,672.66,412.2,0.38,Lucas Martins,Site,Cartão de Crédito,Concluída,3
VND-000809,2024-08-22,Agosto,Quinta-feira,Sudeste,Rio de Janeiro,Duque de Caxias,Esportes,Tênis de Corrida,1,342.51,0.0266,342.51,9.11,333.4,170.34,163.06,0.4891,Carlos Pereira,Loja Física,Dinheiro,Concluída,4
VND-000810,2024-08-23,Agosto,Sexta-feira,Sudeste,São Paulo,Sorocaba,Informática,HD Externo 1TB,5,317.27,0.1859,1586.35,294.9,1291.45,1011.7,279.75,0.2166,Diego Ribeiro,Marketplace,PIX,Devolvida,2
VND-000811,2024-08-23,Agosto,Sexta-feira,Nordeste,Paraíba,Campina Grande,Informática,Mouse Sem Fio,2,60.27,0.0283,120.54,3.41,117.13,56.44,60.69,0.5181,Juliana Rocha,Aplicativo,Cartão de Crédito,Concluída,4
VND-000812,2024-08-23,Agosto,Sexta-feira,Sul,Paraná,Curitiba,Casa,Liquidificador,1,174.67,0.0255,174.67,4.45,170.22,84.56,85.66,0.5032,Ana Souza,Loja Física,Cartão de Débito,Concluída,5
VND-000813,2024-08-24,Agosto,Sábado,Sul,Paraná,Londrina,Vestuário,Blusa de Frio,1,123.42,0.0076,123.42,0.94,122.48,46.29,76.19,0.6221,Lucas Martins,Aplicativo,Cartão de Crédito,Concluída,4
VND-000814,2024-08-24,Agosto,Sábado,Sudeste,Minas Gerais,Belo Horizonte,Acessórios,Óculos de Sol,8,175.76,0.1299,1406.08,182.65,1223.43,486.88,736.55,0.602,Ana Souza,Marketplace,Cartão de Crédito,Concluída,5
VND-000815,2024-08-24,Agosto,Sábado,Sudeste,Minas Gerais,Contagem,Eletrônicos,Smart TV 50,1,2231.02,0.0801,2231.02,178.7,2052.32,1545,507.32,0.2472,Ana Souza,Telefone,Boleto,Devolvida,5
VND-000816,2024-08-24,Agosto,Sábado,Centro-Oeste,Mato Grosso,Várzea Grande,Casa,Aspirador de Pó,1,393.02,0.0483,393.02,18.98,374.04,237.83,136.21,0.3642,Camila Ferreira,Site,Boleto,Concluída,2
VND-000817,2024-08-24,Agosto,Sábado,Sul,Paraná,Curitiba,Vestuário,Jaqueta Corta-Vento,1,230.29,0.0864,230.29,19.9,210.39,106.95,103.44,0.4917,Lucas Martins,Marketplace,Boleto,Concluída,4
VND-000818,2024-08-24,Agosto,Sábado,Sudeste,Espírito Santo,Vila Velha,Informática,Teclado Mecânico,2,253.35,0.0009,506.7,0.46,506.24,271.06,235.18,0.4646,Carlos Pereira,Loja Física,Cartão de Crédito,Concluída,4
VND-000819,2024-08-24,Agosto,Sábado,Sul,Rio Grande do Sul,Caxias do Sul,Esportes,Bola de Futebol,4,88.95,0.0314,355.8,11.17,344.63,146.68,197.95,0.5744,Juliana Rocha,Telefone,Boleto,Concluída,5
VND-000820,2024-08-24,Agosto,Sábado,Sudeste,Minas Gerais,Belo Horizonte,Acessórios,Cinto de Couro,2,90.29,0.0065,180.58,1.17,179.41,60.32,119.09,0.6638,Camila Ferreira,Aplicativo,Cartão de Crédito,Cancelada,
VND-000821,2024-08-24,Agosto,Sábado,Nordeste,Pernambuco,Olinda,Esportes,Garrafa Térmica Esportiva,3,69.78,0.0959,209.34,20.08,189.26,73.74,115.52,0.6104,Juliana Rocha,Marketplace,Boleto,Concluída,4
VND-000822,2024-08-25,Agosto,Domingo,Sul,Paraná,Maringá,Esportes,Tênis de Corrida,4,334.62,0.0937,1338.48,125.42,1213.06,703.6,509.46,0.42,Diego Ribeiro,Site,PIX,Concluída,5
VND-000823,2024-08-25,Agosto,Domingo,Sul,Rio Grande do Sul,Porto Alegre,Vestuário,Vestido Casual,1,150.82,0.0377,150.82,5.69,145.13,61.87,83.26,0.5737,Ana Souza,Marketplace,PIX,Cancelada,
VND-000824,2024-08-25,Agosto,Domingo,Nordeste,Bahia,Salvador,Escritório,Kit Canetas Executivas,2,86.19,0.0689,172.38,11.88,160.5,61.44,99.06,0.6172,Beatriz Santos,Loja Física,Cartão de Débito,Devolvida,2
VND-000825,2024-08-25,Agosto,Domingo,Centro-Oeste,Distrito Federal,Brasília,Escritório,Organizador de Mesa,3,47.58,0.0834,142.74,11.9,130.84,57.57,73.27,0.56,Camila Ferreira,Site,Cartão de Crédito,Concluída,4
VND-000826,2024-08-26,Agosto,Segunda-feira,Sudeste,Espírito Santo,Vila Velha,Vestuário,Camiseta Básica,3,56.2,0.0195,168.6,3.29,165.31,62.25,103.06,0.6234,Rafael Costa,Site,PIX,Concluída,4
VND-000827,2024-08-26,Agosto,Segunda-feira,Sudeste,Minas Gerais,Contagemo,Escritório,Kit Canetas Executivas,5,91.28,0.076,456.4,34.69,421.71,171.75,249.96,0.5927,Bruno Alves,Marketplace,PIX,Concluída,3
VND-000828,2024-08-26,Agosto,Segunda-feira,Sudeste,Espírito Santo,Vitória,Escritório,Papel A4 (pacote),3,24.66,0.0119,73.98,0.88,73.1,42.57,30.53,0.4176,Ana Souza,Site,Cartão de Crédito,Concluída,5
VND-000829,2024-08-26,Agosto,Segunda-feira,Centro-Oeste,Mato Grosso do Sul,Dourados,Esportes,Garrafa Térmica Esportiva,1,71.32,0.1018,71.32,7.26,64.06,27.82,36.24,0.5657,Diego Ribeiro,Site,Cartão de Crédito,Devolvida,2
VND-000830,2024-08-27,Agosto,Terça-feira,Sul,Paraná,Londrina,Eletrônicos,Smartwatch,1,477.74,0.0587,477.74,28.04,449.7,295.69,154.01,0.3425,Juliana Rocha,Site,Cartão de Crédito,Devolvida,1
VND-000831,2024-08-27,Agosto,Terça-feira,Sul,Paraná,Maringá,Escritório,Organizador de Mesa,2,45.63,0.1389,91.26,12.68,78.58,35.58,43,0.5472,Bruno Alves,Loja Física,Cartão de Crédito,Concluída,4
VND-000832,2024-08-27,Agosto,Terça-feira,Nordeste,Paraíba,Campina Grande,Casa,Jogo de Cama Queen,1,155.52,0.0413,155.52,6.42,149.1,63.36,85.74,0.5751,Ana Souza,Marketplace,Boleto,Concluída,3
VND-000833,2024-08-27,Agosto,Terça-feira,Centro-Oeste,Mato Grosso,Cuiabá,Vestuário,Camiseta Básica,1,55.87,0.0946,55.87,5.29,50.58,18.81,31.77,0.6281,Lucas Martins,Site,Cartão de Crédito,Concluída,4
VND-000834,2024-08-27,Agosto,Terça-feira,Sudeste,Espírito Santo,Vila Velha,Escritório,Mesa para Computador,4,497.03,0.1217,1988.12,241.95,1746.17,1161.08,585.09,0.3351,Camila Ferreira,Marketplace,Cartão de Crédito,Concluída,4
VND-000835,2024-08-28,Agosto,Quarta-feira,Centro-Oeste,Distrito Federal,Brasília,Acessórios,Carteira de Couro,1,137.36,0.0774,137.36,10.63,126.73,50.81,75.92,0.5991,Carlos Pereira,Marketplace,Cartão de Crédito,Concluída,4
VND-000836,2024-08-28,Agosto,Quarta-feira,Nordeste,Pernambuco,Recife,Escritório,Organizador de Mesa,6,44.03,0.0565,264.18,14.93,249.25,109.68,139.57,0.56,Camila Ferreira,Loja Física,Cartão de Crédito,Cancelada,
VND-000837,2024-08-29,Agosto,Quinta-feira,Sudeste,São Paulo,Campinas,Vestuário,Calça Jeans,3,133.01,0.0332,399.03,13.25,385.78,176.91,208.87,0.5414,Ana Souza,Aplicativo,PIX,Em processamento,
VND-000838,2024-08-29,Agosto,Quinta-feira,Nordeste,Bahia,Salvador,Escritório,Cadeira de Escritório,1,557.15,0.0131,557.15,7.3,549.85,342.69,207.16,0.3768,Beatriz Santos,Site,Cartão de Crédito,Concluída,4
VND-000839,2024-08-29,Agosto,Quinta-feira,Sudeste,Espírito Santo,Vila Velha,Eletrônicos,Smartphone X200,1,1694.89,0.0762,1694.89,129.15,1565.74,1163.58,402.16,0.2568,Lucas Martins,Marketplace,Boleto,Devolvida,2
VND-000840,2024-08-30,Agosto,Sexta-feira,Nordeste,Pernambuco,Olinda,Acessórios,Óculos de Sol,1,182.65,0.0488,182.65,8.91,173.74,63.72,110.02,0.6332,Bruno Alves,Aplicativo,Cartão de Crédito,Concluída,5
VND-000841,2024-08-31,Agosto,Sábado,Sul,Paraná,Curitiba,Casa,Air Fryer,1,374.67,0.0819,374.67,30.69,343.98,210.25,133.73,0.3888,Beatriz Santos,Site,PIX,Concluída,4
VND-000842,2024-08-31,Agosto,Sábado,Nordeste,Pernambuco,Olinda,Escritório,Organizador de Mesa,6,46.03,0.1161,276.18,32.06,244.12,109.92,134.2,0.5497,Fernanda Lima,Loja Física,Dinheiro,Devolvida,1
VND-000843,2024-08-31,Agosto,Sábado,Norte,Rondônia,Porto Velho,Casa,Liquidificador,1,181.54,0.0408,181.54,7.41,174.13,90.54,83.59,0.48,Camila Ferreira,Marketplace,PIX,Concluída,5
VND-000844,2024-09-01,Setembro,Domingo,Sudeste,Rio de Janeiro,Niterói,Informática,Pen Drive 64GB,1,39.68,0.0216,39.68,0.86,38.82,19.88,18.94,0.4879,Carlos Pereira,Aplicativo,PIX,Concluída,5
VND-000845,2024-09-01,Setembro,Domingo,Sudeste,Espírito Santo,Vila Velha,Informática,Pen Drive 64GB,4,39.95,0.0926,159.8,14.8,145,78.28,66.72,0.4601,Diego Ribeiro,Marketplace,PIX,Concluída,5
VND-000846,2024-09-01,Setembro,Domingo,Nordeste,Ceará,Sobral,Informática,Pen Drive 64GB,5,41.09,0.0508,205.45,10.44,195.01,98.4,96.61,0.4954,Ana Souza,Aplicativo,PIX,Concluída,3
VND-000847,2024-09-01,Setembro,Domingo,Nordeste,Bahia,Salvador,Eletrônicos,Smart TV 50,1,2184.47,0.0594,2184.47,129.76,2054.71,1542.25,512.46,0.2494,Camila Ferreira,Site,Cartão de Crédito,Concluída,5
VND-000848,2024-09-01,Setembro,Domingo,Centro-Oeste,Mato Grosso do Sul,Dourados,Informática,Mouse Sem Fio,1,57.5,0.0749,57.5,4.31,53.19,26.58,26.61,0.5003,Ana Souza,Loja Física,Cartão de Crédito,Concluída,4
VND-000849,2024-09-01,Setembro,Domingo,Sudeste,São Paulo,Campinas,Esportes,Kit Halteres 10kg,4,182.65,0.0653,730.6,47.71,682.89,388.84,294.05,0.4306,Fernanda Lima,Aplicativo,PIX,Concluída,4
VND-000850,2024-09-01,Setembro,Domingo,Norte,Pará,Ananindeua,Informática,Pen Drive 64GB,2,40.19,0.0332,80.38,2.67,77.71,41.46,36.25,0.4665,Lucas Martins,Site,PIX,Concluída,4
VND-000851,2024-09-01,Setembro,Domingo,Sudeste,Rio de Janeiro,Rio de Janeiro,Eletrônicos,Smartwatch,2,430.49,0.0719,860.98,61.9,799.08,516.7,282.38,0.3534,Bruno Alves,Loja Física,Cartão de Crédito,Concluída,4
VND-000852,2024-09-02,Setembro,Segunda-feira,Sul,Paraná,Curitiba,Acessórios,Mochila Executiva,3,214.9,0.0228,644.7,14.7,630,251.13,378.87,0.6014,Beatriz Santos,Site,PIX,Concluída,2
VND-000853,2024-09-02,Setembro,Segunda-feira,Norte,Amazonas,Manaus,Eletrônicos,Fone Bluetooth,1,151.05,0.0175,151.05,2.64,148.41,81.55,66.86,0.4505,Patrícia Gomes,Loja Física,Dinheiro,Concluída,4
VND-000854,2024-09-02,Setembro,Segunda-feira,Sul,Rio Grande do Sul,Pelotas,Informática,Pen Drive 64GB,2,40.36,0.0585,80.72,4.72,76,39.58,36.42,0.4792,Ana Souza,Loja Física,Dinheiro,Concluída,4
VND-000855,2024-09-02,Setembro,Segunda-feira,Sudeste,Rio de Janeiro,Rio de Janeiro,Informática,Mouse Sem Fio,4,61.11,0.0349,244.44,8.53,235.91,104.2,131.71,0.5583,Beatriz Santos,Site,Cartão de Débito,Concluída,5
VND-000856,2024-09-02,Setembro,Segunda-feira,Sudeste,Espírito Santo,Vitória,Vestuário,Vestido Casual,1,149.3,0.0541,149.3,8.08,141.22,63.69,77.53,0.549,Rafael Costa,Aplicativo,Cartão de Crédito,Concluída,4
VND-000857,2024-09-03,Setembro,Terça-feira,Nordeste,Bahia,Salvador,Vestuário,Calça Jeans,3,132.89,0.1006,398.67,40.11,358.56,177.39,181.17,0.5053,Bruno Alves,Loja Física,Dinheiro,Concluída,4
VND-000858,2024-09-03,Setembro,Terça-feira,Sudeste,Espírito Santo,Vitória,Informática,Pen Drive 64GB,6,38.81,0.1496,232.86,34.84,198.02,117.36,80.66,0.4073,Lucas Martins,Loja Física,Dinheiro,Devolvida,3
VND-000859,2024-09-03,Setembro,Terça-feira,Nordeste,Ceará,Fortaleza,Esportes,Bicicleta Aro 29,2,1208.41,0.1078,2416.82,260.53,2156.29,1649.64,506.65,0.235,Diego Ribeiro,Telefone,Cartão de Crédito,Concluída,4
VND-000860,2024-09-03,Setembro,Terça-feira,Sudeste,Rio de Janeiro,Duque de Caxias,Casa,Jogo de Cama Queen,2,161.62,0.1075,323.24,34.75,288.49,139.98,148.51,0.5148,Diego Ribeiro,Site,Cartão de Crédito,Concluída,5
VND-000861,2024-09-03,Setembro,Terça-feira,Centro-Oeste,Mato Grosso,Várzea Grande,Informática,Pen Drive 64GB,7,41.39,0.0622,289.73,18.02,271.71,147.28,124.43,0.458,Fernanda Lima,Site,PIX,Devolvida,3
VND-000862,2024-09-04,Setembro,Quarta-feira,Sul,Paraná,Curitiba,Eletrônicos,Smartwatch,4,444.6,0.1016,1778.4,180.69,1597.71,1112.68,485.03,0.3036,Ana Souza,Aplicativo,PIX,Concluída,4
VND-000863,2024-09-04,Setembro,Quarta-feira,Sudeste,Minas Gerais,Contagem,Casa,Jogo de Cama Queen,2,155.71,0.042,311.42,13.08,298.34,122.76,175.58,0.5885,Camila Ferreira,Site,PIX,Devolvida,1
VND-000864,2024-09-05,Setembro,Quinta-feira,Nordeste,Paraíba,Campina Grande,Informática,Teclado Mecânico,2,239.3,0.0695,478.6,33.26,445.34,272.68,172.66,0.3877,Camila Ferreira,Site,Cartão de Crédito,Concluída,5
VND-000865,2024-09-05,Setembro,Quinta-feira,Sul,Paraná,Maringá,Informática,Teclado Mecânico,2,238.85,0.177,477.7,84.55,393.15,254.2,138.95,0.3534,Marcos Oliveira,Loja Física,Cartão de Crédito,Concluída,3
VND-000866,2024-09-05,Setembro,Quinta-feira,Centro-Oeste,Goiás,Goiânia,Esportes,Kit Halteres 10kg,5,183.96,0.1005,919.8,92.44,827.36,507.95,319.41,0.3861,Carlos Pereira,Marketplace,Boleto,Concluída,4
VND-000867,2025-09-05,Setembro,Quinta-feira,Sudeste,São Paulo,Santos,Escritório,Organizador de Mesa,9,42.12,0.1103,379.08,41.81,337.27,155.7,181.57,0.5384,Ana Souza,Aplicativo,Cartão de Débito,Devolvida,2
VND-000868,2024-09-05,Setembro,Quinta-feira,Sudeste,Espírito Santo,Vitória,Acessórios,Óculos de Sol,1,175.54,0.0542,175.54,9.51,166.03,58.53,107.5,0.6475,Bruno Alves,Site,PIX,Concluída,4
VND-000869,2024-09-05,Setembro,Quinta-feira,Centro-Oeste,Mato Grosso do Sul,Dourados,Vestuário,Camiseta Básica,10,56.42,0.1208,564.2,68.16,496.04,206.5,289.54,0.5837,Diego Ribeiro,Site,Boleto,Cancelada,
VND-000870,2024-09-05,Setembro,Quinta-feira,Sul,Santa Catarina,Florianópolis,Esportes,Garrafa Térmica Esportiva,2,70.5,0.0657,141,9.26,131.74,55.02,76.72,0.5824,Camila Ferreira,Loja Física,Dinheiro,Concluída,4
VND-000871,2024-09-05,Setembro,Quinta-feira,Sudeste,Minas Gerais,Belo Horizonte,Informática,Monitor 24,2,729.33,0.1098,1458.66,160.16,1298.5,916.68,381.82,0.294,Lucas Martins,Site,Boleto,Concluída,4
VND-000872,2024-09-05,Setembro,Quinta-feira,Centro-Oeste,Mato Grosso,Cuiabá,Escritório,Papel A4 (pacote),1,24.44,0.0068,24.44,0.17,24.27,14.77,9.5,0.3914,Ana Souza,Site,PIX,Concluída,3
VND-000873,2024-09-05,Setembro,Quinta-feira,Centro-Oeste,Distrito Federal,Brasília,Informática,Mouse Sem Fio,2,61.14,0.0194,122.28,2.37,119.91,56.38,63.53,0.5298,Bruno Alves,Aplicativo,PIX,Concluída,5
VND-000874,2024-09-06,Setembro,Sexta-feira,Centro-Oeste,Mato Grosso do Sul,Campo Grande,Casa,Air Fryer,3,356.43,0.0336,1069.29,35.93,1033.36,571.77,461.59,0.4467,Beatriz Santos,Loja Física,PIX,Concluída,3
VND-000875,2024-09-06,Setembro,Sexta-feira,Centro-Oeste,Mato Grosso,Cuiabá,Escritório,Cadeira de Escritório,1,556.67,0.0476,556.67,26.5,530.17,326.51,203.66,0.3841,Ana Souza,Site,Cartão de Débito,Concluída,3
VND-000876,2024-09-06,Setembro,Sexta-feira,Sul,Rio Grande do Sul,Caxias do Sul,Casa,Aspirador de Pó,3,389.55,0.0851,1168.65,99.45,1069.2,665.61,403.59,0.3775,Ana Souza,Loja Física,Dinheiro,Concluída,5
VND-000877,2024-09-06,Setembro,Sexta-feira,Sudeste,Rio de Janeiro,Rio de Janeiro,Vestuário,Blusa de Frio,5,118.43,0.0817,592.15,48.38,543.77,221.6,322.17,0.5925,Juliana Rocha,Site,Cartão de Crédito,Devolvida,5
VND-000878,2024-09-06,Setembro,Sexta-feira,Sudeste,Espírito Santo,Vila Velha,Escritório,Cadeira de Escritório,4,552.42,0.0424,2209.68,93.69,2115.99,1368.04,747.95,0.3535,Fernanda Lima,Site,Cartão de Débito,Concluída,3
VND-000879,2024-09-06,Setembro,Sexta-feira,Sul,Rio Grande do Sul,Porto Alegre,Escritório,Papel A4 (pacote),3,24.97,0.0695,74.91,5.21,69.7,46.56,23.14,0.332,Carlos Pereira,Loja Física,Cartão de Crédito,Devolvida,2
VND-000880,2024-09-06,Setembro,Sexta-feira,Centro-Oeste,Distrito Federal,Brasília,Acessórios,Óculos de Sol,2,177.85,0.1667,355.7,59.3,296.4,117.28,179.12,0.6043,Marcos Oliveira,Marketplace,Boleto,Concluída,3
VND-000881,2024-09-06,Setembro,Sexta-feira,Sudeste,Rio de Janeiro,Niterói,Casa,Liquidificador,1,182.99,0.0547,182.99,10.01,172.98,88.24,84.74,0.4899,Beatriz Santos,Site,Boleto,Concluída,4
VND-000882,2024-09-07,Setembro,Sábado,Sudeste,Espírito Santo,Vila Velha,Acessórios,Relógio Analógico,3,341.92,0.0244,1025.76,25.03,1000.73,432.69,568.04,0.5676,Marcos Oliveira,Loja Física,Dinheiro,Concluída,4
VND-000883,2024-09-07,Setembro,Sábado,Nordeste,Paraíba,Campina Grande,Vestuário,Vestido Casual,7,149,0.1125,1043,117.34,925.66,405.79,519.87,0.5616,Camila Ferreira,Aplicativo,PIX,Concluída,5
VND-000884,2024-09-07,Setembro,Sábado,Sudeste,São Paulo,Santos,Casa,Air Fryer,2,350.31,0.0322,700.62,22.56,678.06,386.44,291.62,0.4301,Ana Souza,Site,Boleto,Concluída,5
VND-000885,2024-09-07,Setembro,Sábado,Sul,Santa Catarina,Joinville,Escritório,Papel A4 (pacote),8,25.84,0.0973,206.72,20.11,186.61,121.44,65.17,0.3492,Lucas Martins,Loja Física,Dinheiro,Concluída,4
VND-000886,2024-09-08,Setembro,Domingo,Norte,Rondônia,Ji-Paraná,Casa,Panela Elétrica de Arroz,5,220.33,0.1518,1101.65,167.23,934.42,542.15,392.27,0.4198,Beatriz Santos,Loja Física,Cartão de Crédito,Concluída,5
VND-000887,2024-09-08,Setembro,Domingo,Sul,Santa Catarina,Florianópolis,Eletrônicos,Fone Bluetooth,1,150.86,0.0561,150.86,8.46,142.4,84.51,57.89,0.4065,Lucas Martins,Site,Cartão de Crédito,Concluída,4
VND-000888,2024-09-08,Setembro,Domingo,Sudeste,Rio de Janeiro,Duque de Caxias,Casa,Panela Elétrica de Arroz,3,227.95,0.1081,683.85,73.92,609.93,352.68,257.25,0.4218,Juliana Rocha,Marketplace,Cartão de Crédito,Concluída,2
VND-000889,2024-09-08,Setembro,Domingo,Sudeste,Espírito Santo,Vitória,Esportes,Bola de Futebol,2,87.62,0.0464,175.24,8.13,167.11,66.66,100.45,0.6011,Diego Ribeiro,Loja Física,Cartão de Débito,Concluída,5
VND-000890,2024-09-08,Setembro,Domingo,Sudeste,São Paulo,Campinas,Casa,Jogo de Cama Queen,1,163.91,0.0743,163.91,12.18,151.73,69.31,82.42,0.5432,Beatriz Santos,Loja Física,PIX,Concluída,5
VND-000891,2024-09-09,Setembro,Segunda-feira,Sudeste,Espírito Santo,Vitória,Esportes,Kit Halteres 10kg,1,183.91,0.0822,183.91,15.12,168.79,96.18,72.61,0.4302,Fernanda Lima,Site,PIX,Concluída,4
VND-000892,2024-09-09,Setembro,Segunda-feira,Sudeste,São Paulo,Sorocaba,Casa,Panela Elétrica de Arroz,4,217.74,0.1284,870.96,111.83,759.13,442.84,316.29,0.4166,Bruno Alves,Site,Cartão de Crédito,Concluída,4
VND-000893,2024-09-09,Setembro,Segunda-feira,Sudeste,Rio de Janeiro,Rio de Janeiro,Acessórios,Cinto de Couro,1,89.18,0.0354,89.18,3.16,86.02,30.73,55.29,0.6428,Fernanda Lima,Site,Cartão de Crédito,Concluída,4
VND-000894,2024-09-09,Setembro,Segunda-feira,Sudeste,São Paulo,Sorocaba,Casa,Jogo de Cama Queen,2,160.31,0.037,320.62,11.86,308.76,136,172.76,0.5595,Diego Ribeiro,Site,Cartão de Crédito,Concluída,4
VND-000895,2024-09-10,Setembro,Terça-feira,Sudeste,São Paulo,São Paulo,Esportes,Kit Halteres 10kg,3,171.03,0.105,513.09,53.87,459.22,290.79,168.43,0.3668,Rafael Costa,Site,Cartão de Crédito,Concluída,4
VND-000896,2024-09-10,Setembro,Terça-feira,Sudeste,Espírito Santo,Vila Velha,Casa,Air Fryer,2,352.86,0.1053,705.72,74.31,631.41,380.74,250.67,0.397,Rafael Costa,Site,Cartão de Crédito,Concluída,4
VND-000897,2024-09-10,Setembro,Terça-feira,Sul,Rio Grande do Sul,Porto Alegre,Escritório,Papel A4 (pacote),8,27.41,0.1213,219.28,26.6,192.68,133.6,59.08,0.3066,Rafael Costa,Site,Cartão de Crédito,Concluída,4
VND-000898,2024-09-10,Setembro,Terça-feira,Nordeste,Bahia,Salvador,Eletrônicos,Smartwatch,2,451.93,0.0972,903.86,87.86,816,566.88,249.12,0.3053,Lucas Martins,Loja Física,Cartão de Crédito,Concluída,4
VND-000899,2024-09-10,Setembro,Terça-feira,Sudeste,São Paulo,Campinas,Acessórios,Óculos de Sol,2,188.43,0.0365,376.86,13.76,363.1,134.18,228.92,0.6305,Rafael Costa,Aplicativo,Cartão de Débito,Concluída,5
VND-000900,2024-09-10,Setembro,Terça-feira,Sudeste,São Paulo,Santos,Informática,Mouse Sem Fio,5,58.8,0.0514,294,15.11,278.89,128.8,150.09,0.5382,Fernanda Lima,Telefone,Cartão de Crédito,Devolvida,2
VND-000901,2024-09-10,Setembro,Terça-feira,Sudeste,Espírito Santo,Vila Velha,Escritório,Kit Canetas Executivas,2,86.83,0.095,173.66,16.5,157.16,58.38,98.78,0.6285,Beatriz Santos,Loja Física,Cartão de Crédito,Concluída,4
VND-000902,2024-09-11,Setembro,Quarta-feira,Centro-Oeste,Mato Grosso do Sul,Campo Grande,Escritório,Organizador de Mesa,1,46.65,0.1507,46.65,7.03,39.62,18.6,21.02,0.5305,Patrícia Gomes,Telefone,Cartão de Crédito,Concluída,4
VND-000903,2024-09-11,Setembro,Quarta-feira,Norte,Rondônia,Ji-Paraná,Escritório,Papel A4 (pacote),3,26.37,0.0512,79.11,4.05,75.06,48.51,26.55,0.3537,Bruno Alves,Aplicativo,PIX,Concluída,5
VND-000904,2024-09-11,Setembro,Quarta-feira,Sul,Santa Catarina,Joinville,Eletrônicos,Caixa de Som Portátil,3,212.38,0.004,637.14,2.55,634.59,379.11,255.48,0.4026,Camila Ferreira,Loja Física,Cartão de Crédito,Concluída,5
VND-000905,2024-09-11,Setembro,Quarta-feira,Nordeste,Bahia,Salvador,Informática,Mouse Sem Fio,5,60.15,0.1483,300.75,44.6,256.15,142.55,113.6,0.4435,Marcos Oliveira,Marketplace,Cartão de Crédito,Devolvida,3
VND-000906,2024-09-11,Setembro,Quarta-feira,Sul,Rio Grande do Sul,Caxias do Sul,Informática,Mouse Sem Fio,1,59.45,0.0466,59.45,2.77,56.68,26.5,30.18,0.5325,Patrícia Gomes,Loja Física,Cartão de Débito,Concluída,4
VND-000907,2024-09-11,Setembro,Quarta-feira,Norte,Rondônia,Ji-Paraná,Eletrônicos,Fone Bluetooth,7,152.68,0.0972,1068.76,103.88,964.88,563.5,401.38,0.416,Lucas Martins,Loja Física,Cartão de Crédito,Concluída,4
VND-000908,2024-09-12,Setembro,Quinta-feira,Sudeste,Espírito Santo,Vitória,Informática,Pen Drive 64GB,2,42.04,0.0322,84.08,2.71,81.37,41.96,39.41,0.4843,Lucas Martins,Aplicativo,Cartão de Crédito,Devolvida,2
VND-000909,2024-09-12,Setembro,Quinta-feira,Centro-Oeste,Mato Grosso,Várzea Grande,Escritório,Organizador de Mesa,2,44.43,0.035,88.86,3.11,85.75,33.54,52.21,0.6089,Diego Ribeiro,Loja Física,Cartão de Crédito,Concluída,3
VND-000910,2024-09-12,Setembro,Quinta-feira,Sul,Rio Grande do Sul,Pelotas,Casa,Liquidificador,4,183.32,0.0505,733.28,37.03,696.25,363.84,332.41,0.4774,Camila Ferreira,Loja Física,Cartão de Crédito,Concluída,5
VND-000911,2024-09-12,Setembro,Quinta-feira,Sudeste,São Paulo,Sorocaba,Eletrônicos,Fone Bluetooth,1,156.25,0.0889,156.25,13.89,142.36,84.01,58.35,0.4099,Camila Ferreira,Marketplace,PIX,Concluída,2
VND-000912,2024-09-13,Setembro,Sexta-feira,Nordeste,Pernambuco,Recife,Casa,Jogo de Cama Queen,4,150.32,0.058,601.28,34.87,566.41,250.2,316.21,0.5583,Marcos Oliveira,Marketplace,PIX,Concluída,4
VND-000913,2024-09-13,Setembro,Sexta-feira,Sul,Santa Catarina,Florianópolis,Informática,Mouse Sem Fio,5,61.17,0.1297,305.85,39.67,266.18,139.75,126.43,0.475,Ana Souza,Loja Física,PIX,Concluída,4
VND-000914,2024-09-13,Setembro,Sexta-feira,Centro-Oeste,Mato Grosso,Cuiabá,Vestuário,Camiseta Básica,2,55.21,0.0595,110.42,6.57,103.85,37.5,66.35,0.6389,Camila Ferreira,Site,Cartão de Débito,Concluída,5
VND-000915,2024-09-14,Setembro,Sábado,Sudeste,Minas Gerais,Belo Horizonte,Informática,Monitor 24,1,757.33,0.0838,757.33,63.46,693.87,503.26,190.61,0.2747,Patrícia Gomes,Site,PIX,Concluída,4
VND-000916,2024-09-14,Setembro,Sábado,Sudeste,São Paulo,Sorocaba,Acessórios,Cinto de Couro,2,91.88,0.0056,183.76,1.03,182.73,62.6,120.13,0.6574,Ana Souza,Marketplace,Cartão de Crédito,Cancelada,
VND-000917,2024-09-14,Setembro,Sábado,Sul,Santa Catarina,Blumenau,Casa,Liquidificador,4,180.33,0.0315,721.32,22.72,698.6,354.76,343.84,0.4922,Diego Ribeiro,Loja Física,Cartão de Crédito,Concluída,4
VND-000918,2024-09-14,Setembro,Sábado,Sul,Paraná,Maringá,Informática,Monitor 24,1,751.81,0.141,751.81,106.01,645.8,482.24,163.56,0.2533,Bruno Alves,Marketplace,Boleto,Concluída,3
VND-000919,2024-09-14,Setembro,Sábado,Nordeste,Ceará,Fortaleza,Esportes,Bola de Futebol,5,87.17,0.0576,435.85,25.1,410.75,181.8,228.95,0.5574,Carlos Pereira,Loja Física,Cartão de Débito,Concluída,3
VND-000920,2024-09-14,Setembro,Sábado,Sudeste,São Paulo,Santos,Informática,Mouse Sem Fio,2,61.44,0.11,122.88,13.52,109.36,55.28,54.08,0.4945,Bruno Alves,Loja Física,Dinheiro,Concluída,5
VND-000921,2024-09-14,Setembro,Sábado,Sul,Rio Grande do Sul,Pelotas,Esportes,Bola de Futebol,1,82.58,0.106,82.58,8.75,73.83,33.32,40.51,0.5487,Ana Souza,Aplicativo,Cartão de Débito,Concluída,3
VND-000922,2024-09-15,Setembro,Domingo,Centro-Oeste,Goiás,Goiânia,Escritório,Organizador de Mesa,1,45.68,0.1304,45.68,5.96,39.72,18.67,21.05,0.53,Camila Ferreira,Site,PIX,Concluída,4
VND-000923,2024-09-15,Setembro,Domingo,Centro-Oeste,Goiás,Anápolis,Casa,Liquidificador,5,171.18,0.0883,855.9,75.58,780.32,443.4,336.92,0.4318,Beatriz Santos,Loja Física,Dinheiro,Concluída,4
VND-000924,2024-09-15,Setembro,Domingo,Sul,Santa Catarina,Florianópolis,Informática,Mouse Sem Fio,3,58.98,0.1051,176.94,18.6,158.34,80.25,78.09,0.4932,Patrícia Gomes,Loja Física,Cartão de Débito,Concluída,3
VND-000925,2024-09-15,Setembro,Domingo,Nordeste,Ceará,Fortaleza,Informática,Mouse Sem Fio,2,58.66,0.0331,117.32,3.88,113.44,51.96,61.48,0.542,Diego Ribeiro,Loja Física,Cartão de Débito,Concluída,3
VND-000926,2024-09-15,Setembro,Domingo,Sudeste,Rio de Janeiro,Niterói,Vestuário,Jaqueta Corta-Vento,1,211.11,0.0741,211.11,15.64,195.47,101.62,93.85,0.4801,Ana Souza,Loja Física,Dinheiro,Concluída,4
VND-000927,2024-09-15,Setembro,Domingo,Nordeste,Paraíba,Campina Grande,Acessórios,Óculos de Sol,5,173.43,0.0654,867.15,56.71,810.44,307.3,503.14,0.6208,Diego Ribeiro,Aplicativo,PIX,Concluída,4
VND-000928,2024-09-15,Setembro,Domingo,Norte,Rondônia,Ji-Paraná,Casa,Liquidificador,3,182.12,0.0994,546.36,54.31,492.05,260.16,231.89,0.4713,Fernanda Lima,Loja Física,Cartão de Crédito,Concluída,4
VND-000929,2024-09-16,Setembro,Segunda-feira,Sudeste,Espírito Santo,Vitória,Casa,Liquidificador,4,167.54,0.0527,670.16,35.32,634.84,325.08,309.76,0.4879,Beatriz Santos,Loja Física,Cartão de Débito,Concluída,3
VND-000930,2024-09-16,Setembro,Segunda-feira,Sudeste,Espírito Santo,Vila Velha,Escritório,Organizador de Mesa,8,45.02,0.1216,360.16,43.8,316.36,136.96,179.4,0.5671,Rafael Costa,Loja Física,Cartão de Crédito,Cancelada,
VND-000931,2024-09-16,Setembro,Segunda-feira,Sul,Santa Catarina,Florianópolis,Acessórios,Carteira de Couro,1,140.92,0.0143,140.92,2.02,138.9,50.15,88.75,0.6389,Ana Souza,Aplicativo,Cartão de Débito,Concluída,4
VND-000932,2024-09-16,Setembro,Segunda-feira,Sudeste,São Paulo,Sorocaba,Informática,Monitor 24,1,742.5,0.0184,742.5,13.66,728.84,476.69,252.15,0.346,Marcos Oliveira,Loja Física,Cartão de Crédito,Concluída,2
VND-000933,2024-09-17,Setembro,Terça-feira,Centro-Oeste,Mato Grosso,Várzea Grande,Informática,Mouse Sem Fio,3,59.44,0.1126,178.32,20.08,158.24,79.05,79.19,0.5004,Carlos Pereira,Loja Física,Dinheiro,Devolvida,2
VND-000934,2024-09-17,Setembro,Terça-feira,Centro-Oeste,Distrito Federal,Brasília,Esportes,Tênis de Corrida,2,317.31,0.0461,634.62,29.26,605.36,303.66,301.7,0.4984,Diego Ribeiro,Site,Cartão de Débito,Concluída,4
VND-000935,2024-09-17,Setembro,Terça-feira,Sudeste,Minas Gerais,Contagem,Esportes,Kit Halteres 10kg,1,180.41,0.0986,180.41,17.79,162.62,99.33,63.29,0.3892,Fernanda Lima,Site,Cartão de Crédito,Concluída,3
VND-000936,2024-09-17,Setembro,Terça-feira,Sul,Paraná,Maringá,Vestuário,Blusa de Frio,5,116.56,0.0812,582.8,47.32,535.48,246.5,288.98,0.5397,Carlos Pereira,Loja Física,Cartão de Débito,Concluída,4
VND-000937,2024-09-17,Setembro,Terça-feira,Sudeste,Espírito Santo,Vila Velha,Esportes,Bicicleta Aro 29,2,1217.41,0.1115,2434.82,271.48,2163.34,1597.38,565.96,0.2616,Bruno Alves,Loja Física,Dinheiro,Concluída,2
VND-000938,2024-09-17,Setembro,Terça-feira,Centro-Oeste,Mato Grosso do Sul,Campo Grande,Informática,Pen Drive 64GB,2,37.77,0.087,75.54,6.57,68.97,36.76,32.21,0.467,Camila Ferreira,Marketplace,Boleto,Concluída,4
VND-000939,2024-09-18,Setembro,Quarta-feira,Sudeste,Espírito Santo,Vila Velha,Casa,Jogo de Cama Queen,5,162.5,0.1621,812.5,131.71,680.79,328.7,352.09,0.5172,Bruno Alves,Marketplace,Cartão de Crédito,Concluída,4
VND-000940,2024-09-18,Setembro,Quarta-feira,Nordeste,Ceará,Fortaleza,Escritório,Cadeira de Escritório,1,575.6,0.0369,575.6,21.24,554.36,334.32,220.04,0.3969,Fernanda Lima,Telefone,Boleto,Concluída,5
VND-000941,2024-09-18,Setembro,Quarta-feira,Sul,Rio Grande do Sul,Porto Alegre,Esportes,Bicicleta Aro 29,3,1181.32,0.0783,3543.96,277.49,3266.47,2309.52,956.95,0.293,Camila Ferreira,Aplicativo,Cartão de Crédito,Concluída,4
VND-000942,2024-09-19,Setembro,Quinta-feira,Norte,Rondônia,Porto Velho,Esportes,Garrafa Térmica Esportiva,1,75.09,0.0455,75.09,3.42,71.67,29.93,41.74,0.5824,Beatriz Santos,Aplicativo,Cartão de Crédito,Concluída,3
VND-000943,2024-09-19,Setembro,Quinta-feira,Sudeste,Rio de Janeiro,Duque de Caxias,Informática,Pen Drive 64GB,0,40.48,0.0332,0,0,0,0,0,0,Ana Souza,Loja Física,Cartão de Débito,Concluída,4
VND-000944,2024-09-19,Setembro,Quinta-feira,Sul,Rio Grande do Sul,Pelotas,Acessórios,Carteira de Couro,1,132.69,0.0432,132.69,5.73,126.96,53.2,73.76,0.581,Ana Souza,Loja Física,Cartão de Crédito,Cancelada,
VND-000945,2024-09-19,Setembro,Quinta-feira,Sudeste,Rio de Janeiro,Niterói,Eletrônicos,Caixa de Som Portátil,3,215.93,0.115,647.79,74.5,573.29,368.22,205.07,0.3577,Beatriz Santos,Telefone,Boleto,Concluída,5
VND-000946,2024-09-20,Setembro,Sexta-feira,Sudeste,Espírito Santo,Vila Velha,Esportes,Bola de Futebol,2,87.93,0.0564,175.86,9.92,165.94,66.04,99.9,0.602,Marcos Oliveira,Aplicativo,PIX,Concluída,5
VND-000947,2024-09-20,Setembro,Sexta-feira,Sudeste,Rio de Janeiro,Rio de Janeiro,Casa,Liquidificador,4,171.65,0.1,686.6,68.66,617.94,357.44,260.5,0.4216,Ana Souza,Marketplace,Cartão de Crédito,Concluída,4
VND-000948,2024-09-20,Setembro,Sexta-feira,Sudeste,Minas Gerais,Contagem,Eletrônicos,Fone Bluetooth,1,154.13,0.0419,154.13,6.46,147.67,83.72,63.95,0.4331,Camila Ferreira,Aplicativo,PIX,Concluída,4
VND-000949,2024-09-20,Setembro,Sexta-feira,Norte,Pará,Ananindeua,Informática,Mouse Sem Fio,8,58.26,0.1779,466.08,82.92,383.16,199.44,183.72,0.4795,Juliana Rocha,Site,PIX,Concluída,5
VND-000950,2024-09-20,Setembro,Sexta-feira,Sul,Santa Catarina,Joinville,Esportes,Garrafa Térmica Esportiva,3,72.11,0.1009,216.33,21.83,194.5,82.56,111.94,0.5755,Rafael Costa,Site,PIX,Concluída,4
VND-000951,2024-09-21,Setembro,Sábado,Sul,Paraná,Londrina,Informática,Teclado Mecânico,2,239.97,0.0539,479.94,25.87,454.07,273.66,180.41,0.3973,Rafael Costa,Loja Física,Cartão de Crédito,Concluída,4
VND-000952,2024-09-21,Setembro,Sábado,Sudeste,Minas Gerais,Contagem,Acessórios,Mochila Executiva,2,221.19,0.0569,442.38,25.17,417.21,169.06,248.15,0.5948,Rafael Costa,Loja Física,Cartão de Crédito,Concluída,4
VND-000953,2024-09-21,Setembro,Sábado,Sudeste,Espírito Santo,Vila Velha,Informática,Teclado Mecânico,1,263.14,0.0533,263.14,14.03,249.11,149.81,99.3,0.3986,Fernanda Lima,Marketplace,Cartão de Crédito,Concluída,3
VND-000954,2024-09-22,Setembro,Domingo,Centro-Oeste,Goiás,Anápolis,Vestuário,Vestido Casual,4,145.97,0.0203,583.88,11.85,572.03,240.6,331.43,0.5794,Fernanda Lima,Marketplace,PIX,Concluída,4
VND-000955,2024-09-22,Setembro,Domingo,Sudeste,São Paulo,Campinas,Eletrônicos,Fone Bluetooth,1,146.8,0.0729,146.8,10.7,136.1,84.91,51.19,0.3761,Ana Souza,Loja Física,PIX,Cancelada,
VND-000956,2024-09-22,Setembro,Domingo,Sul,Santa Catarina,Joinville,Escritório,Papel A4 (pacote),1,24.65,0.0708,24.65,1.75,22.9,14.18,8.72,0.3808,Juliana Rocha,Site,PIX,Concluída,3
VND-000957,2024-09-22,Setembro,Domingo,Norte,Pará,Belém,Casa,Air Fryer,5,359.76,0.1242,1798.8,223.41,1575.39,993.1,582.29,0.3696,Fernanda Lima,Site,Cartão de Débito,Concluída,5
VND-000958,2024-09-22,Setembro,Domingo,Nordeste,Pernambuco,Olinda,Casa,Jogo de Cama Queen,4,155.49,0.0245,621.96,15.24,606.72,262.2,344.52,0.5678,Fernanda Lima,Loja Física,Dinheiro,Concluída,3
VND-000959,2024-09-22,Setembro,Domingo,Sul,Paraná,Curitiba,Escritório,Organizador de Mesa,3,45.96,0.0623,137.88,8.59,129.29,57.69,71.6,0.5538,Ana Souza,Aplicativo,Cartão de Débito,Concluída,5
VND-000960,2024-09-23,Setembro,Segunda-feira,Sudeste,Espírito Santo,Vitória,Vestuário,Jaqueta Corta-Vento,4,223.47,0.0873,893.88,78.04,815.84,411.56,404.28,0.4955,Bruno Alves,Site,Cartão de Crédito,Devolvida,2
VND-000961,2024-09-23,Setembro,Segunda-feira,Norte,Amazonas,Manaus,Casa,Air Fryer,3,338.41,0.0636,1015.23,64.57,950.66,583.59,367.07,0.3861,Rafael Costa,Aplicativo,PIX,Concluída,4
VND-000962,2024-09-24,Setembro,Terça-feira,Norte,Amazonas,Manaus,Casa,Air Fryer,3,338.41,0.0636,1015.23,64.57,950.66,583.59,367.07,0.3861,Rafael Costa,Aplicativo,PIX,Concluída,4
VND-000963,2024-09-24,Setembro,Terça-feira,Sul,Paraná,Londrina,Acessórios,Relógio Analógico,1,352.82,0.055,352.82,19.41,333.41,141.37,192.04,0.576,Camila Ferreira,Aplicativo,PIX,Concluída,4
VND-000964,2024-09-24,Setembro,Terça-feira,Norte,Rondônia,Ji-Paraná,Vestuário,Blusa de Frio,2,127.28,0.03,254.56,7.64,246.92,108.1,138.82,0.5622,Rafael Costa,Loja Física,Dinheiro,Devolvida,3
VND-000965,2024-09-24,Setembro,Terça-feira,Sudeste,São Paulo,Santos,Esportes,Garrafa Térmica Esportiva,2,68.67,0.0851,137.34,11.69,125.65,54.08,71.57,0.5696,Fernanda Lima,Loja Física,Cartão de Débito,Concluída,4
VND-000966,2024-09-25,Setembro,Quarta-feira,Sul,Santa Catarina,Blumenau,Informática,Monitor 24,2,764.64,0.0822,1529.28,125.71,1403.57,995.1,408.47,0.291,Marcos Oliveira,Site,Cartão de Débito,Cancelada,
VND-000967,2024-09-25,Setembro,Quarta-feira,Sul,Rio Grande do Sul,Pelotas,Escritório,Papel A4 (pacote),1,24.33,0.0562,24.33,1.37,22.96,13.95,9.01,0.3924,Rafael Costa,Loja Física,Dinheiro,Concluída,4
VND-000968,2024-09-25,Setembro,Quarta-feira,Sudeste,Minas Gerais,Contagem,Casa,Aspirador de Pó,2,384.48,0.0373,768.96,28.68,740.28,447.6,292.68,0.3954,Marcos Oliveira,Site,PIX,Concluída,5
VND-000969,2024-09-25,Setembro,Quarta-feira,Sul,Rio Grande do Sul,Caxias do Sul,Acessórios,Relógio Analógico,1,361.04,0.0369,361.04,13.32,347.72,152.62,195.1,0.5611,Rafael Costa,Site,PIX,Concluída,3
VND-000970,2024-09-25,Setembro,Quarta-feira,Sudeste,São Paulo,São Paulo,Vestuário,Camiseta Básica,6,53.23,0.1164,319.38,37.18,282.2,105.3,176.9,0.6269,Carlos Pereira,Marketplace,Cartão de Crédito,Concluída,4
VND-000971,2024-09-26,Setembro,Quinta-feira,Centro-Oeste,Mato Grosso,Cuiabá,Vestuário,Camiseta Básica,1,53.82,0.0531,53.82,2.86,50.96,20.37,30.59,0.6003,Fernanda Lima,Site,Cartão de Crédito,Concluída,5
VND-000972,2024-09-26,Setembro,Quinta-feira,Sudeste,Minas Gerais,Belo Horizonte,Casa,Liquidificador,1,180.99,0.0233,180.99,4.22,176.77,95.25,81.52,0.4612,Rafael Costa,Aplicativo,Cartão de Crédito,Concluída,5
VND-000973,2024-09-27,Setembro,Sexta-feira,Sudeste,São Paulo,São Paulo,Escritório,Papel A4 (pacote),1,25.25,0.0468,25.25,1.18,24.07,14.68,9.39,0.3901,Ana Souza,Site,Cartão de Crédito,Concluída,3
VND-000974,2024-09-27,Setembro,Sexta-feira,Sudeste,Espírito Santo,Vila Velha,Esportes,Bola de Futebol,8,90.64,0.0638,725.12,46.26,678.86,296.4,382.46,0.5634,Marcos Oliveira,Site,PIX,Concluída,3
VND-000975,2024-09-27,Setembro,Sexta-feira,Sudeste,Rio de Janeiro,Rio de Janeiro,Casa,Air Fryer,2,369.74,0.0461,739.48,34.09,705.39,409.3,296.09,0.4198,Marcos Oliveira,Loja Física,PIX,Concluída,4
VND-000976,2024-09-27,Setembro,Sexta-feira,Sudeste,Minas Gerais,Uberlândia,Eletrônicos,Fone Bluetooth,6,152.38,0.0095,914.28,8.69,905.59,505.2,400.39,0.4421,Lucas Martins,Loja Física,Cartão de Débito,Concluída,4
VND-000977,2024-09-28,Setembro,Sábado,Nordeste,Bahia,Feira de Santana,Escritório,Kit Canetas Executivas,1,91.06,0.0531,91.06,4.84,86.22,32.77,53.45,0.6199,Camila Ferreira,Loja Física,PIX,Em processamento,
VND-000978,2024-09-28,Setembro,Sábado,Sudeste,Minas Gerais,Contagem,Informática,Mouse Sem Fio,1,60.17,0.0684,60.17,4.12,56.05,28.12,27.93,0.4983,Patrícia Gomes,Site,PIX,Concluída,3
VND-000979,2024-09-28,Setembro,Sábado,Sudeste,Espírito Santo,Vila Velha,Informática,Pen Drive 64GB,3,40.09,0.1079,120.27,12.98,107.29,63.15,44.14,0.4114,Lucas Martins,Site,PIX,Concluída,4
VND-000980,2024-09-28,Setembro,Sábado,Sudeste,São Paulo,São Paulo,Escritório,Papel A4 (pacote),2,25.82,0.0572,51.64,2.95,48.69,32.16,16.53,0.3395,Diego Ribeiro,Site,Boleto,Concluída,4
VND-000981,2024-09-29,Setembro,Domingo,Sul,Rio Grande do Sul,Caxias do Sul,Acessórios,Óculos de Sol,5,176.94,0.0697,884.7,61.66,823.04,287.45,535.59,0.6507,Bruno Alves,Site,PIX,Concluída,5
VND-000982,2024-09-29,Setembro,Domingo,Centro-Oeste,Goiás,Goiânia,Esportes,Bola de Futebol,1,89.12,0.1125,89.12,10.03,79.09,33.14,45.95,0.581,Ana Souza,Aplicativo,Cartão de Débito,Concluída,4
VND-000983,2024-09-29,Setembro,Domingo,Sudeste,Rio de Janeiro,Duque de Caxias,Vestuário,Jaqueta Corta-Vento,3,217.95,0.0714,653.85,46.68,607.17,294.69,312.48,0.5146,Camila Ferreira,Telefone,Boleto,Concluída,3
VND-000984,2024-09-29,Setembro,Domingo,Nordeste,Ceará,Fortaleza,Esportes,Bicicleta Aro 29,2,1203.56,0.1228,2407.12,295.59,2111.53,1657.9,453.63,0.2148,Diego Ribeiro,Site,PIX,Concluída,4
VND-000985,2024-09-29,Setembro,Domingo,Sul,Santa Catarina,Florianópolis,Informática,Monitor 24,1,755.64,0.084,755.64,63.47,692.17,487.95,204.22,0.295,Ana Souza,Loja Física,Cartão de Débito,Concluída,4
VND-000986,2024-09-30,Setembro,Segunda-feira,Sul,Rio Grande do Sul,Pelotas,Casa,Panela Elétrica de Arroz,3,222.85,0.0714,668.55,47.73,620.82,333,287.82,0.4636,Fernanda Lima,Aplicativo,PIX,Concluída,4
VND-000987,2024-09-30,Setembro,Segunda-feira,Sudeste,Minas Gerais,Uberlândia,Casa,Jogo de Cama Queen,2,162.33,0.0927,324.66,30.1,294.56,134.92,159.64,0.542,Rafael Costa,Loja Física,Cartão de Débito,Concluída,3
VND-000988,2024-09-30,Setembro,Segunda-feira,Sudeste,São Paulo,São Paulo,Escritório,Papel A4 (pacote),1,25.15,0.0173,25.15,0.44,24.71,15.56,9.15,0.3703,Ana Souza,Site,PIX,Concluída,4
VND-000989,2024-09-30,Setembro,Segunda-feira,Centro-Oeste,Goiás,Goiânia,Escritório,Papel A4 (pacote),6,25.58,0.104,153.48,15.96,137.52,95.22,42.3,0.3076,Juliana Rocha,Telefone,Dinheiro,Cancelada,
VND-000990,2024-09-30,Setembro,Segunda-feira,Sul,Rio Grande do Sul,Pelotas,Casa,Jogo de Cama Queen,1,164.65,0.0684,164.65,11.26,153.39,65.84,87.55,0.5708,Carlos Pereira,Site,Boleto,Concluída,4
VND-000991,2024-09-30,Setembro,Segunda-feira,Sudeste,São Paulo,Santos,Informática,Mouse Sem Fio,1,59.75,0.0382,59.75,2.28,57.47,27.82,29.65,0.5159,Ana Souza,Loja Física,Cartão de Débito,Concluída,4
VND-000992,2024-09-30,Setembro,Segunda-feira,Sudeste,Rio de Janeiro,Rio de Janeiro,Informática,Pen Drive 64GB,7,40.96,0.1127,286.72,32.31,254.41,140.28,114.13,0.4486,Marcos Oliveira,Site,PIX,Concluída,3
VND-000993,2024-10-01,Outubro,Terça-feira,Centro-Oeste,Mato Grosso,Várzea Grande,Acessórios,Carteira de Couro,7,141.49,0.1184,990.43,117.27,873.16,351.96,521.2,0.5969,Juliana Rocha,Telefone,Cartão de Crédito,Devolvida,1
VND-000994,2024-10-01,Outubro,Terça-feira,Sudeste,Rio de Janeiro,Niterói,Informática,Pen Drive 64GB,1,41.38,0.0173,41.38,0.72,40.66,20.53,20.13,0.4951,Lucas Martins,Loja Física,Cartão de Crédito,Devolvida,2
VND-000995,2024-10-01,Outubro,Terça-feira,Nordeste,Bahia,Feira de Santana,Esportes,Bola de Futebol,2,85.7,0.0849,171.4,14.55,156.85,68.06,88.79,0.5661,Bruno Alves,Marketplace,Boleto,Concluída,2
VND-000996,2024-10-01,Outubro,Terça-feira,Norte,Amazonas,Manaus,Informática,Teclado Mecânico,3,255.15,0.07,765.45,53.58,711.87,398.16,313.71,0.4407,Camila Ferreira,Loja Física,Cartão de Débito,Concluída,4
VND-000997,2024-10-02,Outubro,Quarta-feira,Centro-Oeste,Mato Grosso,Várzea Grande,Acessórios,Óculos de Sol,5,181.01,0.1063,905.05,96.21,808.84,335,473.84,0.5858,Marcos Oliveira,Marketplace,Cartão de Crédito,Concluída,5
VND-000998,2024-10-02,Outubro,Quarta-feira,Centro-Oeste,Distrito Federal,Brasília,Eletrônicos,Fone Bluetooth,1,146.99,0.0353,146.99,5.19,141.8,83.09,58.71,0.414,Camila Ferreira,Site,Cartão de Crédito,Concluída,4
VND-000999,2024-10-03,Outubro,Quinta-feira,Sudeste,São Paulo,Campinas,Informática,HD Externo 1TB,4,295.38,0.0147,1181.52,17.37,1164.15,704.84,459.31,0.3945,Camila Ferreira,Site,PIX,Em processamento,
VND-001000,2024-10-03,Outubro,Quinta-feira,Centro-Oeste,Mato Grosso,Cuiabá,Esportes,Bicicleta Aro 29,1,1121.18,0.0862,1121.18,96.65,1024.53,769.18,255.35,0.2492,Bruno Alves,Marketplace,PIX,Concluída,4
VND-001001,2024-10-03,Outubro,Quinta-feira,Sul,Rio Grande do Sul,Porto Alegre,Vestuário,Jaqueta Corta-Vento,1,220.49,0.1189,220.49,26.22,194.27,106.7,87.57,0.4508,Marcos Oliveira,Site,Cartão de Crédito,Concluída,4
VND-001002,2024-10-03,Outubro,Quinta-feira,Centro-Oeste,Goiás,Anápolis,Vestuário,Camiseta Básica,5,55.52,0.1189,277.6,33.01,244.59,95.75,148.84,0.6085,Fernanda Lima,Loja Física,Dinheiro,Concluída,3
VND-001003,2024-10-04,Outubro,Sexta-feira,Sudeste,Espírito Santo,Vila Velha,Acessórios,Cinto de Couro,7,88.97,0.0772,622.79,48.08,574.71,209.93,364.78,0.6347,Lucas Martins,Marketplace,PIX,Concluída,3
VND-001004,2024-10-04,Outubro,Sexta-feira,Sudeste,Minas Gerais,Belo Horizonte,Informática,Mouse Sem Fio,1,63.88,0.0056,63.88,0.36,63.52,29.76,33.76,0.5315,Juliana Rocha,Loja Física,Cartão de Débito,Concluída,4
VND-001005,2024-10-04,Outubro,Sexta-feira,Norte,Rondônia,Ji-Paraná,Vestuário,Blusa de Frio,3,120.69,0.0942,362.07,34.11,327.96,146.13,181.83,0.5544,Camila Ferreira,Telefone,Boleto,Concluída,4
VND-001006,2024-10-04,Outubro,Sexta-feira,Nordeste,Paraíba,Campina Grande,Acessórios,Carteira de Couro,3,143.45,0.0954,430.35,41.06,389.29,152.7,236.59,0.6077,Carlos Pereira,Aplicativo,Cartão de Crédito,Concluída,5
VND-001007,2024-10-05,Outubro,Sábado,Sul,Santa Catarina,Joinville,Esportes,Bicicleta Aro 29,1,1169.12,0.0432,1169.12,50.51,1118.61,791.81,326.8,0.2921,Fernanda Lima,Loja Física,Cartão de Crédito,Em processamento,
VND-001008,2024-10-05,Outubro,Sábado,Sul,Paraná,Curitiba,Casa,Air Fryer,2,338.65,0.0196,677.3,13.28,664.02,358.04,305.98,0.4608,Beatriz Santos,Marketplace,Boleto,Concluída,3
VND-001009,2024-10-05,Outubro,Sábado,Nordeste,Ceará,Fortaleza,Casa,Jogo de Cama Queen,2,161.94,0.0477,323.88,15.45,308.43,127.36,181.07,0.5871,Fernanda Lima,Site,PIX,Concluída,3
VND-001010,2024-10-06,Outubro,Domingo,Nordeste,Bahia,Salvador,Eletrônicos,Smart TV 50,1,2275.38,0.0524,2275.38,119.23,2156.15,1652.13,504.02,0.2338,Rafael Costa,Aplicativo,PIX,Concluída,5
VND-001011,2024-10-06,Outubro,Domingo,Nordeste,Paraíba,João Pessoa,Vestuário,Calça Jeans,1,127.89,0.0823,127.89,10.53,117.36,54.45,62.91,0.536,Rafael Costa,Marketplace,Boleto,Concluída,3
VND-001012,2024-10-06,Outubro,Domingo,Sudeste,São Paulo,Sorocaba,Vestuário,Camiseta Básica,8,55.62,0.102,444.96,45.39,399.57,150.08,249.49,0.6244,Bruno Alves,Loja Física,PIX,Concluída,3
VND-001013,2024-10-07,Outubro,Segunda-feira,Nordeste,Bahia,Feira de Santana,Casa,Liquidificador,2,181.2,0.0811,362.4,29.39,333.01,188.94,144.07,0.4326,Ana Souza,Site,Cartão de Crédito,Concluída,4
VND-001014,2024-10-07,Outubro,Segunda-feira,Nordeste,Pernambuco,Olinda,Esportes,Tênis de Corrida,2,338.48,0.06,676.96,40.62,636.34,338.76,297.58,0.4676,Camila Ferreira,Aplicativo,Cartão de Crédito,Concluída,5
VND-001015,2024-10-07,Outubro,Segunda-feira,Norte,Amazonas,Parintins,Esportes,Tênis de Corrida,1,320.87,0.133,320.87,42.68,278.19,166.97,111.22,0.3998,Fernanda Lima,Marketplace,PIX,Concluída,4
VND-001016,2024-10-07,Outubro,Segunda-feira,Sudeste,Espírito Santo,Vitória,Escritório,Papel A4 (pacote),4,23.77,0.1102,95.08,10.48,84.6,57.28,27.32,0.3229,Carlos Pereira,Loja Física,PIX,Concluída,3
VND-001017,2024-10-07,Outubro,Segunda-feira,Sudeste,Espírito Santo,Vitória,Casa,Jogo de Cama Queen,3,161.15,0.0859,483.45,41.53,441.92,204,237.92,0.5384,Marcos Oliveira,Aplicativo,PIX,Concluída,4
VND-001018,2024-10-09,Outubro,Quarta-feira,Centro-Oeste,Distrito Federal,Brasília,Vestuário,Vestido Casual,3,146.18,0.1049,438.54,46,392.54,174.87,217.67,0.5545,Marcos Oliveira,Site,Cartão de Crédito,Concluída,4
VND-001019,2024-10-09,Outubro,Quarta-feira,Nordeste,Pernambuco,Caruaru,Informática,Teclado Mecânico,1,255.48,0.059,255.48,15.07,240.41,145.72,94.69,0.3939,Fernanda Lima,Loja Física,Cartão de Crédito,Concluída,4
VND-001020,2024-10-09,Outubro,Quarta-feira,Sudeste,Espírito Santo,Vila Velha,Eletrônicos,Smartwatch,5,469.43,0.0735,2347.15,172.52,2174.63,1411.55,763.08,0.3509,Ana Souza,Loja Física,Cartão de Débito,Concluída,3
VND-001021,2024-10-09,Outubro,Quarta-feira,Sudeste,São Paulo,Campinas,Casa,Liquidificador,2,184.12,0.0626,368.24,23.05,345.19,186.14,159.05,0.4608,Fernanda Lima,Loja Física,Cartão de Crédito,Concluída,4
VND-001022,2024-10-09,Outubro,Quarta-feira,Nordeste,Bahia,Feira de Santana,Esportes,Garrafa Térmica Esportiva,2,70.21,0.1101,140.42,15.46,124.96,54.26,70.7,0.5658,Marcos Oliveira,Marketplace,Cartão de Crédito,Cancelada,
VND-001023,2024-10-09,Outubro,Quarta-feira,Sudeste,Espírito Santo,Vitória,Escritório,Papel A4 (pacote),1,24.66,0.0295,24.66,0.73,23.93,14.27,9.66,0.4037,Ana Souza,Site,Cartão de Crédito,Concluída,4
VND-001024,2024-10-10,Outubro,Quinta-feira,Sul,Santa Catarina,Joinville,Acessórios,Cinto de Couro,1,94.04,0.0087,94.04,0.82,93.22,30.48,62.74,0.673,Ana Souza,Telefone,Boleto,Concluída,5
VND-001025,2024-10-10,Outubro,Quinta-feira,Centro-Oeste,Mato Grosso,Cuiabá,Casa,Jogo de Cama Queen,5,163.14,0.0587,815.7,47.88,767.82,344.3,423.52,0.5516,Lucas Martins,Aplicativo,PIX,Concluída,4
VND-001026,2024-10-10,Outubro,Quinta-feira,Nordeste,Ceará,Fortaleza,Vestuário,Blusa de Frio,2,122.14,0.1092,244.28,26.68,217.6,100.06,117.54,0.5402,Juliana Rocha,Loja Física,Cartão de Débito,Concluída,4
VND-001027,2024-10-10,Outubro,Quinta-feira,Nordeste,Ceará,Sobral,Eletrônicos,Caixa de Som Portátil,1,211.91,0.0127,211.91,2.69,209.22,116.63,92.59,0.4425,Rafael Costa,Aplicativo,Cartão de Crédito,Cancelada,
VND-001028,2024-10-11,Outubro,Sexta-feira,Nordeste,Paraíba,João Pessoa,Acessórios,Carteira de Couro,8,144.25,0.0327,1154,37.74,1116.26,412.88,703.38,0.6301,Camila Ferreira,Aplicativo,Cartão de Débito,Concluída,4
VND-001029,2024-10-11,Outubro,Sexta-feira,Sul,Rio Grande do Sul,Caxias do Sul,Acessórios,Cinto de Couro,1,93.44,0.1702,93.44,15.9,77.54,32.8,44.74,0.577,Camila Ferreira,Marketplace,Boleto,Concluída,3
VND-001030,2024-10-11,Outubro,Sexta-feira,Sudeste,Minas Gerais,Uberlândia,Informática,HD Externo 1TB,1,322.16,0.0854,322.16,27.51,294.65,198.02,96.63,0.3279,Ana Souza,Aplicativo,PIX,Concluída,3
VND-001031,2024-10-11,Outubro,Sexta-feira,Sul,Paraná,Curitiba,Escritório,Organizador de Mesa,1,45.53,0.063,45.53,2.87,42.66,17.03,25.63,0.6008,Bruno Alves,Site,PIX,Concluída,4
VND-001032,2024-10-11,Outubro,Sexta-feira,Norte,Pará,Ananindeua,Casa,Aspirador de Pó,1,372.03,0.0503,372.03,18.71,353.32,218.27,135.05,0.3822,Lucas Martins,Site,Cartão de Crédito,Concluída,5
VND-001033,2024-10-11,Outubro,Sexta-feira,Sudeste,Rio de Janeiro,Rio de Janeiro,Informática,Pen Drive 64GB,8,39.88,0.1025,319.04,32.7,286.34,165.36,120.98,0.4225,Diego Ribeiro,Loja Física,Dinheiro,Concluída,3
VND-001034,2024-10-11,Outubro,Sexta-feira,Sudeste,Espírito Santo,Vila Velha,Escritório,Papel A4 (pacote),2,26.06,0.1029,52.12,5.36,46.76,30.84,15.92,0.3405,Diego Ribeiro,Loja Física,Cartão de Crédito,Concluída,3
VND-001035,2024-10-12,Outubro,Sábado,Sul,Rio Grande do Sul,Caxias do Sul,Escritório,Cadeira de Escritório,2,534.55,0.0063,1069.1,6.74,1062.36,671.88,390.48,0.3676,Rafael Costa,Site,PIX,Concluída,5
VND-001036,2024-10-12,Outubro,Sábado,Sudeste,São Paulo,São Paulo,Eletrônicos,Fone Bluetooth,5,139.91,0.0686,699.55,47.99,651.56,383.05,268.51,0.4121,Bruno Alves,Site,Cartão de Crédito,Concluída,4
VND-001037,2024-10-12,Outubro,Sábado,Sul,Paraná,Curitiba,Casa,Jogo de Cama Queen,4,163.04,0.1263,652.16,82.37,569.79,286.36,283.43,0.4974,Ana Souza,Site,PIX,Concluída,4
VND-001038,2024-10-12,Outubro,Sábado,Sul,Rio Grande do Sul,Pelotas,Casa,Liquidificador,1,183.79,0.0799,183.79,14.68,169.11,96.72,72.39,0.4281,Ana Souza,Loja Física,Dinheiro,Concluída,3
VND-001039,2024-10-12,Outubro,Sábado,Centro-Oeste,Mato Grosso do Sul,Dourados,Escritório,Kit Canetas Executivas,5,85.7,0.1136,428.5,48.68,379.82,140.75,239.07,0.6294,Camila Ferreira,Marketplace,Cartão de Débito,Concluída,3
VND-001040,2024-10-12,Outubro,Sábado,Sul,Rio Grande do Sul,Pelotas,Informática,HD Externo 1TB,4,334.19,0.0392,1336.76,52.4,1284.36,841.6,442.76,0.3447,Fernanda Lima,Aplicativo,PIX,Concluída,5
VND-001041,2024-10-12,Outubro,Sábado,Sudeste,Espírito Santo,Vitória,Eletrônicos,Caixa de Som Portátil,1,219.83,0.0607,219.83,13.34,206.49,128.68,77.81,0.3768,Ana Souza,Site,Cartão de Crédito,Concluída,5
VND-001042,2024-10-13,Outubro,Domingo,Sudeste,Rio de Janeiro,Rio de Janeiro,Vestuário,Vestido Casual,1,144.59,0.0142,144.59,2.05,142.54,57.29,85.25,0.5981,Patrícia Gomes,Loja Física,Dinheiro,Devolvida,4
VND-001043,2024-10-13,Outubro,Domingo,Nordeste,Ceará,Sobral,Escritório,Papel A4 (pacote),2,26.14,0.0254,52.28,1.33,50.95,32.48,18.47,0.3625,Diego Ribeiro,Aplicativo,PIX,Concluída,4
VND-001044,2024-10-13,Outubro,Domingo,Sudeste,São Paulo,Santos,Informática,Pen Drive 64GB,3,37.95,0.1625,113.85,18.5,95.35,55.38,39.97,0.4192,Marcos Oliveira,Marketplace,Boleto,Concluída,4
VND-001045,2024-10-13,Outubro,Domingo,Centro-Oeste,Mato Grosso,Várzea Grande,Vestuário,Blusa de Frio,2,125.9,0.0225,251.8,5.67,246.13,102.14,143.99,0.585,Fernanda Lima,Aplicativo,Cartão de Crédito,Em processamento,
VND-001046,2024-10-13,Outubro,Domingo,Sul,Rio Grande do Sul,Caxias do Sul,Eletrônicos,Caixa de Som Portátil,4,227.86,0.1056,911.44,96.25,815.19,522.48,292.71,0.3591,Fernanda Lima,Marketplace,Cartão de Crédito,Concluída,3
VND-001047,2024-10-13,Outubro,Domingo,Sudeste,Espírito Santo,Vila Velha,Eletrônicos,Fone Bluetooth,3,145.43,0.0185,436.29,8.07,428.22,229.44,198.78,0.4642,Ana Souza,Loja Física,Dinheiro,Cancelada,
VND-001048,2024-10-13,Outubro,Domingo,Sul,Rio Grande do Sul,Pelotas,Vestuário,Vestido Casual,1,148.28,0.1522,148.28,22.57,125.71,58.08,67.63,0.538,Bruno Alves,Site,Cartão de Crédito,Concluída,4
VND-001049,2024-10-14,Outubro,Segunda-feira,Sudeste,Minas Gerais,Contagem,Acessórios,Cinto de Couro,5,93.34,0.0467,466.7,21.79,444.91,152.95,291.96,0.6562,Rafael Costa,Loja Física,Cartão de Crédito,Concluída,4
VND-001050,2024-10-14,Outubro,Segunda-feira,Sudeste,Espírito Santo,Vila Velha,Acessórios,Cinto de Couro,3,91.27,0.023,273.81,6.3,267.51,95.76,171.75,0.642,Camila Ferreira,Site,Cartão de Crédito,Cancelada,
VND-001051,2024-10-14,Outubro,Segunda-feira,Norte,Rondônia,Porto Velho,Escritório,Mesa para Computador,1,476.71,0.0478,476.71,22.79,453.92,269.66,184.26,0.4059,Beatriz Santos,Site,PIX,Concluída,3
VND-001052,2024-10-14,Outubro,Segunda-feira,Sudeste,Minas Gerais,Belo Horizonte,Informática,Pen Drive 64GB,14,38.72,0.1649,542.08,89.39,452.69,260.54,192.15,0.4245,Juliana Rocha,Site,PIX,Concluída,4
VND-001053,2024-10-14,Outubro,Segunda-feira,Sudeste,Rio de Janeiro,Niterói,Esportes,Bola de Futebol,2,88.58,0.0336,177.16,5.95,171.21,74.76,96.45,0.5633,Rafael Costa,Site,Boleto,Concluída,3
VND-001054,2024-10-15,Outubro,Terça-feira,Norte,Rondônia,Porto Velho,Esportes,Garrafa Térmica Esportiva,3,65.82,0.0144,197.46,2.84,194.62,73.47,121.15,0.6225,Carlos Pereira,Aplicativo,PIX,Concluída,4
VND-001055,2024-10-15,Outubro,Terça-feira,Sudeste,São Paulo,Santos,Informática,Notebook Pro 15,1,3140.74,0.1315,3140.74,413.01,2727.73,2276.27,451.46,0.1655,Marcos Oliveira,Aplicativo,Cartão de Crédito,Concluída,4
VND-001056,2024-10-15,Outubro,Terça-feira,Centro-Oeste,Distrito Federal,Brasília,Acessórios,Óculos de Sol,4,183.36,0.0992,733.44,72.76,660.68,262.52,398.16,0.6027,Rafael Costa,Site,PIX,Concluída,4
VND-001057,2024-10-15,Outubro,Terça-feira,Norte,Amazonas,Parintins,Acessórios,Relógio Analógico,3,362.49,0.1472,1087.47,160.08,927.39,477.63,449.76,0.485,Lucas Martins,Loja Física,Cartão de Crédito,Concluída,3
VND-001058,2024-10-16,Outubro,Quarta-feira,Nordeste,Bahia,Feira de Santana,Escritório,Papel A4 (pacote),3,24.57,0.0847,73.71,6.24,67.47,44.07,23.4,0.3468,Bruno Alves,Loja Física,Cartão de Débito,Concluída,4
VND-001059,2024-10-16,Outubro,Quarta-feira,Centro-Oeste,Distrito Federal,Brasília,Informática,Pen Drive 64GB,2,41.41,0.0166,82.82,1.37,81.45,39.24,42.21,0.5182,Fernanda Lima,Telefone,Dinheiro,Concluída,4
VND-001060,2024-10-17,Outubro,Quinta-feira,Nordeste,Ceará,Fortaleza,Acessórios,Carteira de Couro,3,147.31,0.0894,441.93,39.51,402.42,165.36,237.06,0.5891,Beatriz Santos,Site,Boleto,Concluída,4
VND-001061,2024-10-17,Outubro,Quinta-feira,Sudeste,Minas Gerais,Belo Horizonte,Esportes,Kit Halteres 10kg,1,172.22,0.0774,172.22,13.33,158.89,98.02,60.87,0.3831,Marcos Oliveira,Site,PIX,Concluída,3
VND-001062,2024-10-17,Outubro,Quinta-feira,Nordeste,Bahia,Feira de Santana,Escritório,Organizador de Mesa,2,44.7,0.0341,89.4,3.05,86.35,37.62,48.73,0.5643,Ana Souza,Aplicativo,Cartão de Crédito,Concluída,5
VND-001063,2024-10-17,Outubro,Quinta-feira,Sudeste,Espírito Santo,Vitória,Vestuário,Vestido Casual,3,150.43,0.0011,451.29,0.5,450.79,172.83,277.96,0.6166,Fernanda Lima,Loja Física,Dinheiro,Concluída,5
VND-001064,2024-10-17,Outubro,Quinta-feira,Nordeste,Bahia,Feira de Santana,Casa,Liquidificador,3,185.03,0.0973,555.09,54.01,501.08,288.09,212.99,0.4251,Carlos Pereira,Site,PIX,Concluída,4
VND-001065,2024-10-19,Outubro,Sábado,Nordeste,Pernambuco,Recife,Eletrônicos,Fone Bluetooth,6,148.45,0.0838,890.7,74.64,816.06,501.48,314.58,0.3855,Carlos Pereira,Site,Cartão de Crédito,Concluída,5
VND-001066,2024-10-19,Outubro,Sábado,Nordeste,Ceará,Fortaleza,Eletrônicos,Fone Bluetooth,4,144.19,0.02,576.76,11.54,565.22,319.4,245.82,0.4349,Fernanda Lima,Loja Física,Cartão de Crédito,Concluída,4
VND-001067,2024-10-19,Outubro,Sábado,Sul,Santa Catarina,Blumenau,Eletrônicos,Caixa de Som Portátil,1,226.73,0.0805,226.73,18.25,208.48,134.88,73.6,0.353,Camila Ferreira,Marketplace,PIX,Concluída,4
VND-001068,2024-10-19,Outubro,Sábado,Centro-Oeste,Distrito Federal,Brasília,Casa,Air Fryer,4,352.88,0.1019,1411.52,143.83,1267.69,797.64,470.05,0.3708,Beatriz Santos,Marketplace,Cartão de Crédito,Concluída,4
VND-001069,2024-10-19,Outubro,Sábado,Sudeste,São Paulo,Sorocaba,Vestuario,Jaqueta Corta-Vento,1,225.21,0.0412,225.21,9.28,215.93,106.73,109.2,0.5057,Ana Souza,Loja Física,Dinheiro,Concluída,4
VND-001070,2024-10-19,Outubro,Sábado,Nordeste,Bahia,Feira de Santana,Informática,Monitor 24,1,767.07,0.0741,767.07,56.84,710.23,515.24,194.99,0.2745,Lucas Martins,Telefone,Cartão de Crédito,Concluída,5
VND-001071,2024-10-20,Outubro,Domingo,Centro-Oeste,Mato Grosso do Sul,Campo Grande,Escritório,Kit Canetas Executivas,2,91.79,0.097,183.58,17.81,165.77,65.92,99.85,0.6023,Ana Souza,Marketplace,PIX,Devolvida,2
VND-001072,2024-10-20,Outubro,Domingo,Sudeste,Rio de Janeiro,Duque de Caxias,Acessórios,Mochila Executiva,1,217.68,0.0535,217.68,11.65,206.03,81.81,124.22,0.6029,Fernanda Lima,Loja Física,Cartão de Crédito,Concluída,5
VND-001073,2024-10-20,Outubro,Domingo,Centro-Oeste,Mato Grosso,Várzea Grande,Acessórios,Óculos de Sol,4,186.78,0.1065,747.12,79.57,667.55,242.56,424.99,0.6366,Beatriz Santos,Loja Física,Cartão de Crédito,Concluída,4
VND-001074,2024-10-20,Outubro,Domingo,Sul,Paraná,Curitiba,Acessórios,Cinto de Couro,3,86.57,0.1325,259.71,34.41,225.3,91.89,133.41,0.5921,Camila Ferreira,Loja Física,Cartão de Crédito,Concluída,3
VND-001075,2024-10-20,Outubro,Domingo,Norte,Rondônia,Ji-Paraná,Informática,Mouse Sem Fio,2,60.5,0.0125,121,1.51,119.49,57.84,61.65,0.5159,Bruno Alves,Site,Cartão de Crédito,Concluída,3
VND-001076,2024-10-20,Outubro,Domingo,Centro-Oeste,Mato Grosso do Sul,Dourados,Eletrônicos,Fone Bluetooth,4,150.99,0.0399,603.96,24.1,579.86,329.84,250.02,0.4312,Juliana Rocha,Aplicativo,PIX,Concluída,5
VND-001077,2024-10-20,Outubro,Domingo,Sul,Santa Catarina,Florianópolis,Informática,Mouse Sem Fio,4,56.22,0.0737,224.88,16.57,208.31,102.2,106.11,0.5094,Ana Souza,Marketplace,Boleto,Concluída,5
VND-001078,2024-10-20,Outubro,Domingo,Sul,Rio Grande do Sul,Porto Alegre,Esportes,Bola de Futebol,8,86.93,0.0905,695.44,62.94,632.5,280.4,352.1,0.5567,Camila Ferreira,Aplicativo,Cartão de Crédito,Concluída,4
VND-001079,2024-10-20,Outubro,Domingo,Sudeste,Espírito Santo,Vitória,Esportes,Kit Halteres 10kg,3,181.5,0.084,544.5,45.74,498.76,284.04,214.72,0.4305,Diego Ribeiro,Loja Física,Cartão de Crédito,Concluída,4
VND-001080,2024-10-21,Outubro,Segunda-feira,Sudeste,São Paulo,Campinas,Informática,Mouse Sem Fio,8,61.55,0.0763,492.4,37.57,454.83,230,224.83,0.4943,Bruno Alves,Loja Física,Cartão de Crédito,Em processamento,
VND-001081,2024-10-21,Outubro,Segunda-feira,Sudeste,Minas Gerais,Contagem,Casa,Jogo de Cama Queen,1,166.33,0.0743,166.33,12.36,153.97,73.49,80.48,0.5227,Camila Ferreira,Marketplace,Boleto,Concluída,4
VND-001082,2024-10-21,Outubro,Segunda-feira,Sul,Paraná,Londrina,Eletrônicos,Smartphone X200,1,1863.13,0.0302,1863.13,56.27,1806.86,1283.63,523.23,0.2896,Beatriz Santos,Loja Física,Dinheiro,Concluída,4
VND-001083,2024-10-21,Outubro,Segunda-feira,Sudeste,São Paulo,São Paulo,Casa,Panela Elétrica de Arroz,2,223.18,0.0459,446.36,20.49,425.87,237.14,188.73,0.4432,Marcos Oliveira,Marketplace,PIX,Concluída,3
VND-001084,2024-10-23,Outubro,Quarta-feira,Sudeste,São Paulo,Santos,Eletrônicos,Smartwatch,1,456.82,0.0272,456.82,12.43,444.39,273.27,171.12,0.3851,Rafael Costa,Site,PIX,Concluída,3
VND-001085,2024-10-23,Outubro,Quarta-feira,Nordeste,Paraíba,Campina Grande,Vestuário,Camiseta Básica,1,54.87,0.0745,54.87,4.09,50.78,20.06,30.72,0.605,Camila Ferreira,Loja Física,Cartão de Crédito,Concluída,4
VND-001086,2024-10-23,Outubro,Quarta-feira,Sul,Paraná,Curitiba,Vestuário,Blusa de Frio,3,121.94,0.0557,365.82,20.38,345.44,144.27,201.17,0.5824,Carlos Pereira,Site,Cartão de Crédito,Concluída,4
VND-001087,2024-10-24,Outubro,Quinta-feira,Sudeste,Minas Gerais,Belo Horizonte,Acessórios,Mochila Executiva,3,218.5,0.0328,655.5,21.5,634,262.08,371.92,0.5866,Diego Ribeiro,Telefone,Cartão de Crédito,Concluída,5
VND-001088,2024-10-24,Outubro,Quinta-feira,Centro-Oeste,Distrito Federal,Brasília,Escritório,Kit Canetas Executivas,3,89.78,0.0114,269.34,3.07,266.27,88.74,177.53,0.6667,Ana Souza,Site,Cartão de Crédito,Concluída,4
VND-001089,2024-10-24,Outubro,Quinta-feira,Sul,Paraná,Londrina,Informática,Mouse Sem Fio,5,59.77,0.079,298.85,23.61,275.24,129.7,145.54,0.5288,Diego Ribeiro,Loja Física,PIX,Concluída,5
VND-001090,2024-10-24,Outubro,Quinta-feira,Sudeste,Espírito Santo,Vila Velha,Informática,Mouse Sem Fio,4,57.81,0.0662,231.24,15.31,215.93,102.88,113.05,0.5235,Rafael Costa,Loja Física,Cartão de Débito,Concluída,5
VND-001091,2024-10-24,Outubro,Quinta-feira,Sudeste,Rio de Janeiro,Niterói,Acessórios,Óculos de Sol,1,176.58,0.0576,176.58,10.17,166.41,62.51,103.9,0.6244,Camila Ferreira,Telefone,Dinheiro,Concluída,3
VND-001092,2024-10-24,Outubro,Quinta-feira,Sudeste,Rio de Janeiro,Duque de Caxias,Casa,Jogo de Cama Queen,3,159.47,0.0386,478.41,18.47,459.94,211.32,248.62,0.5405,Bruno Alves,Site,PIX,Concluída,5
VND-001093,2024-10-25,Outubro,Sexta-feira,Sudeste,Espírito Santo,Vitória,Escritório,Cadeira de Escritório,5,551.75,0.0569,2758.75,156.97,2601.78,1586.55,1015.23,0.3902,Fernanda Lima,Marketplace,PIX,Concluída,4
VND-001094,2024-10-25,Outubro,Sexta-feira,Sudeste,Minas Gerais,Belo Horizonte,Informática,Pen Drive 64GB,1,40.19,0.0682,40.19,2.74,37.45,18.91,18.54,0.4951,Patrícia Gomes,Marketplace,PIX,Concluída,4
VND-001095,2024-10-25,Outubro,Sexta-feira,Sul,Rio Grande do Sul,Caxias do Sul,Vestuário,Calça Jeans,1,122.82,0.016,122.82,1.97,120.85,50.36,70.49,0.5833,Carlos Pereira,Aplicativo,PIX,Concluída,3
VND-001096,2024-10-25,Outubro,Sexta-feira,Sudeste,Minas Gerais,Contagem,Escritório,Papel A4 (pacote),10,24.26,0.1217,242.6,29.52,213.08,147.8,65.28,0.3064,Fernanda Lima,Loja Física,Cartão de Crédito,Concluída,5
VND-001097,2024-10-25,Outubro,Sexta-feira,Sul,Rio Grande do Sul,Caxias do Sul,Escritório,Organizador de Mesa,7,45.16,0.0498,316.12,15.74,300.38,123.9,176.48,0.5875,Juliana Rocha,Marketplace,PIX,Concluída,5
VND-001098,2024-10-25,Outubro,Sexta-feira,Sudeste,São Paulo,Campinas,Acessórios,Cinto de Couro,3,89.85,0.0336,269.55,9.06,260.49,101.19,159.3,0.6115,Fernanda Lima,Aplicativo,Cartão de Débito,Concluída,4
VND-001099,2024-10-26,Outubro,Sábado,Sul,Paraná,Curitiba,Esportes,Bola de Futebol,1,92.96,0.1458,92.96,13.55,79.41,39.6,39.81,0.5013,Camila Ferreira,Aplicativo,PIX,Concluída,5
VND-001100,2024-10-26,Outubro,Sábado,Centro-Oeste,Goiás,Goiânia,Casa,Jogo de Cama Queen,1,163.54,0.0378,163.54,6.18,157.36,69.61,87.75,0.5576,Marcos Oliveira,Site,Cartão de Crédito,Concluída,5
VND-001101,2024-10-26,Outubro,Sábado,Sudeste,Minas Gerais,Uberlândia,Informática,Mouse Sem Fio,2,59.99,0.0639,119.98,7.67,112.31,52.8,59.51,0.5299,Patrícia Gomes,Loja Física,PIX,Concluída,5
VND-001102,2024-10-26,Outubro,Sábado,Sudeste,São Paulo,Sorocaba,Escritório,Papel A4 (pacote),2,24.53,0.0565,49.06,2.77,46.29,29.26,17.03,0.3679,Patrícia Gomes,Loja Física,PIX,Concluída,4
VND-001103,2024-10-26,Outubro,Sábado,Sul,Santa Catarina,Joinville,Informática,Teclado Mecânico,2,236.04,0.1279,472.08,60.38,411.7,273.18,138.52,0.3365,Fernanda Lima,Site,Cartão de Crédito,Cancelada,
VND-001104,2024-10-27,Outubro,Domingo,Sudeste,Rio de Janeiro,Niterói,Casa,Aspirador de Pó,2,381.7,0.0715,763.4,54.58,708.82,436.1,272.72,0.3848,Beatriz Santos,Aplicativo,PIX,Concluída,4
VND-001105,2024-10-27,Outubro,Domingo,Nordeste,Ceará,Fortaleza,Eletrônicos,Smartwatch,4,439.61,0.1079,1758.44,189.74,1568.7,1020.4,548.3,0.3495,Fernanda Lima,Aplicativo,PIX,Concluída,5
VND-001106,2024-10-27,Outubro,Domingo,Sul,Rio Grande do Sul,Pelotas,Informática,Mouse Sem Fio,2,60.61,0.0486,121.22,5.89,115.33,56.42,58.91,0.5108,Beatriz Santos,Site,PIX,Concluída,4
VND-001107,2024-10-27,Outubro,Domingo,Sul,Rio Grande do Sul,Pelotas,Vestuário,Blusa de Frio,2,120.81,0.0812,241.62,19.62,222,96.56,125.44,0.565,Juliana Rocha,Marketplace,Boleto,Concluída,4
VND-001108,2024-10-28,Outubro,Segunda-feira,Sul,Santa Catarina,Joinville,Acessórios,Óculos de Sol,5,186.28,0.0617,931.4,57.47,873.93,299.9,574.03,0.6568,Patrícia Gomes,Site,Cartão de Crédito,Concluída,3
VND-001109,2024-10-29,Outubro,Terça-feira,Sudeste,São Paulo,Campinas,Escritório,Papel A4 (pacote),2,24.9,0.0312,49.8,1.55,48.25,30.48,17.77,0.3683,Fernanda Lima,Aplicativo,Cartão de Crédito,Concluída,4
VND-001110,2024-10-29,Outubro,Terça-feira,Nordeste,Bahia,Feira de Santana,Informática,Mouse Sem Fio,6,59.92,0.0539,359.52,19.38,340.14,151.38,188.76,0.5549,Fernanda Lima,Site,Cartão de Débito,Devolvida,1
VND-001111,2024-10-29,Outubro,Terça-feira,Centro-Oeste,Mato Grosso do Sul,Dourados,Esportes,Garrafa Térmica Esportiva,5,70.18,0.0985,350.9,34.56,316.34,129.4,186.94,0.5909,Ana Souza,Loja Física,Cartão de Débito,Concluída,4
VND-001112,2024-10-30,Outubro,Quarta-feira,Nordeste,Pernambuco,Caruaru,Vestuário,Vestido Casual,5,142.06,0.0949,710.3,67.41,642.89,290.4,352.49,0.5483,Ana Souza,Marketplace,Cartão de Crédito,Concluída,4
VND-001113,2024-10-30,Outubro,Quarta-feira,Sudeste,São Paulo,Sorocaba,Casa,Air Fryer,2,357.17,0.0974,714.34,69.58,644.76,385.78,258.98,0.4017,Bruno Alves,Aplicativo,Cartão de Débito,Devolvida,2
VND-001114,2024-10-30,Outubro,Quarta-feira,Sudeste,Minas Gerais,Uberlândia,Vestuário,Jaqueta Corta-Vento,3,208.47,0.0664,625.41,41.53,583.88,317.88,266,0.4556,Bruno Alves,Loja Física,PIX,Concluída,4
VND-001115,2024-10-30,Outubro,Quarta-feira,Sudeste,Espírito Santo,Vitória,Eletrônicos,Smartphone X200,1,1781.49,0.0701,1781.49,124.88,1656.61,1275.73,380.88,0.2299,Ana Souza,Loja Física,PIX,Concluída,5
VND-001116,2024-10-30,Outubro,Quarta-feira,Nordeste,Ceará,Sobral,Informática,Mouse Sem Fio,2,62.87,0.043,125.74,5.41,120.33,59.34,60.99,0.5069,Patrícia Gomes,Loja Física,Cartão de Crédito,Concluída,3
VND-001117,2024-10-30,Outubro,Quarta-feira,Nordeste,Ceará,Fortaleza,Acessórios,Óculos de Sol,5,188.92,0.0866,944.6,81.8,862.8,308.6,554.2,0.6423,Bruno Alves,Loja Física,PIX,Em processamento,
VND-001118,2024-10-30,Outubro,Quarta-feira,Norte,Pará,Belém,Esportes,Garrafa Térmica Esportiva,6,73.25,0.027,439.5,11.87,427.63,161.04,266.59,0.6234,Marcos Oliveira,Site,Cartão de Crédito,Devolvida,2
VND-001119,2024-10-30,Outubro,Quarta-feira,Sudeste,Minas Gerais,Uberlândia,Acessórios,Óculos de Sol,1,184.2,0.08,184.2,14.74,169.46,60.19,109.27,0.6448,Fernanda Lima,Site,PIX,Concluída,2
VND-001120,2024-10-31,Outubro,Quinta-feira,Norte,Pará,Ananindeua,Vestuário,Calça Jeans,2,130.12,0.0643,260.24,16.73,243.51,104.08,139.43,0.5726,Rafael Costa,Marketplace,Cartão de Crédito,Cancelada,
VND-001121,2024-10-31,Outubro,Quinta-feira,Sudeste,Minas Gerais,Belo Horizonte,Casa,Liquidificador,3,181.71,0.1268,545.13,69.12,476.01,266.88,209.13,0.4393,Fernanda Lima,Aplicativo,Cartão de Crédito,Concluída,5
VND-001122,2024-10-31,Outubro,Quinta-feira,Nordeste,Ceará,Fortaleza,Informática,Pen Drive 64GB,6,42.18,0.157,253.08,39.73,213.35,121.44,91.91,0.4308,Fernanda Lima,Marketplace,PIX,Concluída,3
VND-001123,2024-11-01,Novembro,Sexta-feira,Sudeste,São Paulo,São Paulo,Casa,Aspirador de Pó,3,394.54,0.0433,1183.62,51.25,1132.37,667.8,464.57,0.4103,Ana Souza,Aplicativo,PIX,Concluída,5
VND-001124,2024-11-01,Novembro,Sexta-feira,Sudeste,Espírito Santo,Vitória,Escritório,Papel A4 (pacote),1,25.73,0.0547,25.73,1.41,24.32,15.95,8.37,0.3442,Beatriz Santos,Aplicativo,Cartão de Crédito,Concluída,5
VND-001125,2024-11-01,Novembro,Sexta-feira,Sudeste,Espírito Santo,Vila Velha,Esportes,Bola de Futebol,2,87.72,0.0365,175.44,6.4,169.04,74.2,94.84,0.5611,Fernanda Lima,Aplicativo,Cartão de Débito,Concluída,3
VND-001126,2024-11-01,Novembro,Sexta-feira,Sul,Paraná,Maringá,Eletrônicos,Smartwatch,2,446.85,0.0221,893.7,19.75,873.95,526.16,347.79,0.398,Rafael Costa,Site,Cartão de Crédito,Concluída,3
VND-001127,2024-11-02,Novembro,Sábado,Sudeste,Espírito Santo,Vitória,Esportes,Tênis de Corrida,4,323.82,0.1889,1295.28,244.68,1050.6,614.76,435.84,0.4148,Juliana Rocha,Site,Cartão de Crédito,Concluída,3
VND-001128,2024-11-02,Novembro,Sábado,Sudeste,Rio de Janeiro,Niterói,Vestuário,Camiseta Básica,8,56.44,0.112,451.52,50.57,400.95,149.68,251.27,0.6267,Rafael Costa,Aplicativo,Cartão de Débito,Concluída,5
VND-001129,2024-11-02,Novembro,Sábado,Sudeste,Espírito Santo,Vila Velha,Eletrônicos,Caixa de Som Portátil,2,208.09,0.0181,416.18,7.53,408.65,240.16,168.49,0.4123,Rafael Costa,Marketplace,PIX,Devolvida,3
VND-001130,2024-11-02,Novembro,Sábado,Sudeste,São Paulo,São Paulo,Informática,Pen Drive 64GB,14,40.51,0.0785,567.14,44.52,522.62,294.98,227.64,0.4356,Lucas Martins,Site,Cartão de Crédito,Concluída,3
VND-001131,2024-11-02,Novembro,Sábado,Sudeste,Minas Gerais,Contagem,Eletrônicos,Caixa de Som Portátil,3,221.24,0.1181,663.72,78.39,585.33,398.16,187.17,0.3198,Rafael Costa,Aplicativo,Cartão de Crédito,Concluída,3
VND-001132,2024-11-02,Novembro,Sábado,Sul,Paraná,Curitiba,Eletrônicos,Fone Bluetooth,3,146.72,0.1182,440.16,52.03,388.13,229.86,158.27,0.4078,Bruno Alves,Marketplace,Cartão de Crédito,Concluída,3
VND-001133,2024-11-02,Novembro,Sábado,Centro-Oeste,Distrito Federal,Brasília,Informática,Mouse Sem Fio,2,61.3,0.1506,122.6,18.46,104.14,57.72,46.42,0.4457,Carlos Pereira,Marketplace,PIX,Concluída,4
VND-001134,2024-11-03,Novembro,Domingo,Sul,Paraná,Curitiba,Eletrônicos,Caixa de Som Portátil,1,225.21,0.048,225.21,10.81,214.4,133.71,80.69,0.3764,Juliana Rocha,Marketplace,PIX,Concluída,5
VND-001135,2024-11-03,Novembro,Domingo,Sul,Rio Grande do Sul,Pelotas,Eletrônicos,Fone Bluetooth,2,153.39,0.0956,306.78,29.33,277.45,177.48,99.97,0.3603,Fernanda Lima,Marketplace,Cartão de Débito,Concluída,4
VND-001136,2024-11-03,Novembro,Domingo,Sul,Santa Catarina,Florianópolis,Acessórios,Cinto de Couro,1,89.41,0.0173,89.41,1.55,87.86,33.17,54.69,0.6225,Camila Ferreira,Loja Física,Cartão de Crédito,Concluída,4
VND-001137,2024-11-03,Novembro,Domingo,Centro-Oeste,Mato Grosso,Várzea Grande,Eletrônicos,Smartphone X200,2,1723.1,0.0218,3446.2,75.13,3371.07,2493.14,877.93,0.2604,Marcos Oliveira,Site,Boleto,Concluída,5
VND-001138,2024-11-03,Novembro,Domingo,Sudeste,São Paulo,Sorocaba,Vestuário,Blusa de Frio,8,121.91,0.0501,975.28,48.86,926.42,417.04,509.38,0.5498,Fernanda Lima,Loja Física,PIX,Concluída,3
VND-001139,2024-11-04,Novembro,Segunda-feira,Norte,Rondônia,Ji-Paraná,  Casa  ,Panela Elétrica de Arroz,1,219.39,0.0455,219.39,9.98,209.41,112.79,96.62,0.4614,Ana Souza,Telefone,Boleto,Concluída,4
VND-001140,2024-11-05,Novembro,Terça-feira,Sudeste,São Paulo,Campinas,Acessórios,Carteira de Couro,7,141.45,0.0618,990.15,61.19,928.96,363.16,565.8,0.6091,Lucas Martins,Marketplace,PIX,Cancelada,
VND-001141,2024-11-05,Novembro,Terça-feira,Sudeste,Minas Gerais,Uberlândia,Acessórios,Relógio Analógico,1,359.88,0.124,359.88,44.63,315.25,150.27,164.98,0.5233,Diego Ribeiro,Loja Física,Cartão de Crédito,Concluída,4
VND-001142,2024-11-05,Novembro,Terça-feira,Sul,Santa Catarina,Joinville,Casa,Air Fryer,1,346.96,0.0706,346.96,24.5,322.46,195.07,127.39,0.3951,Carlos Pereira,Site,Cartão de Crédito,Concluída,4
VND-001143,2024-11-05,Novembro,Terça-feira,Sudeste,Espírito Santo,Vitória,Casa,Aspirador de Pó,5,401.07,0.0752,2005.35,150.8,1854.55,1141.5,713.05,0.3845,Fernanda Lima,Marketplace,PIX,Concluída,4
VND-001144,2024-11-05,Novembro,Terça-feira,Sudeste,Rio de Janeiro,Rio de Janeiro,Vestuário,Jaqueta Corta-Vento,1,221.18,0.0497,221.18,10.99,210.19,111.42,98.77,0.4699,Marcos Oliveira,Site,PIX,Concluída,3
VND-001145,2024-11-05,Novembro,Terça-feira,Sudeste,Rio de Janeiro,Niterói,Esportes,Tênis de Corrida,5,300.52,0.0749,1502.6,112.54,1390.06,778.55,611.51,0.4399,Diego Ribeiro,Loja Física,Cartão de Crédito,Concluída,4
VND-001146,2024-11-06,Novembro,Quarta-feira,Sudeste,São Paulo,Campinas,Eletrônicos,Fone Bluetooth,3,159.6,0.126,478.8,60.33,418.47,252.06,166.41,0.3977,Diego Ribeiro,Marketplace,Boleto,Concluída,5
VND-001147,2024-11-06,Novembro,Quarta-feira,Sudeste,Espírito Santo,Vila Velha,Esportes,Garrafa Térmica Esportiva,8,69.89,0.1015,559.12,56.75,502.37,196.4,305.97,0.6091,Diego Ribeiro,Aplicativo,PIX,Devolvida,2
VND-001148,2024-11-06,Novembro,Quarta-feira,Sudeste,São Paulo,São Paulo,Escritório,Kit Canetas Executivas,2,88.61,0.0435,177.22,7.71,169.51,60.04,109.47,0.6458,Juliana Rocha,Site,PIX,Concluída,3
VND-001149,2024-11-06,Novembro,Quarta-feira,Centro-Oeste,Mato Grosso do Sul,Campo Grande,Casa,Panela Elétrica de Arroz,2,224.09,0.0455,448.18,20.39,427.79,223.58,204.21,0.4774,Fernanda Lima,Aplicativo,Cartão de Débito,Concluída,4
VND-001150,2024-11-06,Novembro,Quarta-feira,Sul,Paraná,Londrina,Acessórios,Carteira de Couro,4,136.08,0.0384,544.32,20.9,523.42,201.64,321.78,0.6148,Rafael Costa,Loja Física,Dinheiro,Concluída,4
VND-001151,2024-11-06,Novembro,Quarta-feira,Norte,Rondônia,Porto Velho,Vestuário,Vestido Casual,1,154.11,0.0673,154.11,10.37,143.74,65.96,77.78,0.5411,Bruno Alves,Marketplace,Cartão de Crédito,Concluída,3
VND-001152,2024-11-06,Novembro,Quarta-feira,Sudeste,São Paulo,São Paulo,Acessórios,Óculos de Sol,1,173.42,0.141,173.42,24.45,148.97,65.15,83.82,0.5627,Marcos Oliveira,Site,Cartão de Crédito,Concluída,4
VND-001153,2024-11-06,Novembro,Quarta-feira,Nordeste,Ceará,Sobral,Eletrônicos,Smartphone X200,1,1679.55,0.0437,1679.55,73.4,1606.15,1212.28,393.87,0.2452,Fernanda Lima,Loja Física,Cartão de Débito,Devolvida,3
VND-001154,2024-11-06,Novembro,Quarta-feira,Nordeste,Pernambuco,Caruaru,Vestuário,Vestido Casual,1,143.4,0.0839,143.4,12.03,131.37,57.44,73.93,0.5628,Rafael Costa,Loja Física,Cartão de Crédito,Concluída,4
VND-001155,2024-11-06,Novembro,Quarta-feira,Sudeste,Espírito Santo,Vila Velha,Acessórios,Mochila Executiva,4,224.11,0.0539,896.44,48.32,848.12,377.68,470.44,0.5547,Camila Ferreira,Marketplace,cartão de crédito,Devolvida,3
VND-001156,2024-11-06,Novembro,Quarta-feira,Sudeste,Espírito Santo,Vila Velha,Esportes,Bicicleta Aro 29,1,1234.63,0.0974,1234.63,120.25,1114.38,867.95,246.43,0.2211,Fernanda Lima,Loja Física,PIX,Concluída,2
VND-001157,2024-11-07,Novembro,Quinta-feira,Norte,Amazonas,Manaus,Informática,HD Externo 1TB,1,311.51,0.0286,311.51,8.91,302.6,184.85,117.75,0.3891,Ana Souza,Loja Física,Cartão de Crédito,Devolvida,2
VND-001158,2024-11-07,Novembro,Quinta-feira,Norte,Rondônia,Ji-Paraná,Eletrônicos,Smartphone X200,2,1802.51,0.0826,3605.02,297.77,3307.25,2418.6,888.65,0.2687,Rafael Costa,Site,PIX,Concluída,4
VND-001159,2024-11-07,Novembro,Quinta-feira,Nordeste,Paraíba,João Pessoa,Eletrônicos,Caixa de Som Portátil,1,220.3,0.044,220.3,9.69,210.61,131.95,78.66,0.3735,Ana Souza,Site,Cartão de Crédito,Concluída,3
VND-001160,2024-11-07,Novembro,Quinta-feira,Sudeste,São Paulo,São Paulo,Eletrônicos,Fone Bluetooth,5,151.71,0.0791,758.55,60,698.55,412.35,286.2,0.4097,Fernanda Lima,Telefone,Cartão de Crédito,Concluída,4
VND-001161,2024-11-08,Novembro,Sexta-feira,Sul,Paraná,Maringá,Esportes,Kit Halteres 10kg,4,173.94,0.1049,695.76,72.99,622.77,395.36,227.41,0.3652,Juliana Rocha,Loja Física,Dinheiro,Concluída,4
VND-001162,2024-11-08,Novembro,Sexta-feira,Sudeste,Espírito Santo,Vila Velha,Vestuário,Jaqueta Corta-Vento,1,220.03,0.0041,220.03,0.9,219.13,107.51,111.62,0.5094,Fernanda Lima,Site,PIX,Concluída,3
VND-001163,2024-11-08,Novembro,Sexta-feira,Sudeste,São Paulo,Santos,Informática,Pen Drive 64GB,3,40.46,0.0599,121.38,7.27,114.11,61.05,53.06,0.465,Camila Ferreira,Site,Cartão de Crédito,Cancelada,
VND-001164,2024-11-08,Novembro,Sexta-feira,Sudeste,Minas Gerais,Contagem,Escritório,Organizador de Mesa,8,46.84,0.0607,374.72,22.75,351.97,157.2,194.77,0.5534,Marcos Oliveira,Loja Física,Cartão de Débito,Concluída,4
VND-001165,2024-11-08,Novembro,Sexta-feira,Centro-Oeste,Mato Grosso do Sul,Campo Grande,Acessórios,Cinto de Couro,4,90.41,0.0437,361.64,15.8,345.84,126.04,219.8,0.6356,Juliana Rocha,Aplicativo,Cartão de Crédito,Concluída,4
VND-001166,2024-11-08,Novembro,Sexta-feira,Nordeste,Ceará,Fortaleza,Esportes,Garrafa Térmica Esportiva,1,71.56,0.0601,71.56,4.3,67.26,25.35,41.91,0.6231,Rafael Costa,Marketplace,PIX,Concluída,3
VND-001167,2024-11-08,Novembro,Sexta-feira,Sudeste,Rio de Janeiro,Duque de Caxias,Informática,Notebook Pro 15,1,3217.05,0.082,3217.05,263.8,2953.25,2473.66,479.59,0.1624,Patrícia Gomes,Aplicativo,Cartão de Débito,Concluída,5
VND-001168,2024-11-08,Novembro,Sexta-feira,Sudeste,Minas Gerais,Uberlândia,Vestuário,Camiseta Básica,6,52.83,0.086,316.98,27.26,289.72,105.78,183.94,0.6349,Ana Souza,Loja Física,PIX,Concluída,4
VND-001169,2024-11-08,Novembro,Sexta-feira,Sul,Rio Grande do Sul,Pelotas,Vestuário,Camiseta Básica,1,56.79,0.0354,56.79,2.01,54.78,20.41,34.37,0.6274,Ana Souza,Telefone,Boleto,Concluída,4
VND-001170,2024-11-08,Novembro,Sexta-feira,Centro-Oeste,Distrito Federal,Brasília,Acessórios,Mochila Executiva,5,219.75,0.0249,1098.75,27.36,1071.39,435,636.39,0.594,Rafael Costa,Loja Física,Cartão de Crédito,Concluída,4
VND-001171,2024-11-09,Novembro,Sábado,Nordeste,Pernambuco,Caruaru,Casa,Jogo de Cama Queen,2,162.82,0.0839,325.64,27.32,298.32,135.58,162.74,0.5455,Marcos Oliveira,Loja Física,Cartão de Crédito,Concluída,5
VND-001172,2024-11-09,Novembro,Sábado,Nordeste,Bahia,Feira de Santana,Eletrônicos,Fone Bluetooth,8,149.52,0.0816,1196.16,97.61,1098.55,676.32,422.23,0.3844,Fernanda Lima,Loja Física,Dinheiro,Concluída,3
VND-001173,2024-11-09,Novembro,Sábado,Sudeste,São Paulo,Sorocaba,Acessórios,Mochila Executiva,2,213.34,0.0958,426.68,40.88,385.8,169.22,216.58,0.5614,Fernanda Lima,Aplicativo,Cartão de Crédito,Concluída,3
VND-001174,2024-11-09,Novembro,Sábado,Sudeste,Rio de Janeiro,Niterói,Eletrônicos,Smartwatch,1,482.1,0.0629,482.1,30.32,451.78,301.21,150.57,0.3333,Juliana Rocha,Site,Cartão de Crédito,Concluída,4
VND-001175,2024-11-09,Novembro,Sábado,Centro-Oeste,Goiás,Goiânia,Vestuário,Calça Jeans,1,126.17,0.138,126.17,17.41,108.76,50.03,58.73,0.54,Rafael Costa,Site,PIX,Concluída,5
VND-001176,2024-11-09,Novembro,Sábado,Nordeste,Bahia,Feira de Santana,Acessórios,Óculos de Sol,3,185.2,0.0094,555.6,5.22,550.38,178.8,371.58,0.6751,Juliana Rocha,Site,PIX,Concluída,5
VND-001177,2024-11-09,Novembro,Sábado,Sudeste,São Paulo,São Paulo,Casa,Air Fryer,5,342.23,0.0832,1711.15,142.37,1568.78,923.45,645.33,0.4114,Beatriz Santos,Site,Cartão de Crédito,Concluída,4
VND-001178,2024-11-10,Novembro,Domingo,Nordeste,Ceará,Fortaleza,Esportes,Kit Halteres 10kg,2,174.46,0.0194,348.92,6.77,342.15,187.28,154.87,0.4526,Bruno Alves,Loja Física,Cartão de Crédito,Concluída,5
VND-001179,2024-11-10,Novembro,Domingo,Sudeste,São Paulo,Sorocaba,Vestuário,Calça Jeans,2,129.21,0.0419,258.42,10.83,247.59,114.02,133.57,0.5395,Fernanda Lima,Aplicativo,Cartão de Crédito,Concluída,4
VND-001180,2024-11-10,Novembro,Domingo,Sudeste,Rio de Janeiro,Niterói,Vestuário,Blusa de Frio,2,123.72,0.0504,247.44,12.47,234.97,92.18,142.79,0.6077,Juliana Rocha,Site,Cartão de Crédito,Concluída,2
VND-001181,2024-11-10,Novembro,Domingo,Sudeste,São Paulo,São Paulo,Acessórios,Cinto de Couro,1,88.68,0.0079,88.68,0.7,87.98,30.15,57.83,0.6573,Lucas Martins,Marketplace,Cartão de Crédito,Concluída,4
VND-001182,2024-11-10,Novembro,Domingo,Sul,Paraná,Londrina,Vestuário,Vestido Casual,1,150.33,0.0167,150.33,2.51,147.82,55.89,91.93,0.6219,Lucas Martins,Loja Física,Cartão de Débito,Cancelada,
VND-001183,2024-11-10,Novembro,Domingo,Sudeste,Rio de Janeiro,Duque de Caxias,Informática,Pen Drive 64GB,7,40.43,0.0878,283.01,24.85,258.16,145.88,112.28,0.4349,Patrícia Gomes,Site,Cartão de Crédito,Concluída,5
VND-001184,2024-11-11,Novembro,Segunda-feira,Centro-Oeste,Mato Grosso,Várzea Grande,Casa,Jogo de Cama Queen,3,159.34,0.0855,478.02,40.87,437.15,211.56,225.59,0.516,Juliana Rocha,Aplicativo,Cartão de Crédito,Concluída,3
VND-001185,2024-11-11,Novembro,Segunda-feira,Centro-Oeste,Distrito Federal,Brasília,Escritório,Cadeira de Escritório,4,577.46,0.1298,2309.84,299.82,2010.02,1422.92,587.1,0.2921,Camila Ferreira,Aplicativo,PIX,Concluída,4
VND-001186,2024-11-11,Novembro,Segunda-feira,Nordeste,Ceará,Sobral,Acessórios,Carteira de Couro,1,136.37,0.1102,136.37,15.03,121.34,49.37,71.97,0.5931,Rafael Costa,Marketplace,PIX,Concluída,4
VND-001187,2024-11-11,Novembro,Segunda-feira,Sudeste,São Paulo,São Paulo,Vestuário,Jaqueta Corta-Vento,4,218.19,0.0644,872.76,56.21,816.55,419.48,397.07,0.4863,Camila Ferreira,Aplicativo,PIX,Concluída,5
VND-001188,2024-11-11,Novembro,Segunda-feira,Sudeste,São Paulo,Sorocaba,Esportes,Tênis de Corrida,5,317.41,0.0935,1587.05,148.39,1438.66,828.35,610.31,0.4242,Camila Ferreira,Telefone,Boleto,Em processamento,
VND-001189,2024-11-11,Novembro,Segunda-feira,Sul,Rio Grande do Sul,Pelotas,Informática,Mouse Sem Fio,1,60.23,0.0569,60.23,3.43,56.8,27.84,28.96,0.5099,Rafael Costa,Loja Física,Dinheiro,Concluída,4
VND-001190,2024-11-12,Novembro,Terça-feira,Sudeste,Minas Gerais,Belo Horizonte,Escritório,Organizador de Mesa,6,43.36,0.1334,260.16,34.71,225.45,102.18,123.27,0.5468,Camila Ferreira,Aplicativo,PIX,Concluída,4
VND-001191,2024-11-12,Novembro,Terça-feira,Sul,Rio Grande do Sul,Pelotas,Casa,Air Fryer,1,349.5,0.0674,349.5,23.56,325.94,184.42,141.52,0.4342,Juliana Rocha,Loja Física,Dinheiro,Concluída,5
VND-001192,2024-11-12,Novembro,Terça-feira,Sudeste,Minas Gerais,Uberlândia,Informática,Pen Drive 64GB,6,41.05,0.1397,246.3,34.41,211.89,122.1,89.79,0.4238,Juliana Rocha,Site,Cartão de Crédito,Concluída,5
VND-001193,2024-11-12,Novembro,Terça-feira,Sul,Santa Catarina,Blumenau,Informática,Mouse Sem Fio,4,59.74,0.1535,238.96,36.68,202.28,108.32,93.96,0.4645,Beatriz Santos,Marketplace,PIX,Concluída,5
VND-001194,2024-11-12,Novembro,Terça-feira,Sudeste,Minas Gerais,Contagem,Informática,Monitor 24,1,755.32,0.0308,755.32,23.26,732.06,468.36,263.7,0.3602,Ana Souza,Loja Física,PIX,Concluída,3
VND-001195,2024-11-12,Novembro,Terça-feira,Sul,Rio Grande do Sul,Caxias do Sul,Escritório,Papel A4 (pacote),2,25.3,0.1062,50.6,5.37,45.23,29.28,15.95,0.3526,Patrícia Gomes,Aplicativo,PIX,Concluída,4
VND-001196,2024-11-12,Novembro,Terça-feira,Sudeste,Minas Gerais,Contagem,Vestuário,Jaqueta Corta-Vento,2,229.25,0.07,458.5,32.1,426.4,217.98,208.42,0.4888,Ana Souza,Site,PIX,Concluída,5
VND-001197,2024-11-13,Novembro,Quarta-feira,Sul,Rio Grande do Sul,Pelotas,Escritório,Organizador de Mesa,2,46.89,0.0563,93.78,5.28,88.5,39.72,48.78,0.5512,Ana Souza,Site,Cartão de Crédito,Concluída,4
VND-001198,2024-11-13,Novembro,Quarta-feira,Sudeste,Minas Gerais,Uberlândia,Esportes,Kit Halteres 10kg,5,173.3,0.0808,866.5,70.01,796.49,502.15,294.34,0.3695,Rafael Costa,Loja Física,Dinheiro,Concluída,5
VND-001199,2024-11-13,Novembro,Quarta-feira,Centro-Oeste,Mato Grosso do Sul,Campo Grande,Casa,Liquidificador,5,188.39,0.0701,941.95,66.03,875.92,489.4,386.52,0.4413,Camila Ferreira,Site,PIX,Devolvida,3
VND-001200,2024-11-13,Novembro,Quarta-feira,Sul,Rio Grande do Sul,Caxias do Sul,Escritório,Organizador de Mesa,2,42.76,0.0742,85.52,6.35,79.17,32,47.17,0.5958,Diego Ribeiro,Loja Física,Cartão de Crédito,Devolvida,2
VND-001201,2024-11-13,Novembro,Quarta-feira,Centro-Oeste,Mato Grosso do Sul,Campo Grande,Vestuário,Vestido Casual,2,146.86,0.1062,293.72,31.19,262.53,117.78,144.75,0.5514,Beatriz Santos,Marketplace,Boleto,Concluída,3
VND-001202,2024-11-13,Novembro,Quarta-feira,Nordeste,Ceará,Sobral,Esportes,Tênis de Corrida,2,322.51,0.012,645.02,7.74,637.28,315.54,321.74,0.5049,Fernanda Lima,Site,Cartão de Crédito,Concluída,4
VND-001203,2024-11-14,Novembro,Quinta-feira,Sudeste,Espírito Santo,Vitória,Casa,Liquidificador,5,174.78,0.0797,873.9,69.65,804.25,423.7,380.55,0.4732,Ana Souza,Loja Física,Cartão de Crédito,Concluída,4
VND-001204,2024-11-14,Novembro,Quinta-feira,Sudeste,Espírito Santo,Vila Velha,Informática,Mouse Sem Fio,2,57.25,0.1102,114.5,12.62,101.88,52.86,49.02,0.4812,Juliana Rocha,Aplicativo,PIX,Concluída,3
VND-001205,2024-11-14,Novembro,Quinta-feira,Centro-Oeste,Goiás,Goiânia,Esportes,Kit Halteres 10kg,5,174.03,0.0949,870.15,82.58,787.57,488.55,299.02,0.3797,Fernanda Lima,Site,Cartão de Crédito,Concluída,3
VND-001206,2024-11-14,Novembro,Quinta-feira,Sudeste,Minas Gerais,Belo Horizonte,Eletrônicos,Caixa de Som Portátil,2,227.15,0.0384,454.3,17.45,436.85,267.22,169.63,0.3883,Camila Ferreira,Site,Cartão de Crédito,Cancelada,
VND-001207,2024-11-14,Novembro,Quinta-feira,Nordeste,Pernambuco,Olinda,Escritório,Papel A4 (pacote),5,24.94,0.1084,124.7,13.52,111.18,74.65,36.53,0.3286,Carlos Pereira,Marketplace,PIX,Concluída,4
VND-001208,2024-11-14,Novembro,Quinta-feira,Nordeste,Pernambuco,Caruaru,Eletrônicos,Fone Bluetooth,4,146.18,0.0419,584.72,24.5,560.22,319.8,240.42,0.4292,Rafael Costa,Site,PIX,Concluída,5
VND-001209,2024-11-15,Novembro,Sexta-feira,Sul,Santa Catarina,Joinville,Informática,Pen Drive 64GB,12,40.35,0.1435,484.2,69.48,414.72,230.88,183.84,0.4433,Ana Souza,Telefone,Boleto,Cancelada,
VND-001210,2024-11-15,Novembro,Sexta-feira,Nordeste,Ceará,Fortaleza,Casa,Panela Elétrica de Arroz,3,222.23,0.0303,666.69,20.2,646.49,338.07,308.42,0.4771,Rafael Costa,Site,PIX,Concluída,4
VND-001211,2024-11-15,Novembro,Sexta-feira,Norte,Pará,Ananindeua,Informática,Mouse Sem Fio,2,58.3,0.0678,116.6,7.91,108.69,55.38,53.31,0.4905,Fernanda Lima,Site,Cartão de Crédito,Concluída,4
VND-001212,2024-11-15,Novembro,Sexta-feira,Centro-Oeste,Distrito Federal,Brasília,Vestuário,Vestido Casual,2,142.84,0.0995,285.68,28.43,257.25,121.44,135.81,0.5279,Marcos Oliveira,Site,PIX,Concluída,5
VND-001213,2024-11-16,Novembro,Sábado,Sudeste,Rio de Janeiro,Duque de Caxias,Esportes,Garrafa Térmica Esportiva,5,68.51,0.0338,342.55,11.58,330.97,138.9,192.07,0.5803,Rafael Costa,Aplicativo,Cartão de Crédito,Concluída,5
VND-001214,2024-11-16,Novembro,Sábado,Centro-Oeste,Goiás,Goiânia,Vestuário,Jaqueta Corta-Vento,2,222.63,0.0156,445.26,6.95,438.31,200.88,237.43,0.5417,Marcos Oliveira,Loja Física,Dinheiro,Concluída,4
VND-001215,2024-11-16,Novembro,Sábado,Sudeste,Minas Gerais,Contagem,Informática,Pen Drive 64GB,1,42.16,0.0053,42.16,0.22,41.94,21.35,20.59,0.4909,Bruno Alves,Site,Cartão de Crédito,Concluída,4
VND-001216,2024-11-16,Novembro,Sábado,Sudeste,Minas Gerais,Contagem,Escritório,Mesa para Computador,4,493.51,0.0653,1974.04,128.9,1845.14,1142.4,702.74,0.3809,Juliana Rocha,Site,PIX,Concluída,4
VND-001217,2024-11-16,Novembro,Sábado,Sul,Santa Catarina,Florianópolis,Vestuário,Blusa de Frio,2,126.03,0.0355,252.06,8.95,243.11,98.34,144.77,0.5955,Fernanda Lima,Telefone,Cartão de Crédito,Concluída,4
VND-001218,2024-11-16,Novembro,Sábado,Norte,Amazonas,Manaus,Informática,Pen Drive 64GB,4,40.87,0.0081,163.48,1.32,162.16,77.64,84.52,0.5212,Camila Ferreira,Site,PIX,Concluída,4
VND-001219,2024-11-16,Novembro,Sábado,Nordeste,Pernambuco,Olinda,Informática,Pen Drive 64GB,2,41.55,0.0606,83.1,5.04,78.06,40.82,37.24,0.4771,Lucas Martins,Loja Física,PIX,Concluída,4
VND-001220,2024-11-17,Novembro,Domingo,Sul,Paraná,Londrina,Acessórios,Cinto de Couro,2,89.94,0.0342,179.88,6.15,173.73,59.02,114.71,0.6603,Camila Ferreira,Loja Física,Dinheiro,Concluída,2
VND-001221,2024-11-17,Novembro,Domingo,Nordeste,Ceará,Fortaleza,Esportes,Garrafa Térmica Esportiva,5,69.74,0.0401,348.7,13.98,334.72,129.7,205.02,0.6125,Lucas Martins,Site,PIX,Em processamento,
VND-001222,2024-11-17,Novembro,Domingo,Sudeste,Minas Gerais,Uberlândia,Vestuário,Calça Jeans,7,132.13,0.0612,924.91,56.6,868.31,402.22,466.09,0.5368,Rafael Costa,Aplicativo,Cartão de Crédito,Concluída,3
VND-001223,2024-11-17,Novembro,Domingo,Sudeste,Espírito Santo,Vitória,Vestuário,Jaqueta Corta-Vento,1,230.32,0.0888,230.32,20.45,209.87,109.13,100.74,0.48,Camila Ferreira,Marketplace,Cartão de Crédito,Em processamento,
VND-001224,2024-11-18,Novembro,Segunda-feira,Nordeste,Paraíba,Campina Grande,Casa,Jogo de Cama Queen,2,162.52,0.089,325.04,28.93,296.11,128.82,167.29,0.565,Marcos Oliveira,Aplicativo,PIX,Concluída,4
VND-001225,2024-11-18,Novembro,Segunda-feira,Centro-Oeste,Distrito Federal,Brasília,Vestuário,Blusa de Frio,5,122.36,0.0548,611.8,33.53,578.27,246.65,331.62,0.5735,Ana Souza,Marketplace,PIX,Concluída,4
VND-001226,2024-11-18,Novembro,Segunda-feira,Sul,Santa Catarina,Florianópolis,Informática,Mouse Sem Fio,2,62.99,0.063,125.98,7.94,118.04,58.56,59.48,0.5039,Fernanda Lima,Aplicativo,Cartão de Crédito,Concluída,5
VND-001227,2024-11-18,Novembro,Segunda-feira,Sul,Rio Grande do Sul,Caxias do Sul,Escritório,Organizador de Mesa,11,43.64,0.0802,480.04,38.5,441.54,194.15,247.39,0.5603,Marcos Oliveira,Site,PIX,Concluída,3
VND-001228,2024-11-18,Novembro,Segunda-feira,Sudeste,Espírito Santo,Vila Velha,Eletrônicos,Smartwatch,4,423.87,0.1389,1695.48,235.5,1459.98,1004.84,455.14,0.3117,Camila Ferreira,Loja Física,Cartão de Crédito,Concluída,5
VND-001229,2024-11-18,Novembro,Segunda-feira,Norte,Pará,Ananindeua,Casa,Liquidificador,1,180.63,0.0793,180.63,14.32,166.31,94.57,71.74,0.4314,Ana Souza,Marketplace,Cartão de Crédito,Concluída,3
VND-001230,2024-11-18,Novembro,Segunda-feira,Sul,Rio Grande do Sul,Porto Alegre,Esportes,Bola de Futebol,3,91.5,0.1641,274.5,45.05,229.45,111.33,118.12,0.5148,Patrícia Gomes,Marketplace,Cartão de Crédito,Concluída,5
VND-001231,2024-11-18,Novembro,Segunda-feira,Centro-Oeste,Goiás,Anápolis,Esportes,Garrafa Térmica Esportiva,1,71.18,0.0174,71.18,1.24,69.94,25.58,44.36,0.6343,Lucas Martins,Aplicativo,PIX,Concluída,4
VND-001232,2024-11-18,Novembro,Segunda-feira,Nordeste,Pernambuco,Caruaru,Acessórios,Carteira de Couro,1,144.89,0.0566,144.89,8.2,136.69,58.53,78.16,0.5718,Ana Souza,Aplicativo,PIX,Concluída,3
VND-001233,2024-11-18,Novembro,Segunda-feira,Norte,Pará,Belém,Escritório,Kit Canetas Executivas,1,84.37,0.122,84.37,10.29,74.08,30.23,43.85,0.5919,Bruno Alves,Marketplace,Cartão de Crédito,Concluída,4
VND-001234,2024-11-18,Novembro,Segunda-feira,Sul,Rio Grande do Sul,Pelotas,Esportes,Tênis de Corrida,5,308.17,0.1297,1540.85,199.85,1341,799.95,541.05,0.4035,Lucas Martins,Aplicativo,PIX,Concluída,4
VND-001235,2024-11-19,Novembro,Terça-feira,Nordeste,Paraíba,Campina Grande,Informática,Monitor 24,2,752.2,0.0766,1504.4,115.24,1389.16,1016.86,372.3,0.268,Rafael Costa,Site,PIX,Concluída,3
VND-001236,2024-11-19,Novembro,Terça-feira,Sul,Santa Catarina,Blumenau,Vestuário,Vestido Casual,4,157.82,0.0768,631.28,48.48,582.8,258.48,324.32,0.5565,Juliana Rocha,Site,Cartão de Crédito,Concluída,4
VND-001237,2024-11-19,Novembro,Terça-feira,Sudeste,Espírito Santo,Vila Velha,Acessórios,Mochila Executiva,1,225.97,0.027,225.97,6.1,219.87,92.41,127.46,0.5797,Juliana Rocha,Aplicativo,PIX,Concluída,4
VND-001238,2024-11-19,Novembro,Terça-feira,Sudeste,Rio de Janeiro,Duque de Caxias,Informática,Teclado Mecânico,4,238.98,0.078,955.92,74.56,881.36,503.16,378.2,0.4291,Camila Ferreira,Site,Boleto,Concluída,5
VND-001239,2024-11-19,Novembro,Terça-feira,Sudeste,Espírito Santo,Vila Velha,Eletrônicos,Smartphone X200,1,1887.18,0.0354,1887.18,66.81,1820.37,1277.95,542.42,0.298,Rafael Costa,Loja Física,Dinheiro,Concluída,4
VND-001240,2024-11-19,Novembro,Terça-feira,Sul,Santa Catarina,Blumenau,Informática,Teclado Mecânico,2,256.18,0.0846,512.36,43.35,469.01,293.8,175.21,0.3736,Marcos Oliveira,Aplicativo,Cartão de Crédito,Concluída,3
VND-001241,2024-11-19,Novembro,Terça-feira,Norte,Amazonas,Manaus,Vestuário,Blusa de Frio,1,120.49,0.0946,120.49,11.4,109.09,49.33,59.76,0.5478,Juliana Rocha,Marketplace,PIX,Concluída,3
VND-001242,2024-11-19,Novembro,Terça-feira,Sudeste,Minas Gerais,Contagem,Vestuário,Camiseta Básica,3,54.6,0.1109,163.8,18.17,145.63,55.08,90.55,0.6218,Carlos Pereira,Marketplace,Boleto,Concluída,4
VND-001243,2024-11-19,Novembro,Terça-feira,Nordeste,Pernambuco,Olinda,Vestuário,Blusa de Frio,6,121.64,0.0735,729.84,53.64,676.2,292.74,383.46,0.5671,Lucas Martins,Aplicativo,Cartão de Crédito,Concluída,5
VND-001244,2024-11-19,Novembro,Terça-feira,Centro-Oeste,Goiás,Goiânia,Acessórios,Óculos de Sol,5,177.15,0.0249,885.75,22.06,863.69,322.4,541.29,0.6267,Beatriz Santos,Loja Física,Cartão de Crédito,Concluída,3
VND-001245,2024-11-20,Novembro,Quarta-feira,Nordeste,Pernambuco,Olinda,Acessórios,Relógio Analógico,1,341.61,0.0346,341.61,11.82,329.79,149.6,180.19,0.5464,Ana Souza,Aplicativo,Cartão de Crédito,Concluída,3
VND-001246,2024-11-20,Novembro,Quarta-feira,Sul,Paraná,Maringá,Vestuário,Camiseta Básica,2,53.22,0.0692,106.44,7.37,99.07,35.06,64.01,0.6461,Fernanda Lima,Site,Cartão de Crédito,Concluída,3
VND-001247,2024-11-20,Novembro,Quarta-feira,Nordeste,Ceará,Sobralo,Informática,Teclado Mecânico,2,244.09,0.0515,488.18,25.14,463.04,259.06,203.98,0.4405,Patrícia Gomes,Marketplace,Boleto,Concluída,5
VND-001248,2024-11-20,Novembro,Quarta-feira,Sudeste,São Paulo,Campinas,Esportes,Garrafa Térmica Esportiva,1,69.5,0.038,69.5,2.64,66.86,24.83,42.03,0.6286,Camila Ferreira,Loja Física,Dinheiro,Cancelada,
VND-001249,2024-11-20,Novembro,Quarta-feira,Sul,Paraná,Londrina,Acessórios,Cinto de Couro,2,89.35,0.0629,178.7,11.24,167.46,57.34,110.12,0.6576,Juliana Rocha,Loja Física,Cartão de Débito,Concluída,2
VND-001250,2024-11-20,Novembro,Quarta-feira,Norte,Rondônia,Ji-Paraná,Vestuário,Jaqueta Corta-Vento,2,218.53,0.0412,437.06,18.01,419.05,221.92,197.13,0.4704,Bruno Alves,Site,Cartão de Crédito,Concluída,4
VND-001251,2024-11-20,Novembro,Quarta-feira,Sul,Rio Grande do Sul,Porto Alegre,Eletrônicos,Smartphone X200,1,1820.8,0.0792,1820.8,144.21,1676.59,1310.16,366.43,0.2186,Ana Souza,Marketplace,Cartão de Crédito,Concluída,4
VND-001252,2024-11-21,Novembro,Quinta-feira,Sudeste,Minas Gerais,Belo Horizonte,Esportes,Tênis de Corrida,1,316.39,0.0228,316.39,7.21,309.18,150.58,158.6,0.513,Rafael Costa,Site,PIX,Concluída,4
VND-001253,2024-11-21,Novembro,Quinta-feira,Sudeste,Espírito Santo,Vila Velha,Escritório,Mesa para Computador,5,477.71,0.0079,2388.55,18.87,2369.68,1358.35,1011.33,0.4268,Juliana Rocha,Loja Física,PIX,Concluída,4
VND-001254,2024-11-21,Novembro,Quinta-feira,Sul,Rio Grande do Sul,Porto Alegre,Esportes,Tênis de Corrida,1,308.79,0.0197,308.79,6.08,302.71,158.61,144.1,0.476,Marcos Oliveira,Site,Cartão de Crédito,Concluída,2
VND-001255,2024-11-21,Novembro,Quinta-feira,Centro-Oeste,Mato Grosso do Sul,Dourados,Casa,Air Fryer,5,353.05,0.0487,1765.25,85.97,1679.28,954.65,724.63,0.4315,Rafael Costa,Aplicativo,Cartão de Débito,Concluída,4
VND-001256,2024-11-21,Novembro,Quinta-feira,Nordeste,Paraíba,João Pessoa,Vestuário,Calça Jeans,5,132.46,0.1393,662.3,92.26,570.04,285.05,284.99,0.4999,Diego Ribeiro,Site,PIX,Concluída,4
VND-001257,2024-11-21,Novembro,Quinta-feira,Sudeste,Espírito Santo,Vila Velha,Escritório,Papel A4 (pacote),6,23.93,0.0489,143.58,7.02,136.56,84.66,51.9,0.3801,Bruno Alves,Loja Física,Dinheiro,Concluída,5
VND-001258,2024-11-21,Novembro,Quinta-feira,Sudeste,Espírito Santo,Vila Velha,Esportes,Garrafa Térmica Esportiva,2,71.72,0.03,143.44,4.3,139.14,55.48,83.66,0.6013,Marcos Oliveira,Loja Física,Cartão de Crédito,Concluída,3
VND-001259,2024-11-21,Novembro,Quinta-feira,Sudeste,São Paulo,Campinas,Informática,HD Externo 1TB,2,314.21,0.0496,628.42,31.17,597.25,370.88,226.37,0.379,Beatriz Santos,Site,PIX,Concluída,4
VND-001260,2024-11-22,Novembro,Sexta-feira,Sul,Paraná,Londrina,Vestuário,Vestido Casual,1,152.98,0.0905,152.98,13.84,139.14,58.49,80.65,0.5796,Ana Souza,Loja Física,Dinheiro,Concluída,4
VND-001261,2024-11-22,Novembro,Sexta-feira,Sudeste,Espírito Santo,Vila Velha,Eletrônicos,Caixa de Som Portátil,3,221.58,0.1168,664.74,77.64,587.1,397.68,189.42,0.3226,Marcos Oliveira,Marketplace,Cartão de Crédito,Concluída,4
VND-001262,2024-11-22,Novembro,Sexta-feira,Norte,Pará,Ananindeua,Vestuário,Jaqueta Corta-Vento,5,217.24,0.0457,1086.2,49.64,1036.56,516.4,520.16,0.5018,Rafael Costa,Loja Física,dinheiro,Concluída,3
VND-001263,2024-11-22,Novembro,Sexta-feira,Sudeste,Minas Gerais,Uberlândia,Escritório,Kit Canetas Executivas,2,88.35,0.0853,176.7,15.07,161.63,66.92,94.71,0.586,Camila Ferreira,Loja Física,Dinheiro,Concluída,4
VND-001264,2024-11-22,Novembro,Sexta-feira,Sudeste,Minas Gerais,Belo Horizonte,Casa,Liquidificador,80,177.06,0.1427,14164.8,2021.32,12143.48,7790.64,4352.84,0.3585,Ana Souza,Marketplace,Boleto,Concluída,5
VND-001265,2024-11-22,Novembro,Sexta-feira,Sudeste,Rio de Janeiro,Niterói,Vestuário,Vestido Casual,4,155.49,0.1183,621.96,73.58,548.38,246.92,301.46,0.5497,Fernanda Lima,Marketplace,Cartão de Crédito,Concluída,3
VND-001266,2024-11-22,Novembro,Sexta-feira,Sudeste,Minas Gerais,Belo Horizonte,Informática,Teclado Mecânico,1,238.48,0.0667,238.48,15.91,222.57,128.19,94.38,0.424,Fernanda Lima,Aplicativo,Cartão de Crédito,Concluída,4
VND-001267,2024-11-22,Novembro,Sexta-feira,Norte,Rondônia,Ji-Paraná,Vestuário,Vestido Casual,2,144.07,0.0873,288.14,25.15,262.99,121.76,141.23,0.537,Diego Ribeiro,Site,Cartão de Crédito,Concluída,4
VND-001268,2024-11-23,Novembro,Sábado,Nordeste,Bahia,Salvador,Casa,Air Fryer,1,341.35,0.069,341.35,23.55,317.8,178.29,139.51,0.439,Rafael Costa,Marketplace,PIX,Concluída,5
VND-001269,2024-11-23,Novembro,Sábado,Sul,Rio Grande do Sul,Porto Alegre,Acessórios,Cinto de Couro,2,90.33,0.0427,180.66,7.71,172.95,60.24,112.71,0.6517,Ana Souza,Loja Física,Cartão de Débito,Cancelada,
VND-001270,2024-11-23,Novembro,Sábado,Centro-Oeste,Mato Grosso do Sul,Dourados,Acessórios,Mochila Executiva,4,218.69,0.0974,874.76,85.2,789.56,355.2,434.36,0.5501,Diego Ribeiro,Telefone,Dinheiro,Devolvida,2
VND-001271,2024-11-23,Novembro,Sábado,Centro-Oeste,Mato Grosso do Sul,Campo Grande,Acessórios,Mochila Executiva,5,223.98,0.0393,1119.9,44.01,1075.89,478.8,597.09,0.555,Diego Ribeiro,Site,PIX,Concluída,4
VND-001272,2024-11-23,Novembro,Sábado,Sudeste,Rio de Janeiro,Rio de Janeiro,Casa,Air Fryer,4,347.79,0.0451,1391.16,62.74,1328.42,785.48,542.94,0.4087,Patrícia Gomes,Marketplace,PIX,Concluída,3
VND-001273,2024-11-23,Novembro,Sábado,Norte,Rondônia,Ji-Paraná,Vestuário,Calça Jeans,7,137.3,0.1179,961.1,113.31,847.79,421.82,425.97,0.5024,Bruno Alves,Marketplace,PIX,Concluída,5
VND-001274,2024-11-23,Novembro,Sábado,Sul,Rio Grande do Sul,Pelotas,Informática,Pen Drive 64GB,6,40.17,0.0862,241.02,20.78,220.24,127.56,92.68,0.4208,Juliana Rocha,Site,Cartão de Crédito,Concluída,3
VND-001275,2024-11-23,Novembro,Sábado,Sudeste,São Paulo,Sorocaba,Casa,Liquidificador,2,178.2,0.1355,356.4,48.29,308.11,174.66,133.45,0.4331,Lucas Martins,Marketplace,Cartão de Crédito,Concluída,5
VND-001276,2024-11-23,Novembro,Sábado,Sudeste,Minas Gerais,Uberlândia,Casa,Air Fryer,2,340.21,0.1145,680.42,77.91,602.51,392.6,209.91,0.3484,Marcos Oliveira,Loja Física,PIX,Concluída,4
VND-001277,2024-11-24,Novembro,Domingo,Centro-Oeste,Distrito Federal,Brasília,Vestuário,Vestido Casual,1,153.67,0.0859,153.67,13.2,140.47,60.22,80.25,0.5713,Ana Souza,Aplicativo,PIX,Concluída,3
VND-001278,2024-11-24,Novembro,Domingo,Centro-Oeste,Mato Grosso,Várzea Grande,Informática,Teclado Mecânico,3,237.55,0.1348,712.65,96.07,616.58,388.59,227.99,0.3698,Rafael Costa,Telefone,Cartão de Crédito,Concluída,4
VND-001279,2024-11-24,Novembro,Domingo,Sudeste,São Paulo,Santos,Casa,Jogo de Cama Queen,2,161.83,0.0392,323.66,12.69,310.97,133.12,177.85,0.5719,Fernanda Lima,Loja Física,Cartão de Débito,Concluída,4
VND-001280,2024-11-24,Novembro,Domingo,Nordeste,Pernambuco,Olinda,Vestuário,Camiseta Básica,8,56.15,0.144,449.2,64.68,384.52,151.52,233,0.606,Beatriz Santos,Site,Cartão de Crédito,Concluída,3
VND-001281,2024-11-24,Novembro,Domingo,Sul,Santa Catarina,Joinville,Eletrônicos,Smartwatch,2,446.34,0.0744,892.68,66.42,826.26,509.94,316.32,0.3828,Camila Ferreira,Marketplace,Cartão de Crédito,Concluída,4
VND-001282,2024-11-24,Novembro,Domingo,Nordeste,Ceará,Sobral,Casa,Air Fryer,1,361.86,0.0454,361.86,16.43,345.43,198.4,147.03,0.4256,Patrícia Gomes,Aplicativo,Cartão de Débito,Concluída,4
VND-001283,2024-11-25,Novembro,Segunda-feira,Sul,Santa Catarina,Joinville,Esportes,Tênis de Corrida,3,315.3,0.0511,945.9,48.34,897.56,464.16,433.4,0.4829,Rafael Costa,Site,PIX,Concluída,4
VND-001284,2024-11-25,Novembro,Segunda-feira,Nordeste,Pernambuco,Caruaru,Informática,Pen Drive 64GB,2,38.58,0.0611,77.16,4.71,72.45,39.02,33.43,0.4614,Rafael Costa,Loja Física,Cartão de Crédito,Concluída,4
VND-001285,2024-11-25,Novembro,Segunda-feira,Centro-Oeste,Goiás,Anápolis,Esportes,Bicicleta Aro 29,2,1161.76,0.036,2323.52,83.65,2239.87,1567.3,672.57,0.3003,Marcos Oliveira,Site,Cartão de Crédito,Concluída,4
VND-001286,2024-11-25,Novembro,Segunda-feira,Norte,Rondônia,Porto Velho,Acessórios,Óculos de Sol,1,172.91,0.0201,172.91,3.48,169.43,61.59,107.84,0.6365,Marcos Oliveira,Site,Cartão de Crédito,Concluída,4
VND-001287,2024-11-25,Novembro,Segunda-feira,Nordeste,Ceará,Sobral,Eletrônicos,Smartphone X200,1,1789.93,0.0392,1789.93,70.17,1719.76,1200.35,519.41,0.302,Lucas Martins,Site,Cartão de Crédito,Em processamento,
VND-001288,2024-11-25,Novembro,Segunda-feira,Sul,Santa Catarina,Florianópolis,Esportes,Tênis de Corrida,3,317.65,0.1231,952.95,117.31,835.64,454.35,381.29,0.4563,Marcos Oliveira,Site,Cartão de Crédito,Concluída,4
VND-001289,2024-11-25,Novembro,Segunda-feira,Sudeste,Espírito Santo,Vila Velha,Acessórios,Relógio Analógico,1,335.93,0.004,335.93,1.34,334.59,134.02,200.57,0.5995,Ana Souza,Site,Cartão de Crédito,Concluída,5
VND-001290,2024-11-26,Novembro,Terça-feira,Norte,Pará,Belém,Vestuário,Calça Jeans,3,130.25,0.1376,390.75,53.77,336.98,171.3,165.68,0.4917,Juliana Rocha,Marketplace,Boleto,Concluída,4
VND-001291,2024-11-27,Novembro,Quarta-feira,Sudeste,Minas Gerais,Contagem,Casa,Air Fryer,1,338.76,0.0571,338.76,19.34,319.42,188.47,130.95,0.41,Ana Souza,Aplicativo,PIX,Concluída,5
VND-001292,2024-11-27,Novembro,Quarta-feira,Sul,Paraná,Curitiba,Informática,Teclado Mecânico,4,238.05,0.109,952.2,103.79,848.41,505.08,343.33,0.4047,Bruno Alves,Aplicativo,PIX,Concluída,4
VND-001293,2024-11-27,Novembro,Quarta-feira,Centro-Oeste,Distrito Federal,Brasília,Esportes,Kit Halteres 10kg,2,182.17,0.046,364.34,16.76,347.58,192.08,155.5,0.4474,Ana Souza,Loja Física,Dinheiro,Concluída,5
VND-001294,2024-11-27,Novembro,Quarta-feira,Sudeste,São Paulo,Campinas,Informática,Mouse Sem Fio,3,56.9,0.0589,170.7,10.05,160.65,77.61,83.04,0.5169,Ana Souza,Aplicativo,Cartão de Crédito,Concluída,
VND-001295,2024-11-27,Novembro,Quarta-feira,Centro-Oeste,Mato Grosso,Várzea Grande,Acessórios,Mochila Executiva,3,219.89,0.0883,659.67,58.25,601.42,273.63,327.79,0.545,Fernanda Lima,Marketplace,Cartão de Crédito,Concluída,4
VND-001296,2024-11-27,Novembro,Quarta-feira,Sudeste,São Paulo,Santos,Eletrônicos,Smartwatch,1,466.75,0.1544,466.75,72.07,394.68,272.12,122.56,0.3105,Camila Ferreira,Aplicativo,Cartão de Crédito,Concluída,4
VND-001297,2024-11-27,Novembro,Quarta-feira,Sul,Paraná,Maringá,Vestuário,Camiseta Básica,8,54.09,0.0807,432.72,34.92,397.8,138.64,259.16,0.6515,Ana Souza,Loja Física,Cartão de Crédito,Concluída,4
VND-001298,2024-11-27,Novembro,Quarta-feira,Centro-Oeste,Mato Grosso do Sul,Campo Grande,Casa,Air Fryer,1,351.05,0.0669,351.05,23.49,327.56,186.08,141.48,0.4319,Lucas Martins,Site,Cartão de Crédito,Concluída,4
VND-001299,2024-11-27,Novembro,Quarta-feira,Centro-Oeste,Goiás,Goiânia,Vestuário,Camiseta Básica,4,54.52,0.0437,218.08,9.53,208.55,71.8,136.75,0.6557,Beatriz Santos,Marketplace,PIX,Concluída,4
VND-001300,2024-11-27,Novembro,Quarta-feira,Nordeste,Bahia,Feira de Santana,Escritório,Cadeira de Escritório,2,523.31,0.0173,1046.62,18.11,1028.51,650.34,378.17,0.3677,Fernanda Lima,Site,Cartão de Crédito,Concluída,5
VND-001301,2024-11-27,Novembro,Quarta-feira,Sudeste,São Paulo,Sorocaba,Escritório,Papel A4 (pacote),3,26.48,0.0783,79.44,6.22,73.22,48.24,24.98,0.3412,Fernanda Lima,Marketplace,Cartão de Crédito,Cancelada,
VND-001302,2024-11-28,Novembro,Quinta-feira,Sudeste,São Paulo,São Paulo,Informática,Mouse Sem Fio,7,61.12,0.1366,427.84,58.44,369.4,204.89,164.51,0.4453,Lucas Martins,Site,Cartão de Crédito,Concluída,5
VND-001303,2024-11-28,Novembro,Quinta-feira,Sul,Paraná,Curitiba,Acessórios,Carteira de Couro,4,140.27,0.1399,561.08,78.5,482.58,221.24,261.34,0.5415,Juliana Rocha,Loja Física,Cartão de Crédito,Concluída,4
VND-001304,2024-11-28,Novembro,Quinta-feira,Sul,Santa Catarina,Florianópolis,Escritório,Papel A4 (pacote),1,24.57,0.1041,24.57,2.56,22.01,14.37,7.64,0.3471,Beatriz Santos,Marketplace,Cartão de Crédito,Concluída,4
VND-001305,2024-11-28,Novembro,Quinta-feira,Sudeste,Espírito Santo,Vila Velha,Eletrônicos,Fone Bluetooth,2,154.58,0.0556,309.16,17.19,291.97,169.3,122.67,0.4201,Rafael Costa,Marketplace,Boleto,Concluída,4
VND-001306,2024-11-28,Novembro,Quinta-feira,Sul,Santa Catarina,Blumenau,Eletrônicos,Caixa de Som Portátil,4,212.9,0.0789,851.6,67.19,784.41,483.64,300.77,0.3834,Camila Ferreira,Site,Cartão de Débito,Concluída,5
VND-001307,2024-11-29,Novembro,Sexta-feira,Sudeste,Rio de Janeiro,Duque de Caxias,Vestuário,Camiseta Básica,7,53.9,0.0749,377.3,28.26,349.04,128.31,220.73,0.6324,Rafael Costa,Site,Boleto,Concluída,4
VND-001308,2024-11-30,Novembro,Sábado,Sudeste,Rio de Janeiro,Duque de Caxias,Informática,Monitor 24,1,726.5,0.0198,726.5,14.38,712.12,474.13,237.99,0.3342,Ana Souza,Marketplace,Cartão de Crédito,Concluída,3
VND-001309,2024-11-30,Novembro,Sábado,Sudeste,Minas Gerais,Uberlândia,Informática,Monitor 24,1,753.06,0.1172,753.06,88.26,664.8,471.25,193.55,0.2911,Lucas Martins,Aplicativo,Cartão de Crédito,Concluída,4
VND-001310,2024-11-30,Novembro,Sábado,Sul,Santa Catarina,Joinville,Esportes,Kit Halteres 10kg,3,186.96,0.0594,560.88,33.32,527.56,318.15,209.41,0.3969,Camila Ferreira,Site,PIX,Concluída,5
VND-001311,2024-11-30,Novembro,Sábado,Nordeste,Ceará,Fortaleza,Vestuário,Camiseta Básica,3,56.04,0.0891,168.12,14.98,153.14,56.61,96.53,0.6303,Carlos Pereira,Site,PIX,Concluída,4
VND-001312,2024-11-30,Novembro,Sábado,Sudeste,Espírito Santo,Vila Velha,Acessórios,Cinto de Couro,1,89.73,0.023,89.73,2.06,87.67,30.61,57.06,0.6508,Carlos Pereira,Site,PIX,Concluída,3
VND-001313,2024-11-30,Novembro,Sábado,Sudeste,Minas Gerais,Uberlândia,Escritório,Papel A4 (pacote),2,25.15,0.1195,50.3,6.01,44.29,31.04,13.25,0.2992,Juliana Rocha,Aplicativo,PIX,Concluída,4
VND-001314,2024-11-30,Novembro,Sábado,Nordeste,Pernambuco,Olinda,Eletrônicos,Smartphone X200,1,1857.26,0.0541,1857.26,100.48,1756.78,1269.78,487,0.2772,Beatriz Santos,Aplicativo,Cartão de Débito,Concluída,3
VND-001315,2024-12-01,Dezembro,Domingo,Sudeste,São Paulo,Campinas,Acessórios,Cinto de Couro,3,89.03,0.0364,267.09,9.72,257.37,90.18,167.19,0.6496,Juliana Rocha,Site,PIX,Concluída,5
VND-001316,2024-12-01,Dezembro,Domingo,Sudeste,São Paulo,Santos,Casa,Aspirador de Pó,2,397.75,0.0612,795.5,48.68,746.82,451.52,295.3,0.3954,Camila Ferreira,Loja Física,Cartão de Crédito,Concluída,4
VND-001317,2024-12-01,Dezembro,Domingo,Norte,Rondônia,Ji-Paraná,Eletrônicos,Fone Bluetooth,2,148.43,0.0502,296.86,14.9,281.96,161.64,120.32,0.4267,Patrícia Gomes,Aplicativo,PIX,Concluída,4
VND-001318,2024-12-01,Dezembro,Domingo,Norte,Amazonas,Manaus,Casa,Jogo de Cama Queen,7,158.72,0.0446,1111.04,49.55,1061.49,440.23,621.26,0.5853,Bruno Alves,Telefone,Boleto,Concluída,5
VND-001319,2024-12-01,Dezembro,Domingo,Sul,Paraná,Curitiba,Informática,HD Externo 1TB,3,307.87,0.0547,923.61,50.52,873.09,580.86,292.23,0.3347,Beatriz Santos,Loja Física,Cartão de Crédito,Cancelada,
VND-001320,2024-12-01,Dezembro,Domingo,Sudeste,Rio de Janeiro,Niterói,Informática,Monitor 24,2,763.69,0.1469,1527.38,224.37,1303.01,986.6,316.41,0.2428,Camila Ferreira,Marketplace,Cartão de Crédito,Devolvida,2
VND-001321,2024-12-02,Dezembro,Segunda-feira,Nordeste,Paraíba,João Pessoa,Esportes,Tênis de Corrida,1,313.57,0.1056,313.57,33.11,280.46,162.92,117.54,0.4191,Marcos Oliveira,Marketplace,Boleto,Concluída,5
VND-001322,2024-12-02,Dezembro,Segunda-feira,Centro-Oeste,Mato Grosso,Várzea Grande,Esportes,Garrafa Térmica Esportiva,2,71.41,0.0703,142.82,10.04,132.78,51.48,81.3,0.6123,Juliana Rocha,Aplicativo,PIX,Concluída,4
VND-001323,2024-12-02,Dezembro,Segunda-feira,Sudeste,Espírito Santo,Vitória,Escritório,Papel A4 (pacote),6,26.23,0.0272,157.38,4.28,153.1,94.32,58.78,0.3839,Ana Souza,Telefone,Boleto,Em processamento,
VND-001324,2024-12-02,Dezembro,Segunda-feira,Sudeste,Espírito Santo,Vila Velha,Informática,Pen Drive 64GB,5,40.09,0.03,200.45,6.01,194.44,104.1,90.34,0.4646,Beatriz Santos,Site,PIX,Concluída,5
VND-001325,2024-12-02,Dezembro,Segunda-feira,Sudeste,São Paulo,Sorocaba,Informática,Teclado Mecânico,2,242.53,0.0808,485.06,39.19,445.87,266.42,179.45,0.4025,Diego Ribeiro,Telefone,Boleto,Concluída,4
VND-001326,2024-12-02,Dezembro,Segunda-feira,Sudeste,São Paulo,Sorocaba,Vestuário,Vestido Casual,5,157.48,0.087,787.4,68.5,718.9,292.7,426.2,0.5929,Rafael Costa,Marketplace,Cartão de Crédito,Concluída,4
VND-001327,2024-12-03,Dezembro,Terça-feira,Sul,Paraná,Curitiba,Casa,Liquidificador,8,183.28,0.033,1466.24,48.39,1417.85,759.04,658.81,0.4647,Rafael Costa,Site,Boleto,Em processamento,
VND-001328,2024-12-03,Dezembro,Terça-feira,Sudeste,Rio de Janeiro,Rio de Janeiro,Escritório,Cadeira de Escritório,3,520.29,0.0729,1560.87,113.79,1447.08,907.65,539.43,0.3728,Beatriz Santos,Aplicativo,Cartão de Crédito,Concluída,3
VND-001329,2024-12-03,Dezembro,Terça-feira,Sudeste,Rio de Janeiro,Niterói,Eletrônicos,Fone Bluetooth,2,150.33,0.0427,300.66,12.84,287.82,156.7,131.12,0.4556,Ana Souza,Marketplace,Cartão de Débito,Concluída,4
VND-001330,2024-12-03,Dezembro,Terça-feira,Norte,Pará,Ananindeua,Eletrônicos,Smart TV 50,1,2232.25,0.0633,2232.25,141.3,2090.95,1666.69,424.26,0.2029,Camila Ferreira,Aplicativo,PIX,Concluída,4
VND-001331,2024-12-03,Dezembro,Terça-feira,Sul,Paraná,Londrina,Eletrônicos,Fone Bluetooth,8,144.7,0.127,1157.6,147.02,1010.58,609.44,401.14,0.3969,Lucas Martins,Site,Boleto,Concluída,3
VND-001332,2024-12-04,Dezembro,Quarta-feira,Sudeste,Espírito Santo,Vila Velha,Eletrônicos,Smart TV 50,1,2203.63,0.1081,2203.63,238.21,1965.42,1551.84,413.58,0.2104,Juliana Rocha,Marketplace,PIX,Concluída,4
VND-001333,2024-12-04,Dezembro,Quarta-feira,Sudeste,Rio de Janeiro,Niterói,Escritório,Organizador de Mesa,4,47.34,0.0429,189.36,8.12,181.24,78.64,102.6,0.5661,Ana Souza,Loja Física,Dinheiro,Concluída,2
VND-001334,2024-12-04,Dezembro,Quarta-feira,Sudeste,Espírito Santo,Vila Velha,Vestuário,Calça Jeans,2,133.46,0.0718,266.92,19.16,247.76,110.32,137.44,0.5547,Patrícia Gomes,Site,Boleto,Concluída,5
VND-001335,2024-12-04,Dezembro,Quarta-feira,Norte,Pará,Ananindeua,Vestuário,Camiseta Básica,1,58.85,0.0575,58.85,3.38,55.47,20.55,34.92,0.6295,Bruno Alves,Loja Física,Cartão de Débito,Concluída,4
VND-001336,2024-12-05,Dezembro,Quinta-feira,Sudeste,Rio de Janeiro,Niterói,Acessórios,Mochila Executiva,5,210.32,0.0324,1051.6,34.07,1017.53,421.2,596.33,0.5861,Ana Souza,Loja Física,PIX,Em processamento,
VND-001337,2024-12-05,Dezembro,Quinta-feira,Sudeste,Rio de Janeiro,Niterói,Casa,Air Fryer,2,349.29,0.0577,698.58,40.31,658.27,379.32,278.95,0.4238,Marcos Oliveira,Loja Física,Cartão de Crédito,Concluída,4
VND-001338,2024-12-05,Dezembro,Quinta-feira,Sul,Rio Grande do Sul,Porto Alegre,Acessórios,Cinto de Couro,5,89.99,0.0965,449.95,43.42,406.53,144.8,261.73,0.6438,Marcos Oliveira,Loja Física,Cartão de Crédito,Concluída,5
VND-001339,2024-12-05,Dezembro,Quinta-feira,Nordeste,Bahia,Salvador,Acessórios,Óculos de Sol,1,165.42,0.0733,165.42,12.13,153.29,54.23,99.06,0.6462,Camila Ferreira,Loja Física,Dinheiro,Devolvida,1
VND-001340,2024-12-06,Dezembro,Sexta-feira,Sudeste,Minas Gerais,Contagem,Casa,Aspirador de Pó,5,408.23,0.0257,2041.15,52.46,1988.69,1222.05,766.64,0.3855,Camila Ferreira,Loja Física,Dinheiro,Concluída,4
VND-001341,2024-12-06,Dezembro,Sexta-feira,Sul,Rio Grande do Sul,Porto Alegre,Escritório,Organizador de Mesa,15,44.76,0.1676,671.4,112.53,558.87,272.55,286.32,0.5123,Carlos Pereira,Loja Física,Dinheiro,Concluída,4
VND-001342,2024-12-06,Dezembro,Sexta-feira,Sul,Rio Grande do Sul,Caxias do Sul,Informática,HD Externo 1TB,1,314.6,0.1567,314.6,49.3,265.3,187.3,78,0.294,Bruno Alves,Telefone,Dinheiro,Concluída,3
VND-001343,2024-12-06,Dezembro,Sexta-feira,Sudeste,Minas Gerais,Belo Horizonte,Escritório,Papel A4 (pacote),5,24.92,0.1585,124.6,19.75,104.85,77.95,26.9,0.2566,Camila Ferreira,Aplicativo,PIX,Concluída,4
VND-001344,2024-12-06,Dezembro,Sexta-feira,Centro-Oeste,Goiás,Goiânia,Casa,Aspirador de Pó,3,390.48,0.1095,1171.44,128.27,1043.17,713.94,329.23,0.3156,Bruno Alves,Site,Cartão de Crédito,Concluída,3
VND-001345,2024-12-06,Dezembro,Sexta-feira,Sudeste,São Paulo,Campinas,Casa,Air Fryer,4,359.17,0.1067,1436.68,153.29,1283.39,777.76,505.63,0.394,Camila Ferreira,Loja Física,Cartão de Débito,Devolvida,1
VND-001346,2024-12-06,Dezembro,Sexta-feira,Sudeste,Espírito Santo,Vitória,Vestuário,Calça Jeans,8,133.12,0.1767,1064.96,188.18,876.78,425.44,451.34,0.5148,Diego Ribeiro,Loja Física,Cartão de Débito,Concluída,3
VND-001347,2024-12-06,Dezembro,Sexta-feira,Sul,Paraná,Maringá,Esportes,Garrafa Térmica Esportiva,7,69.68,0.1347,487.76,65.7,422.06,189.63,232.43,0.5507,Marcos Oliveira,Site,Cartão de Crédito,Concluída,4
VND-001348,2024-12-06,Dezembro,Sexta-feira,Sul,Santa Catarina,Blumenau,Vestuário,Camiseta Básica,2,55.13,0.0545,110.26,6.01,104.25,39.34,64.91,0.6226,Fernanda Lima,Loja Física,Dinheiro,Concluída,4
VND-001349,2024-12-06,Dezembro,Sexta-feira,Sul,Santa Catarina,Blumenau,Informática,Mouse Sem Fio,3,59.62,0.0174,178.86,3.11,175.75,84.75,91,0.5178,Carlos Pereira,Aplicativo,Cartão de Crédito,Concluída,3
VND-001350,2024-12-06,Dezembro,Sexta-feira,Nordeste,Pernambuco,Olinda,Escritório,Organizador de Mesa,14,42.15,0.1292,590.1,76.24,513.86,252.56,261.3,0.5085,Beatriz Santos,Site,Cartão de Crédito,Concluída,4
VND-001351,2024-12-07,Dezembro,Sábado,Sul,Rio Grande do Sul,Caxias do Sul,Escritório,Kit Canetas Executivas,1,89.99,0.0164,89.99,1.48,88.51,31.05,57.46,0.6492,Marcos Oliveira,Site,PIX,Concluída,4
VND-001352,2024-12-07,Dezembro,Sábado,Sudeste,Minas Gerais,Belo Horizonte,Esportes,Tênis de Corrida,5,313.99,0.0323,1569.95,50.71,1519.24,746.55,772.69,0.5086,Juliana Rocha,Site,Boleto,Concluída,5
VND-001353,2024-12-07,Dezembro,Sábado,Sul,Santa Catarina,Florianópolis,Acessórios,Mochila Executiva,1,210.03,0.0607,210.03,12.75,197.28,80.99,116.29,0.5895,Fernanda Lima,Telefone,Cartão de Crédito,Concluída,4
VND-001354,2024-12-07,Dezembro,Sábado,Sul,Santa Catarina,Florianópolis,Acessórios,Relógio Analógico,3,347.59,0.0536,1042.77,55.89,986.88,425.79,561.09,0.5685,Rafael Costa,Site,Cartão de Crédito,Concluída,5
VND-001355,2024-12-08,Dezembro,Domingo,Sudeste,Minas Gerais,Belo Horizonte,Informática,Mouse Sem Fio,2,59.77,0.003,119.54,0.36,119.18,56.4,62.78,0.5268,Ana Souza,Loja Física,Cartão de Débito,Devolvida,2
VND-001356,2024-12-08,Dezembro,Domingo,Sudeste,Minas Gerais,Contagem,Escritório,Organizador de Mesa,8,43.31,0.0359,346.48,12.44,334.04,147.52,186.52,0.5584,Marcos Oliveira,Aplicativo,PIX,Concluída,4
VND-001357,2024-12-08,Dezembro,Domingo,Sudeste,Rio de Janeiro,Niterói,Vestuário,Jaqueta Corta-Vento,2,217.57,0.0897,435.14,39.03,396.11,212.14,183.97,0.4644,Rafael Costa,Marketplace,Boleto,Concluída,4
VND-001358,2024-12-08,Dezembro,Domingo,Sudeste,Espírito Santo,Vitória,Acessórios,Cinto de Couro,5,89.64,0.1508,448.2,67.59,380.61,150.3,230.31,0.6051,Marcos Oliveira,Site,PIX,Concluída,5
VND-001359,2024-12-08,Dezembro,Domingo,Centro-Oeste,Goiás,Anápolis,Acessórios,Relógio Analógico,1,341.59,0.075,341.59,25.62,315.97,152.58,163.39,0.5171,Fernanda Lima,Marketplace,Cartão de Crédito,Cancelada,
VND-001360,2024-12-08,Dezembro,Domingo,Sudeste,São Paulo,Campinas,Casa,Air Fryer,2,343.69,0.0625,687.38,42.96,644.42,373.66,270.76,0.4202,Lucas Martins,Site,PIX,Concluída,4
VND-001361,2024-12-08,Dezembro,Domingo,Sudeste,Rio de Janeiro,Niterói,Eletrônicos,Smartwatch,2,428.53,0.0779,857.06,66.76,790.3,524.42,265.88,0.3364,Juliana Rocha,Loja Física,Cartão de Débito,Devolvida,2
VND-001362,2024-12-09,Dezembro,Segunda-feira,Sudeste,Minas Gerais,Uberlândia,Eletrônicos,Smartphone X200,1,1891.4,0.0786,1891.4,148.66,1742.74,1373.78,368.96,0.2117,Beatriz Santos,Site,Cartão de Crédito,Concluída,4
VND-001363,2024-12-09,Dezembro,Segunda-feira,Nordeste,Pernambuco,Olinda,Escritório,Papel A4 (pacote),1,23.89,0.0902,23.89,2.15,21.74,14.88,6.86,0.3155,Carlos Pereira,Loja Física,Cartão de Débito,Concluída,4
VND-001364,2024-12-09,Dezembro,Segunda-feira,Sudeste,São Paulo,Santos,Vestuário,Blusa de Frio,2,116.66,0.0587,233.32,13.7,219.62,98.38,121.24,0.552,Ana Souza,Marketplace,Cartão de Crédito,Concluída,5
VND-001365,2024-12-09,Dezembro,Segunda-feira,Sudeste,Espírito Santo,Vitória,Casa,Air Fryer,1,356.2,0.0126,356.2,4.49,351.71,186.5,165.21,0.4697,Fernanda Lima,Marketplace,Boleto,Concluída,4
VND-001366,2024-12-09,Dezembro,Segunda-feira,Sul,Paraná,Londrina,Casa,Jogo de Cama Queen,2,159.62,0.0839,319.24,26.78,292.46,133.24,159.22,0.5444,Juliana Rocha,Loja Física,Cartão de Crédito,Concluída,5
VND-001367,2024-12-09,Dezembro,Segunda-feira,Sudeste,Minas Gerais,Belo Horizonte,Acessórios,Relógio Analógico,3,350.27,0.0566,1050.81,59.48,991.33,430.23,561.1,0.566,Camila Ferreira,Site,Cartão de Crédito,Concluída,4
VND-001368,2024-12-09,Dezembro,Segunda-feira,Sudeste,Rio de Janeiro,Rio de Janeiro,Eletrônicos,Fone Bluetooth,1,143.76,0.0142,143.76,2.04,141.72,77.08,64.64,0.4561,Camila Ferreira,Site,PIX,Concluída,5
VND-001369,2024-12-09,Dezembro,Segunda-feira,Nordeste,Paraíba,João Pessoa,Casa,Air Fryer,5,350.58,0.0975,1752.9,170.91,1581.99,950.9,631.09,0.3989,Bruno Alves,Telefone,Boleto,Devolvida,2
VND-001370,2024-12-10,Dezembro,Terça-feira,Sul,Paraná,Londrina,Vestuário,Jaqueta Corta-Vento,2,213.61,0.0516,427.22,22.04,405.18,209.86,195.32,0.4821,Beatriz Santos,Loja Física,Cartão de Crédito,Concluída,3
VND-001371,2024-12-10,Dezembro,Terça-feira,Nordeste,Ceará,Sobral,Casa,Panela Elétrica de Arroz,2,224.98,0.0133,449.96,5.98,443.98,237.48,206.5,0.4651,Camila Ferreira,Loja Física,PIX,Concluída,5
VND-001372,2024-12-10,Dezembro,Terça-feira,Sudeste,Espírito Santo,Vila Velha,Escritório,Papel A4 (pacote),3,25.79,0.0467,77.37,3.61,73.76,45.63,28.13,0.3814,Juliana Rocha,Loja Física,Cartão de Crédito,Concluída,5
VND-001373,2024-12-10,Dezembro,Terça-feira,Centro-Oeste,Distrito Federal,Brasília,Escritório,Cadeira de Escritório,5,558.23,0.0088,2791.15,24.56,2766.59,1722.3,1044.29,0.3775,Ana Souza,Site,Cartão de Crédito,Concluída,4
VND-001374,2024-12-10,Dezembro,Terça-feira,Sudeste,Espírito Santo,Vitória,Esportes,Tênis de Corrida,1,331.1,0.0807,331.1,26.72,304.38,157.63,146.75,0.4821,Fernanda Lima,Loja Física,PIX,Concluída,4
VND-001375,2024-12-10,Dezembro,Terça-feira,Nordeste,Bahia,Salvador,Informática,Pen Drive 64GB,2,40.27,0.1187,80.54,9.56,70.98,41.14,29.84,0.4204,Juliana Rocha,Site,PIX,Concluída,4
VND-001376,2024-12-11,Dezembro,Quarta-feira,Sudeste,São Paulo,Sorocaba,Informática,Mouse Sem Fio,3,61.07,0.0711,183.21,13.03,170.18,87,83.18,0.4888,Juliana Rocha,Loja Física,Dinheiro,Concluída,5
VND-001377,2024-12-11,Dezembro,Quarta-feira,Sul,Paraná,Curitiba,Escritório,Cadeira de Escritório,2,556.84,0.0184,1113.68,20.49,1093.19,678.48,414.71,0.3794,Bruno Alves,Site,Cartão de Crédito,Concluída,3
VND-001378,2024-12-11,Dezembro,Quarta-feira,Nordeste,Pernambuco,Recife,Escritório,Organizador de Mesa,2,43,0.1038,86,8.93,77.07,33.5,43.57,0.5653,Ana Souza,Aplicativo,Cartão de Débito,Em processamento,
VND-001379,2024-12-11,Dezembro,Quarta-feira,Nordeste,Paraíba,Campina Grande,Eletrônicos,Smart TV 50,2,2158.36,0.0196,4316.72,84.61,4232.11,3201.28,1030.83,0.2436,Rafael Costa,Aplicativo,Cartão de Crédito,Cancelada,
VND-001380,2024-12-11,Dezembro,Quarta-feira,Centro-Oeste,Goiás,Goiânia,Esportes,Kit Halteres 10kg,3,180.35,0.0687,541.05,37.17,503.88,311.67,192.21,0.3815,Rafael Costa,Loja Física,Dinheiro,Concluída,4
VND-001381,2024-12-11,Dezembro,Quarta-feira,Sul,Rio Grande do Sul,Porto Alegre,Eletrônicos,Smartphone X200,1,1793.68,0.024,1793.68,43.05,1750.63,1308.76,441.87,0.2524,Camila Ferreira,Telefone,Boleto,Concluída,3
VND-001382,2024-12-12,Dezembro,Quinta-feira,Nordeste,Ceará,Fortaleza,Casa,Jogo de Cama Queen,2,153.9,0.0819,307.8,25.21,282.59,134.6,147.99,0.5237,Camila Ferreira,Telefone,Dinheiro,Concluída,3
VND-001383,2024-12-12,Dezembro,Quinta-feira,Sul,Paraná,Curitiba,Escritório,Mesa para Computador,4,484.12,0.0591,1936.48,114.45,1822.03,1168.16,653.87,0.3589,Camila Ferreira,Site,Cartão de Crédito,Concluída,5
VND-001384,2024-12-12,Dezembro,Quinta-feira,Centro-Oeste,Mato Grosso,Várzea Grande,Informática,Teclado Mecânico,5,246.97,0.1009,1234.85,124.6,1110.25,704.8,405.45,0.3652,Carlos Pereira,Loja Física,Dinheiro,Concluída,5
VND-001385,2024-12-13,Dezembro,Sexta-feira,Nordeste,Pernambuco,Olinda,Informática,Pen Drive 64GB,2,39.59,0.0044,79.18,0.35,78.83,39.46,39.37,0.4994,Juliana Rocha,Aplicativo,Cartão de Crédito,Em processamento,
VND-001386,2024-12-13,Dezembro,Sexta-feira,Sudeste,São Paulo,Campinas,Casa,Air Fryer,2,362.77,0.095,725.54,68.93,656.61,411.4,245.21,0.3734,Ana Souza,Loja Física,Cartão de Crédito,Concluída,4
VND-001387,2024-12-13,Dezembro,Sexta-feira,Nordeste,Bahia,Feira de Santana,Casa,Liquidificador,4,182.21,0.0903,728.84,65.81,663.03,358.8,304.23,0.4588,Ana Souza,Site,PIX,Concluída,4
VND-001388,2024-12-13,Dezembro,Sexta-feira,Sudeste,São Paulo,Sorocaba,Esportes,Kit Halteres 10kg,8,179.75,0.0658,1438,94.62,1343.38,794.16,549.22,0.4088,Marcos Oliveira,Aplicativo,Cartão de Débito,Devolvida,2
VND-001389,2024-12-13,Dezembro,Sexta-feira,Sul,Santa Catarina,Florianópolis,Escritório,Mesa para Computador,1,475.58,0.0065,475.58,3.09,472.49,283.12,189.37,0.4008,Juliana Rocha,Site,Cartão de Crédito,Concluída,4
VND-001390,2024-12-13,Dezembro,Sexta-feira,Sul,Rio Grande do Sul,Pelotas,Esportes,Bola de Futebol,6,86.35,0.0649,518.1,33.62,484.48,195.9,288.58,0.5956,Patrícia Gomes,Loja Física,Cartão de Débito,Concluída,4
VND-001391,2024-12-13,Dezembro,Sexta-feira,Norte,Amazonas,Manaus,Casa,Liquidificador,3,175.15,0.0802,525.45,42.14,483.31,254.31,229,0.4738,Patrícia Gomes,Loja Física,PIX,Em processamento,
VND-001392,2024-12-13,Dezembro,Sexta-feira,Sudeste,Espírito Santo,Vitória,Escritório,Cadeira de Escritório,5,571.11,0.1088,2855.55,310.68,2544.87,1685.2,859.67,0.3378,Fernanda Lima,Site,PIX,Concluída,4
VND-001393,2024-12-13,Dezembro,Sexta-feira,Sudeste,Espírito Santo,Vila Velha,Vestuário,Blusa de Frio,8,118.81,0.1039,950.48,98.75,851.73,400.72,451.01,0.5295,Juliana Rocha,Site,Cartão de Crédito,Concluída,4
VND-001394,2024-12-13,Dezembro,Sexta-feira,Nordeste,Ceará,Sobral,Informática,Pen Drive 64GB,3,40.41,0.0333,121.23,4.04,117.19,58.89,58.3,0.4975,Ana Souza,Site,Cartão de Crédito,Concluída,
VND-001395,2024-12-13,Dezembro,Sexta-feira,Nordeste,Pernambuco,Recife,Acessórios,Cinto de Couro,2,87.27,0.0429,174.54,7.49,167.05,60.68,106.37,0.6368,Rafael Costa,Site,PIX,Concluída,4
VND-001396,2024-12-14,Dezembro,Sábado,Sul,Santa Catarina,Florianópolis,Acessórios,Óculos de Sol,2,179.17,0.0608,358.34,21.79,336.55,132.64,203.91,0.6059,Lucas Martins,Loja Física,Cartão de Crédito,Concluída,5
VND-001397,2024-12-14,Dezembro,Sábado,Sul,Rio Grande do Sul,Pelotas,Escritório,Papel A4 (pacote),11,26.01,0.1256,286.11,35.94,250.17,175.78,74.39,0.2974,Carlos Pereira,Site,Cartão de Crédito,Devolvida,2
VND-001398,2024-12-14,Dezembro,Sábado,Sudeste,São Paulo,Sorocaba,Eletrônicos,Smartwatch,1,456.41,0.091,456.41,41.53,414.88,280.21,134.67,0.3246,Lucas Martins,Aplicativo,PIX,Concluída,5
VND-001399,2024-12-14,Dezembro,Sábado,Nordeste,Bahia,Feira de Santana,Informática,Teclado Mecânico,2,252.23,0.0553,504.46,27.9,476.56,289.56,187,0.3924,Ana Souza,Loja Física,Dinheiro,Concluída,4
VND-001400,2024-12-14,Dezembro,Sábado,Sul,Santa Catarina,Blumenau,Informática,Pen Drive 64GB,15,39.79,0.1207,596.85,72.04,524.81,294,230.81,0.4398,Camila Ferreira,Aplicativo,PIX,Concluída,4
VND-001401,2024-12-14,Dezembro,Sábado,Nordeste,Pernambuco,Olinda,Escritório,Organizador de Mesa,1,45.62,0.0394,45.62,1.8,43.82,17.14,26.68,0.6089,Ana Souza,Marketplace,Cartão de Débito,Concluída,4
VND-001402,2024-12-14,Dezembro,Sábado,Nordeste,Bahia,Salvador,Informática,Mouse Sem Fio,5,55.8,0.0982,279,27.4,251.6,125.75,125.85,0.5002,Rafael Costa,Site,PIX,Concluída,2
VND-001403,2024-12-15,Dezembro,Domingo,Sul,Santa Catarina,Joinville,Informática,Mouse Sem Fio,1,60.46,0.1195,60.46,7.22,53.24,28.96,24.28,0.456,Beatriz Santos,Site,PIX,Concluída,5
VND-001404,2024-12-15,Dezembro,Domingo,Sul,Rio Grande do Sul,Porto Alegre,Eletrônicos,Smart TV 50,1,2302.85,0.1751,2302.85,403.23,1899.62,1632.33,267.29,0.1407,Carlos Pereira,Loja Física,Dinheiro,Concluída,4
VND-001405,2024-12-15,Dezembro,Domingo,Norte,Rondônia,Porto Velho,Casa,Panela Elétrica de Arroz,2,216.59,0.1075,433.18,46.57,386.61,221.4,165.21,0.4273,Bruno Alves,Loja Física,Cartão de Crédito,Concluída,3
VND-001406,2024-12-15,Dezembro,Domingo,Sudeste,Rio de Janeiro,Rio de Janeiro,Vestuário,Camiseta Básica,1,55.98,0.0631,55.98,3.53,52.45,18.34,34.11,0.6503,Camila Ferreira,Marketplace,PIX,Concluída,4
VND-001407,2024-12-15,Dezembro,Domingo,Nordeste,Paraíba,João Pessoa,Escritório,Papel A4 (pacote),2,24.67,0.0198,49.34,0.98,48.36,30.86,17.5,0.3619,Bruno Alves,Loja Física,Cartão de Crédito,Em processamento,
VND-001408,2024-12-15,Dezembro,Domingo,Sudeste,Rio de Janeiro,Niterói,Informática,Monitor 24,2,767.37,0.0856,1534.74,131.37,1403.37,988.62,414.75,0.2955,Ana Souza,Site,Cartão de Crédito,Concluída,5
VND-001409,2024-12-15,Dezembro,Domingo,Sudeste,Rio de Janeiro,Rio de Janeiro,Eletrônicos,Smartwatch,1,468.23,0.0328,468.23,15.36,452.87,294.75,158.12,0.3492,Carlos Pereira,Site,Cartão de Crédito,Concluída,
VND-001410,2024-12-16,Dezembro,Segunda-feira,Sudeste,Rio de Janeiro,Duque de Caxias,Informática,Mouse Sem Fio,3,58.85,0.0178,176.55,3.14,173.41,80.52,92.89,0.5357,Ana Souza,Telefone,Dinheiro,Concluída,3
VND-001411,2024-12-16,Dezembro,Segunda-feira,Sul,Paraná,Londrina,Escritório,Cadeira de Escritório,1,566.05,0.0818,566.05,46.3,519.75,346.15,173.6,0.334,Rafael Costa,Site,Cartão de Crédito,Concluída,4
VND-001412,2024-12-16,Dezembro,Segunda-feira,Sul,Santa Catarina,Blumenau,Vestuário,Blusa de Frio,2,111.61,0.0632,223.22,14.11,209.11,95.12,113.99,0.5451,Patrícia Gomes,Aplicativo,Cartão de Crédito,Cancelada,
VND-001413,2024-12-16,Dezembro,Segunda-feira,Sudeste,Rio de Janeiro,Rio de Janeiro,Vestuário,Calça Jeans,2,127.93,0.0619,255.86,15.84,240.02,100.94,139.08,0.5795,Camila Ferreira,Loja Física,Dinheiro,Concluída,3
VND-001414,2024-12-16,Dezembro,Segunda-feira,Sudeste,Espírito Santo,Vila Velha,Acessórios,Óculos de Sol,5,187.54,0.1335,937.7,125.18,812.52,330,482.52,0.5939,Fernanda Lima,Marketplace,Boleto,Concluída,4
VND-001415,2024-12-16,Dezembro,Segunda-feira,Norte,Pará,Ananindeua,Eletrônicos,Smartwatch,2,451.52,0.0884,903.04,79.83,823.21,520.9,302.31,0.3672,Ana Souza,Site,Boleto,Devolvida,3
VND-001416,2024-12-16,Dezembro,Segunda-feira,Nordeste,Bahia,Salvador,Eletrônicos,Fone Bluetooth,2,151.39,0.0769,302.78,23.28,279.5,163.32,116.18,0.4157,Fernanda Lima,Loja Física,Cartão de Crédito,Concluída,3
VND-001417,2024-12-16,Dezembro,Segunda-feira,Centro-Oeste,Distrito Federal,Brasília,Eletrônicos,Caixa de Som Portátil,3,215.42,0.0615,646.26,39.74,606.52,367.11,239.41,0.3947,Marcos Oliveira,Site,Cartão de Crédito,Cancelada,
VND-001418,2024-12-16,Dezembro,Segunda-feira,Sul,Paraná,Maringá,Informática,Mouse Sem Fio,1,61.08,0.1198,61.08,7.32,53.76,27.01,26.75,0.4976,Ana Souza,Site,Cartão de Débito,Concluída,4
VND-001419,2024-12-17,Dezembro,Terça-feira,Sudeste,Minas Gerais,Contagem,Vestuário,Blusa de Frio,3,122.34,0.0169,367.02,6.2,360.82,153.99,206.83,0.5732,Ana Souza,Loja Física,Cartão de Crédito,Concluída,4
VND-001420,2024-12-17,Dezembro,Terça-feira,Sudeste,Minas Gerais,Belo Horizonte,Acessórios,Cinto de Couro,1,89.06,0.0527,89.06,4.69,84.37,29.42,54.95,0.6513,Camila Ferreira,Site,PIX,Concluída,4
VND-001421,2024-12-17,Dezembro,Terça-feira,Sudeste,Minas Gerais,Contagem,Esportes,Bola de Futebol,2,92.08,0.1504,184.16,27.7,156.46,78.42,78.04,0.4988,Marcos Oliveira,Marketplace,PIX,Concluída,4
VND-001422,2024-12-17,Dezembro,Terça-feira,Sudeste,São Paulo,Sorocaba,Informática,Teclado Mecânico,2,249.87,0.0762,499.74,38.08,461.66,277.04,184.62,0.3999,Ana Souza,Marketplace,PIX,Em processamento,
VND-001423,2024-12-17,Dezembro,Terça-feira,Centro-Oeste,Mato Grosso do Sul,Campo Grande,Informática,Mouse Sem Fio,3,57.97,0.0875,173.91,15.22,158.69,75.42,83.27,0.5247,Ana Souza,Site,Cartão de Crédito,Devolvida,3
VND-001424,2024-12-17,Dezembro,Terça-feira,Sudeste,Minas Gerais,Belo Horizonte,Casa,Panela Elétrica de Arroz,5,217.32,0.0178,1086.6,19.34,1067.26,590.25,477.01,0.4469,Fernanda Lima,Aplicativo,Cartão de Crédito,Concluída,4
VND-001425,2024-12-19,Dezembro,Quinta-feira,Sudeste,Minas Gerais,Contagem,Informática,Monitor 24,1,727.99,0.0827,727.99,60.2,667.79,453.31,214.48,0.3212,Bruno Alves,Marketplace,Boleto,Concluída,3
VND-001426,2024-12-19,Dezembro,Quinta-feira,Sudeste,Rio de Janeiro,Niterói,Vestuário,Jaqueta Corta-Vento,2,216.75,0.1149,433.5,49.81,383.69,220.78,162.91,0.4246,Fernanda Lima,Site,Cartão de Débito,Concluída,5
VND-001427,2024-12-19,Dezembro,Quinta-feira,Sul,Rio Grande do Sul,Caxias do Sul,Vestuário,Jaqueta Corta-Vento,2,210.02,0.0351,420.04,14.74,405.3,195.62,209.68,0.5173,Rafael Costa,Loja Física,Dinheiro,Concluída,3
VND-001428,2024-12-19,Dezembro,Quinta-feira,Sudeste,São Paulo,Sorocaba,Eletrônicos,Fone Bluetooth,1,158.03,0.0833,158.03,13.16,144.87,82.92,61.95,0.4276,Ana Souza,Marketplace,Cartão de Crédito,Concluída,5
VND-001429,2024-12-20,Dezembro,Sexta-feira,Norte,Amazonas,Parintins,Acessórios,Cinto de Couro,6,91.8,0.0665,550.8,36.63,514.17,180.78,333.39,0.6484,Ana Souza,Loja Física,Cartão de Débito,Concluída,3
VND-001430,2024-12-20,Dezembro,Sexta-feira,Nordeste,Bahia,Feira de Santana,Escritório,Cadeira de Escritório,1,565.34,0.0746,565.34,42.17,523.17,326.78,196.39,0.3754,Bruno Alves,Marketplace,Boleto,Concluída,4
VND-001431,2024-12-20,Dezembro,Sexta-feira,Norte,Pará,Belém,Esportes,Garrafa Térmica Esportiva,2,68.37,0.0395,136.74,5.4,131.34,55.26,76.08,0.5793,Diego Ribeiro,Loja Física,Cartão de Crédito,Concluída,4
VND-001432,2024-12-20,Dezembro,Sexta-feira,Centro-Oeste,Mato Grosso,Várzea Grande,Esportes,Kit Halteres 10kg,2,176.88,0.1359,353.76,48.08,305.68,184.26,121.42,0.3972,Camila Ferreira,Telefone,Cartão de Crédito,Em processamento,
VND-001433,2024-12-20,Dezembro,Sexta-feira,Nordeste,Ceará,Sobral,Acessórios,Óculos de Sol,3,180.92,0.1239,542.76,67.25,475.51,195.84,279.67,0.5881,Camila Ferreira,Marketplace,Cartão de Crédito,Concluída,4
VND-001434,2024-12-20,Dezembro,Sexta-feira,Sudeste,São Paulo,Sorocaba,Eletrônicos,Smartwatch,3,426.39,0.0406,1279.17,51.93,1227.24,798.96,428.28,0.349,Rafael Costa,Loja Física,PIX,Devolvida,2
VND-001435,2024-12-20,Dezembro,Sexta-feira,Sudeste,Rio de Janeiro,Niterói,Esportes,Kit Halteres 10kg,1,180.83,0.0653,180.83,11.81,169.02,95.05,73.97,0.4376,Lucas Martins,Aplicativo,PIX,Concluída,5
VND-001436,2024-12-21,Dezembro,Sábado,Nordeste,Pernambuco,Caruaru,Vestuário,Camiseta Básica,1,59.12,0.029,59.12,1.71,57.41,20.04,37.37,0.6509,Lucas Martins,Site,Cartão de Crédito,Concluída,5
VND-001437,2024-12-21,Dezembro,Sábado,Sul,Rio Grande do Sul,Pelotas,Casa,Air Fryer,1,349.82,0.0201,349.82,7.03,342.79,192.38,150.41,0.4388,Camila Ferreira,Aplicativo,PIX,Concluída,5
VND-001438,2024-12-21,Dezembro,Sábado,Nordeste,Ceará,Sobral,Informática,Teclado Mecânico,4,245.17,0.0727,980.68,71.3,909.38,522.56,386.82,0.4254,Rafael Costa,Loja Física,Cartão de Débito,Em processamento,
VND-001439,2024-12-21,Dezembro,Sábado,Sul,Santa Catarina,Joinville,Informática,Teclado Mecânico,4,257.51,0.0311,1030.04,32.03,998.01,540.36,457.65,0.4586,Ana Souza,Marketplace,PIX,Concluída,5
VND-001440,2024-12-21,Dezembro,Sábado,Norte,Amazonas,Manaus,Casa,Aspirador de Pó,5,432.1,0.0882,2160.5,190.56,1969.94,1278.55,691.39,0.351,Juliana Rocha,Loja Física,Cartão de Crédito,Em processamento,
VND-001441,2024-12-22,Dezembro,Domingo,Sudeste,São Paulo,Campinas,Informática,HD Externo 1TB,3,319.44,0.0622,958.32,59.61,898.71,603.24,295.47,0.3288,Ana Souza,Loja Física,PIX,Concluída,4
VND-001442,2024-12-22,Dezembro,Domingo,Sudeste,Rio de Janeiro,Rio de Janeiro,Casa,Liquidificador,7,182.42,0.0874,1276.94,111.6,1165.34,648.9,516.44,0.4432,Lucas Martins,Site,Cartão de Crédito,Concluída,4
VND-001443,2024-12-22,Dezembro,Domingo,Sudeste,Espírito Santo,Vitória,Vestuário,Vestido Casual,2,142.91,0.0774,285.82,22.12,263.7,110.48,153.22,0.581,Fernanda Lima,Marketplace,Cartão de Crédito,Concluída,4
VND-001444,2024-12-22,Dezembro,Domingo,Sul,Rio Grande do Sul,Caxias do Sul,Casa,Air Fryer,5,349.45,0.1238,1747.25,216.31,1530.94,957.6,573.34,0.3745,Marcos Oliveira,Telefone,Dinheiro,Concluída,4
VND-001445,2024-12-23,Dezembro,Segunda-feira,Nordeste,Ceará,Fortaleza,Vestuário,Calça Jeans,4,131.77,0.0849,527.08,44.75,482.33,222.56,259.77,0.5386,Bruno Alves,Site,Cartão de Crédito,Concluída,4
VND-001446,2024-12-23,Dezembro,Segunda-feira,Sudeste,Rio de Janeiro,Duque de Caxias,Informática,Mouse Sem Fio,1,59.4,0.0457,59.4,2.71,56.69,28.16,28.53,0.5033,Bruno Alves,Loja Física,Cartão de Crédito,Concluída,4
VND-001447,2024-12-23,Dezembro,Segunda-feira,Sudeste,São Paulo,Sorocaba,Vestuário,Vestido Casual,4,147.28,0.1233,589.12,72.64,516.48,218.92,297.56,0.5761,Rafael Costa,Loja Física,Cartão de Crédito,Concluída,5
VND-001448,2024-12-23,Dezembro,Segunda-feira,Sudeste,Minas Gerais,Uberlândia,Eletrônicos,Smartphone X200,1,1738.13,0.116,1738.13,201.62,1536.51,1266.63,269.88,0.1756,Carlos Pereira,Marketplace,Boleto,Concluída,5
VND-001449,2024-12-23,Dezembro,Segunda-feira,Sudeste,São Paulo,Santos,Casa,Liquidificador,1,185.74,0.0499,185.74,9.27,176.47,97.74,78.73,0.4461,Patrícia Gomes,Aplicativo,PIX,Concluída,4
VND-001450,2024-12-23,Dezembro,Segunda-feira,Sudeste,Rio de Janeiro,Rio de Janeiro,Casa,Liquidificador,1,188.84,0.0401,188.84,7.57,181.27,94.45,86.82,0.479,Juliana Rocha,Aplicativo,PIX,Concluída,5
VND-001451,2024-12-23,Dezembro,Segunda-feira,Sudeste,Rio de Janeiro,Niterói,Acessórios,Cinto de Couro,2,91.96,0.0641,183.92,11.79,172.13,60.94,111.19,0.646,Fernanda Lima,Site,Cartão de Crédito,Concluída,4
VND-001452,2024-12-23,Dezembro,Segunda-feira,Norte,Pará,Belém,Escritório,Cadeira de Escritório,1,541.98,0.0913,541.98,49.48,492.5,309.18,183.32,0.3722,Fernanda Lima,Loja Física,Cartão de Crédito,Concluída,4
VND-001453,2024-12-23,Dezembro,Segunda-feira,Nordeste,Paraíba,João Pessoa,Acessórios,Relógio Analógico,2,329.13,0.0978,658.26,64.38,593.88,286.5,307.38,0.5176,Fernanda Lima,Loja Física,Cartão de Crédito,Concluída,2
VND-001454,2024-12-23,Dezembro,Segunda-feira,Sul,Santa Catarina,Blumenau,Informática,Teclado Mecânico,3,243.25,0.0652,729.75,47.58,682.17,380.67,301.5,0.442,Rafael Costa,Loja Física,PIX,Concluída,3
VND-001455,2024-12-23,Dezembro,Segunda-feira,Norte,Pará,Belém,Esportes,Garrafa Térmica Esportiva,1,70.11,0.0404,70.11,2.83,67.28,26.7,40.58,0.6032,Beatriz Santos,Marketplace,PIX,Concluída,3
VND-001456,2024-12-24,Dezembro,Terça-feira,Sudeste,Minas Gerais,Belo Horizonte,Informática,Teclado Mecânico,3,238.01,0.0883,714.03,63.05,650.98,380.97,270.01,0.4148,Patrícia Gomes,Loja Física,Dinheiro,Concluída,3
VND-001457,2024-12-24,Dezembro,Terça-feira,Nordeste,Pernambuco,Olinda,Informática,Monitor 24,1,734.68,0.0854,734.68,62.74,671.94,486.14,185.8,0.2765,Ana Souza,Telefone,Boleto,Cancelada,
VND-001458,2024-12-24,Dezembro,Terça-feira,Sudeste,Minas Gerais,Uberlândia,Informática,Monitor 24,1,747.47,0.0341,747.47,25.49,721.98,502.04,219.94,0.3046,Juliana Rocha,Aplicativo,Cartão de Débito,Cancelada,
VND-001459,2024-12-24,Dezembro,Terça-feira,Norte,Rondônia,Porto Velho,Informática,Monitor 24,2,761.5,0.0332,1523,50.56,1472.44,994.18,478.26,0.3248,Lucas Martins,Aplicativo,PIX,Devolvida,2
VND-001460,2024-12-24,Dezembro,Terça-feira,Sul,Paraná,Maringá,Casa,Liquidificador,2,190.85,0.0565,381.7,21.57,360.13,180.88,179.25,0.4977,Juliana Rocha,Marketplace,Cartão de Débito,Concluída,4
VND-001461,2024-12-24,Dezembro,Terça-feira,Norte,Amazonas,Manaus,Informática,Mouse Sem Fio,5,60.28,0.1035,301.4,31.19,270.21,140.9,129.31,0.4786,Marcos Oliveira,Site,PIX,Concluída,3
VND-001462,2024-12-25,Dezembro,Quarta-feira,Sul,Paraná,Curitiba,Vestuário,Vestido Casual,2,150.42,0.0519,300.84,15.61,285.23,113.38,171.85,0.6025,Marcos Oliveira,Site,PIX,Concluída,4
VND-001463,2024-12-25,Dezembro,Quarta-feira,Sul,Santa Catarina,Blumenau,Esportes,Garrafa Térmica Esportiva,4,72.61,0.0248,290.44,7.2,283.24,103.8,179.44,0.6335,Camila Ferreira,Marketplace,PIX,Concluída,4
VND-001464,2024-12-25,Dezembro,Quarta-feira,Sul,Santa Catarina,Florianópolis,Escritório,Cadeira de Escritório,3,545.03,0.0767,1635.09,125.41,1509.68,989.4,520.28,0.3446,Beatriz Santos,Aplicativo,Cartão de Crédito,Concluída,3
VND-001465,2024-12-25,Dezembro,Quarta-feira,Sudeste,Espírito Santo,Vitória,Esportes,Bola de Futebol,2,89.34,0.1131,178.68,20.21,158.47,74.82,83.65,0.5279,Juliana Rocha,Site,PIX,Concluída,4
VND-001466,2024-12-25,Dezembro,Quarta-feira,Centro-Oeste,Mato Grosso,Cuiabá,Informática,Pen Drive 64GB,28,40.31,0.0428,1128.68,48.31,1080.37,620.77,459.6,0.4254,Bruno Alves,Site,Boleto,Em processamento,
VND-001467,2024-12-25,Dezembro,Quarta-feira,Sudeste,São Paulo,Sorocaba,Casa,Aspirador de Pó,2,399.98,0.0772,799.96,61.76,738.2,459.34,278.86,0.3778,Lucas Martins,Loja Física,Cartão de Crédito,Devolvida,3
VND-001468,2024-12-25,Dezembro,Quarta-feira,Nordeste,Bahia,Feira de Santana,Casa,Liquidificador,2,178.16,0.077,356.32,27.44,328.88,178.28,150.6,0.4579,Rafael Costa,Loja Física,Dinheiro,Concluída,4
VND-001469,2024-12-26,Dezembro,Quinta-feira,Nordeste,Ceará,Sobral,Vestuário,Calça Jeans,1,125.18,0.0651,125.18,8.15,117.03,49.67,67.36,0.5756,Beatriz Santos,Aplicativo,PIX,Concluída,2
VND-001470,2024-12-26,Dezembro,Quinta-feira,Nordeste,Bahia,Salvador,Vestuário,Jaqueta Corta-Vento,4,224.82,0.0805,899.28,72.39,826.89,449.96,376.93,0.4558,Fernanda Lima,Marketplace,Boleto,Concluída,3
VND-001471,2024-12-26,Dezembro,Quinta-feira,Nordeste,Ceará,Fortaleza,Esportes,Garrafa Térmica Esportiva,1,71.25,0.1085,71.25,7.73,63.52,27.7,35.82,0.5639,Patrícia Gomes,Marketplace,PIX,Cancelada,
VND-001472,2024-12-26,Dezembro,Quinta-feira,Sudeste,Espírito Santo,Vitória,Informática,Mouse Sem Fio,2,59.68,0.0724,119.36,8.64,110.72,50.46,60.26,0.5443,Fernanda Lima,Marketplace,Boleto,Concluída,4
VND-001473,2024-12-26,Dezembro,Quinta-feira,Sudeste,Rio de Janeiro,Duque de Caxias,Acessórios,Cinto de Couro,5,94.71,0.1073,473.55,50.81,422.74,161.55,261.19,0.6179,Carlos Pereira,Site,PIX,Concluída,3
VND-001474,2024-12-27,Dezembro,Sexta-feira,Sudeste,Espírito Santo,Vitória,Vestuário,Jaqueta Corta-Vento,3,219.4,0.0279,658.2,18.36,639.84,310.35,329.49,0.515,Rafael Costa,Site,Cartão de Crédito,Concluída,5
VND-001475,2024-12-27,Dezembro,Sexta-feira,Sudeste,Rio de Janeiro,Duque de Caxias,Escritório,Mesa para Computador,4,478.9,0.1257,1915.6,240.79,1674.81,1077.04,597.77,0.3569,Ana Souza,Marketplace,Cartão de Crédito,Devolvida,4
VND-001476,2024-12-27,Dezembro,Sexta-feira,Centro-Oeste,Goiás,Goiânia,Informática,Pen Drive 64GB,15,38.83,0.1377,582.45,80.2,502.25,288.15,214.1,0.4263,Lucas Martins,Marketplace,Cartão de Crédito,Concluída,4
VND-001477,2024-12-27,Dezembro,Sexta-feira,Sul,Rio Grande do Sul,Pelotas,Casa,Aspirador de Pó,4,411.25,0.0879,1645,144.6,1500.4,1001.76,498.64,0.3323,Carlos Pereira,Site,PIX,Concluída,4
VND-001478,2024-12-28,Dezembro,Sábado,Nordeste,Ceará,Sobral,Esportes,Tênis de Corrida,1,315.03,0.0646,315.03,20.35,294.68,163.42,131.26,0.4454,Diego Ribeiro,Aplicativo,PIX,Concluída,3
VND-001479,2024-12-28,Dezembro,Sábado,Nordeste,Pernambuco,Olinda,Vestuário,Camiseta Básica,1,55.83,0.0085,55.83,0.47,55.36,20.74,34.62,0.6254,Beatriz Santos,Site,Boleto,Concluída,3
VND-001480,2024-12-28,Dezembro,Sábado,Nordeste,Pernambuco,Recife,Esportes,Bola de Futebol,2,86.27,0.0594,172.54,10.25,162.29,71.96,90.33,0.5566,Juliana Rocha,Telefone,Dinheiro,Concluída,4
VND-001481,2024-12-28,Dezembro,Sábado,Sul,Rio Grande do Sul,Caxias do Sul,Eletrônicos,Smartphone X200,2,1782.15,0.0493,3564.3,175.72,3388.58,2440.96,947.62,0.2797,Carlos Pereira,Site,PIX,Concluída,4
VND-001482,2024-12-28,Dezembro,Sábado,Sul,Santa Catarina,Joinville,Acessórios,Óculos de Sol,4,184.8,0.087,739.2,64.31,674.89,245.48,429.41,0.6363,Beatriz Santos,Loja Física,Dinheiro,Concluída,4
VND-001483,2024-12-28,Dezembro,Sábado,Sudeste,Espírito Santo,Vila Velha,Casa,Air Fryer,2,346.62,0.0625,693.24,43.33,649.91,379.54,270.37,0.416,Rafael Costa,Site,PIX,Concluída,4
VND-001484,2024-12-28,Dezembro,Sábado,Sudeste,Rio de Janeiro,Niterói,Casa,Jogo de Cama Queen,2,164.97,0.0617,329.94,20.36,309.58,129.44,180.14,0.5819,Patrícia Gomes,Marketplace,Cartão de Crédito,Concluída,3
VND-001485,2024-12-28,Dezembro,Sábado,Sul,Paraná,Curitiba,Esportes,Bola de Futebol,1,92.63,0.1022,92.63,9.47,83.16,38.75,44.41,0.534,Camila Ferreira,Site,Cartão de Crédito,Concluída,3
VND-001486,2024-12-28,Dezembro,Sábado,Sul,Santa Catarina,Florianópolis,Eletrônicos,Smartphone X200,2,1747.54,0.0622,3495.08,217.39,3277.69,2491.52,786.17,0.2399,Fernanda Lima,Loja Física,Cartão de Crédito,Concluída,4
VND-001487,2024-12-29,Dezembro,Domingo,Sudeste,Minas Gerais,Belo Horizonte,Vestuário,Camiseta Básica,2,56.12,0.0485,112.24,5.44,106.8,37.12,69.68,0.6524,Ana Souza,Loja Física,Dinheiro,Concluída,4
VND-001488,2024-12-29,Dezembro,Domingo,Centro-Oeste,Mato Grosso,Várzea Grande,Vestuário,Blusa de Frio,4,114.45,0.1108,457.8,50.72,407.08,193.8,213.28,0.5239,Bruno Alves,Loja Física,Cartão de Crédito,Concluída,3
VND-001489,2024-12-29,Dezembro,Domingo,Sudeste,São Paulo,São Paulo,Esportes,Garrafa Térmica Esportiva,6,71.42,0.1119,428.52,47.95,380.57,162.12,218.45,0.574,Beatriz Santos,Aplicativo,Cartão de Débito,Concluída,4
VND-001490,2024-12-29,Dezembro,Domingo,Norte,Pará,Ananindeua,Acessórios,Óculos de Sol,1,181.35,0.0565,181.35,10.25,171.1,66.42,104.68,0.6118,Lucas Martins,Site,PIX,Concluída,5
VND-001491,2024-12-30,Dezembro,Segunda-feira,Sudeste,Rio de Janeiro,Duque de Caxias,Vestuário,Camiseta Básica,3,54.08,0.0445,162.24,7.22,155.02,58.71,96.31,0.6213,Beatriz Santos,Aplicativo,Cartão de Crédito,Concluída,3
VND-001492,2024-12-30,Dezembro,Segunda-feira,Sudeste,São Paulo,Sorocaba,Vestuário,Blusa de Frio,2,120.85,0.1089,241.7,26.32,215.38,101.86,113.52,0.5271,Beatriz Santos,Loja Física,Dinheiro,Concluída,4
VND-001493,2024-12-30,Dezembro,Segunda-feira,Sudeste,Espírito Santo,Vitória,Informática,Pen Drive 64GB,2,38.43,0.0133,76.86,1.02,75.84,39.04,36.8,0.4852,Marcos Oliveira,Loja Física,Cartão de Débito,Concluída,4
VND-001494,2024-12-30,Dezembro,Segunda-feira,Nordeste,Ceará,Sobral,Vestuário,Blusa de Frio,3,119.53,0.0358,358.59,12.84,345.75,144.84,200.91,0.5811,Bruno Alves,Loja Física,Cartão de Crédito,Concluída,5
VND-001495,2024-12-30,Dezembro,Segunda-feira,Nordeste,Bahia,Salvador,Acessórios,Carteira de Couro,1,138.92,0.0343,138.92,4.76,134.16,55.65,78.51,0.5852,Marcos Oliveira,Site,PIX,Concluída,4
VND-001496,2024-12-30,Dezembro,Segunda-feira,Norte,Rondônia,Ji-Paraná,Vestuário,Calça Jeans,5,136.47,0.038,682.35,25.93,656.42,273.45,382.97,0.5834,Carlos Pereira,Loja Física,Cartão de Crédito,Concluída,5
VND-001497,2024-12-31,Dezembro,Terça-feira,Norte,Rondônia,Porto Velho,Escritório,Cadeira de Escritório,1,555.39,0.0996,555.39,55.32,500.07,340.23,159.84,0.3196,Ana Souza,Aplicativo,PIX,Concluída,5
VND-001498,2024-12-31,Dezembro,Terça-feira,Sul,Santa Catarina,Blumenau,Casa,Aspirador de Pó,4,390.29,0.0869,1561.16,135.66,1425.5,933.4,492.1,0.3452,Ana Souza,Site,Cartão de Débito,Concluída,4
VND-001499,2024-12-31,Dezembro,Terça-feira,Nordeste,Paraíba,João Pessoa,Acessórios,Óculos de Sol,2,175.29,0.0406,350.58,14.23,336.35,129.36,206.99,0.6154,Rafael Costa,Aplicativo,Cartão de Crédito,Concluída,4
VND-001500,2024-12-31,Dezembro,Terça-feira,Norte,Amazonas,Manaus,Casa,Aspirador de Pó,1,390.86,0.0954,390.86,37.29,353.57,217.25,136.32,0.3856,Marcos Oliveira,Loja Física,Cartão de Crédito,Concluída,4
